TIME,A,Bb,B,C,C#,D,Eb,E,F,F#,G,Ab
0.000000000,0.000542015,1.31445,0.124035,0.133087,2.03754,0.596721,1.22841,0.589726,0.030995,0.130445,0.388527,0.531872
0.046439909,0.000552186,1.35563,0.122594,0.286392,1.85633,1.0666,1.03019,0.644344,0.0970226,0.0740748,0.284651,0.293186
0.092879819,0.00432719,1.25618,0.177958,0.493304,1.6758,1.30156,1.20987,0.636502,0.288517,0.0850255,0.264691,0.222559
0.139319728,0.0190185,1.36807,0.132025,0.632208,2.36383,0.694648,1.10799,0.52763,0.295828,0.35133,0.238789,0.0112366
0.185759637,0.0460619,1.16341,0.182057,0.515631,2.76679,0.0226487,0.851623,0.686611,0.222,0.547847,0.373888,0.0191522
0.232199546,0.314997,0.982394,0.0983155,0.286335,2.93055,0.0195015,0.277353,0.849015,0.02634,0.683494,0.609026,0.078949
0.278639456,0.293972,1.02574,0.0214027,0,2.86606,0.0150949,0.138506,0.785015,0.0250861,0.731086,0.662493,0.381369
0.325079365,0.0404683,0.865485,0.050213,0.197338,2.35011,0.655933,0.21845,0.973061,0.0264037,0.65635,0.201286,0.775128
0.371519274,0.0348125,0.713038,0.0936982,0.408254,2.32666,1.56306,0.382238,0.793283,0.0264321,0.537896,0.034614,0.899555
0.417959184,0.092887,0.823933,0.100668,0.167441,2.38801,1.71769,0.508228,0.615362,0.0217675,0.50162,0.312829,0.985394
0.464399093,0.000465128,1.05865,0.0872882,0.028481,2.82302,1.49078,0.60372,0.440982,0.0168374,0.465306,0.478829,0.935953
0.510839002,0.0187849,1.32264,0.0464185,0.208554,3.24729,0.84201,0.531857,0.522711,0.0136317,0.471949,0.544964,0.792958
0.557278912,0.0128026,1.22238,0.0800662,0.112547,3.20895,0.47154,0.351053,0.78317,0.0101693,0.483081,0.394886,0.767441
0.603718821,0.121156,0.996348,0.366486,0.0780093,2.91156,0.615796,0.103052,0.881924,0.00546802,0.446463,0.0154224,0.858738
0.650158730,0.458141,0.768742,0.470254,0.0678651,2.52185,0.499982,0.0696447,0.504624,0.475637,0.649075,0.0127646,0.827194
0.696598639,0.60733,0.194322,0.193728,0.00185045,2.39761,1.1332,0.0773725,0.571839,1.20535,0.598451,0.0358155,0.667267
0.743038549,0.42045,0.0740203,0.0631205,0.0634997,2.3637,1.29902,0.0898083,0.599634,1.13049,0.523874,0.102778,0.588796
0.789478458,0.120584,0.48236,0.148096,0,2.58904,1.01616,0.0148575,0.62923,0.396533,0.461633,0.233275,0.78691
0.835918367,0.0212067,0.738373,0.184088,0,3.05695,0.352622,9.33607e-06,0.677751,0.0980476,0.189058,0.312798,0.664366
0.882358277,0.0518421,0.885294,0.137119,0,3.3032,0.0622549,0.0169535,0.773328,0.274527,0.619109,0.0701128,0.577645
0.928798186,0.0725034,0.788941,0.16306,0.0143635,3.2019,0.126944,0.13303,0.750335,0.37729,0.589239,0.083972,0.663327
0.975238095,0.0490302,0.592938,0.174526,0.202578,2.87905,0.376631,0.49089,0.582348,0.385912,0.413007,0.029313,0.697188
1.021678005,0.033253,0.293559,0.221103,0.120201,2.49553,0.547226,0.78779,0.238189,0.330156,0.062321,0,0.926921
1.068117914,0.605105,0.193768,0.556225,0,2.27003,0.392642,0.715265,0.196158,0.339562,0,0.00265106,1.31113
1.114557823,0.868445,0.169413,0.780168,0.0452367,1.8867,0.28679,0.560787,0.343114,0.650987,0,0,1.8578
1.160997732,0.908268,0.180102,0.679054,0.0175634,1.68493,0.417303,0.285964,0.55921,0.749177,0.00237837,0.0447148,1.80365
1.207437642,1.08261,0.164752,0.144352,0.0247657,1.81883,0.389357,0.0283097,0.713874,0.793613,0,0,1.31821
1.253877551,0.992085,0.162827,0.266781,0.0351436,2.49454,0.0319726,0.000537524,0.810599,0.819113,0,0.0363704,1.00171
1.300317460,0.422378,0.16644,0.290868,0.0208055,3.00534,0,0,0.887167,0.953101,0,0,1.18566
1.346757370,0.183536,0.0551655,0.243128,0.00971458,3.14678,0.00208963,0,0.899687,1.04222,0.0629669,0,1.20668
1.393197279,0.00527585,0.134774,0.24696,0.0124108,3.21859,0.0132408,0.003307,0.914008,1.13269,0.103963,0,1.17692
1.439637188,0.022598,0.199569,0.218861,0.0150701,3.23443,0.0559629,0.000854791,0.889721,1.02461,0.151667,0.0287961,1.176
1.486077098,0.0519646,0.198221,0.153466,0.0199522,3.22815,0,0,0.881221,0.69625,0.260351,0.0638383,1.28754
1.532517007,0.0203826,0.161949,0.0872612,0.00708429,2.89058,0,0,0.881134,0.663597,0.604542,0.0258547,1.40658
1.578956916,0.155352,0.176814,0.125778,0.00792441,2.9173,0.0158615,0,0.846981,0.754947,0.414523,0.0210183,1.26906
1.625396825,0.17491,0.101926,0.217936,0,3.10971,0.00743178,0,0.764944,0.970053,0.102383,0.0175785,1.22539
1.671836735,0.216246,0.0495044,0.279903,0.0109189,3.16742,0.0147542,0,0.786318,1.01928,0.0201333,0,1.22622
1.718276644,0.238778,0.0451241,0.295871,0.0323719,3.17635,0.00707669,0,0.874096,0.986373,0.0705746,0,1.22631
1.764716553,0.0335703,0.0616924,0.25927,0.0376152,3.24593,0,0,0.917297,0.799332,0.145831,0,1.35585
1.811156463,0.000563614,0.0688454,0.142351,0.0151748,3.19525,0,0,0.942244,0.656214,0.244722,0,1.31071
1.857596372,0.0080504,0.193731,0.142949,0,2.81071,0,0,0.955744,0.700632,0.751132,0.000586538,1.34722
1.904036281,0.0847344,0.173513,0.227198,0,2.67826,0,0,0.954167,0.815963,0.511221,0.159149,1.58437
1.950476190,0.168629,0.118512,0.210464,0.0136608,2.77891,0,0,0.947992,0.81071,0.409729,0.390688,1.45797
1.996916100,0.138533,0.431054,0.24342,0.0311654,2.90412,0,0,0.934107,0.724352,0.421273,0.37824,1.19483
2.043356009,0.317715,0.48449,0.261717,0.00956886,2.95216,0,0,0.912357,0.723904,0.329828,0,1.13379
2.089795918,0.448573,0.291254,0.264461,0,3.15684,0,0,0.908884,0.695821,0.175638,0,1.34048
2.136235828,0.380861,0.0495809,0.242177,0.00496293,3.28381,0,0,0.911301,0.531982,0.15341,0,1.30963
2.182675737,0.153946,0.0887318,0.246905,0.0118787,3.26888,0.118287,0,0.953093,0.477792,0.251919,0,1.1794
2.229115646,0.0853864,0.0735472,0.376728,0.0110937,3.17099,0.194356,0,0.949904,0.386669,0.514466,0,1.10198
2.275555556,0.0701374,0.0527051,0.443526,0.00771065,3.12216,0.28975,0,0.957126,0.565779,0.460588,0,0.997271
2.321995465,0.0578005,0.163332,0.3676,0.0143175,2.89833,0.358155,0,0.952636,0.842136,0.349313,0,0.97232
2.368435374,0.105074,0.226242,0.287661,0.00977942,2.82704,0.23574,0,0.953006,0.87652,0.361119,0,1.03603
2.414875283,0.0658952,0.251048,0.309589,0.0067855,2.90559,0.223923,0,0.94732,0.853899,0.44762,0,1.03214
2.461315193,0.0407496,0.210031,0.317727,0.0067896,3.0483,0,0,0.940413,0.69652,0.573137,0.0209795,0.931323
2.507755102,0.0037207,0.195195,0.247704,0.0169175,3.02087,0,0,0.956138,0.574519,0.57835,0.149682,0.921027
2.554195011,0.000289047,0.173307,0.157841,0.01515,2.83574,0,0.0094608,0.980555,0.556035,0.333896,0.219807,1.31871
2.600634921,0.105062,0.199151,0.120218,0.00916045,2.82578,0,0.0142538,1.00713,0.559536,0.427143,0.0815293,1.39585
2.647074830,0.151328,0.214327,0.0440688,0.0107277,3.01725,0,0,1.02042,0.214274,1.30548,0,1.12814
2.693514739,0.379555,0.21713,0.0543937,0.0097392,2.97666,0,0,0.993306,0.0756972,1.78773,0.0590716,0.865023
2.739954649,0.454033,0.214316,0.159014,0.00702853,2.8191,0.00667788,0,0.94214,0.0782182,2.01919,0.152979,0.72135
2.786394558,0.503069,0.188825,0.233258,0.0102063,2.80327,0.0146346,0,0.734878,0.0182753,2.28879,0.0460686,0.848729
2.832834467,0.456512,0.126511,0.388117,0.0115727,2.78145,0.0169057,0,0.379289,0.0587258,2.74441,0,0.984719
2.879274376,0.279741,0.0673263,0.43615,0.00981855,3.10273,0.0106923,0,0.071703,0.0877705,2.96765,0.00223924,0.776071
2.925714286,0.24654,0.156977,0.333411,0.0112021,3.33244,0.000929063,0.00773725,0.0333862,0.0688179,2.97686,0.00635322,0.723208
2.972154195,0.189713,0.220449,0.208056,0.0133733,3.45046,0,0.0224371,0.0455891,0.034187,2.82486,0.00405322,0.804129
3.018594104,0.122448,0.2329,0.139354,0.014732,3.6579,0,0.026664,0.0622001,0.0374371,2.34011,0.205403,0.934946
3.065034014,0.0918031,0.17323,0.132379,0.015634,3.84456,0,0.0670487,0.0453276,0.0542903,1.8967,0.391174,1.17822
3.111473923,0.095757,0.0794021,0.18318,0.00918579,3.84765,0.000575592,0.171389,0.0393616,0.0522872,1.84562,0.203886,1.19911
3.157913832,0.238368,0.0450114,0.197983,0.00687897,3.73983,0.000970833,0.148071,0.0465209,0.157419,1.74853,0,1.24223
3.204353741,0.263692,0.0902133,0.144612,0.0045721,3.81471,0,0.0708457,0.0537031,0.263842,1.64092,0,1.26573
3.250793651,0.211119,0.15383,0.19057,0.00820982,3.84642,0,0.0824443,0.0414832,0.238734,1.43726,0,1.1539
3.297233560,0.187323,0.112008,0.232829,0.0116363,3.80239,0,0.0865523,0.0365344,0.136943,1.18934,0,1.43517
3.343673469,0.172878,0.178311,0.17635,0.0111187,3.78872,0,0.0837824,0.061573,0.181337,0.936749,0.128828,1.67846
3.390113379,0.0784383,0.190938,0.162364,0.0139821,3.73817,0,0.103506,0.059513,0.103637,0.646687,0.169825,1.88979
3.436553288,0.000790861,0.181907,0.17015,0.0130159,3.62119,0.00197409,0.315106,0.0695865,0.0358506,0.370079,0.16557,2.21863
3.482993197,0.0030351,0.133262,0.194888,0.00839397,3.48017,0.0020509,0.371936,0,0.0278733,0.319694,0.137318,2.49523
3.529433107,0.0133067,0.154253,0.168557,0.00949995,3.40342,0.00428977,0.387229,0,0,0.379637,0,2.49379
3.575873016,0.229692,0.203944,0.113055,0.0161549,3.4567,0,0.421279,0,0,0.397258,0,2.26475
3.622312925,0.448054,0.136622,0.0730752,0.013132,3.42045,0,0.485498,0,0.271962,0.46747,0,2.14929
3.668752834,0.561605,0.0397504,0.0809196,0.0088992,3.4641,0,0.494696,0.0222431,0.723041,0.394456,0,1.91802
3.715192744,0.74401,0.129555,0.19248,0.0101809,3.48736,0.0302713,0.411512,0.00189185,0.591527,0.286953,0,1.87334
3.761632653,0.598253,0.133777,0.238238,0.00405552,3.41537,0.22089,0.271351,0.00160038,0.0858799,0.271827,0.253335,1.97402
3.808072562,0.471896,0.168719,0.158709,0.00960521,3.61914,0.25887,0.14739,0.0121411,0.0488649,0.0900613,0.591622,1.94409
3.854512472,0.385495,0.179373,0.14793,0.0147432,3.78669,0.0776584,0.129166,0.0338123,0,0.0813681,0.572497,1.94076
3.900952381,0.392145,0.169577,0.177505,0.0135647,3.68297,0.0239984,0.217379,0.0294687,0,0.318603,0.291024,1.97069
3.947392290,0.358985,0.197232,0.159027,0.0117993,3.66624,0.0166684,0.188829,0.0198542,0,0.439925,0.134171,1.97234
3.993832200,0.403704,0.222254,0.0963072,0.00977306,3.63614,0.0144749,0.0906516,0.0418495,0,0.501523,0.00883381,2.01953
4.040272109,0.445944,0.204396,0.153404,0.0130595,3.42164,0.0383407,0.10708,0.0595777,0,0.720947,0,2.0425
4.086712018,0.50563,0.132461,0.194696,0.01503,3.53293,0,0.0839154,0.0430102,0.0163405,0.911201,0,1.7519
4.133151927,0.397981,0.106376,0.160332,0.0115245,3.53952,0.0184738,0.0944398,0.0332994,0.0422293,0.924896,0,1.59248
4.179591837,0.330694,0.154892,0.158593,0.0143445,3.42567,0.00731861,0.0855317,0.0345346,0.0411194,0.720445,0.0730701,1.70241
4.226031746,0.158086,0.133785,0.213628,0.013974,3.6361,0.0129538,0.0839206,0.0298853,0.0354047,0.234409,0.196773,1.95482
4.272471655,0.10283,0.0770843,0.237629,0.0133706,3.85154,0.00157421,0.10879,0.0160761,0.119976,0.146436,0,1.99066
4.318911565,0.36912,0.086737,0.269595,0.015038,3.6198,0,0.0853937,0,0.125645,0.594705,0,2.00194
4.365351474,0.469458,0.172812,0.276583,0.00915599,3.44206,0.0696381,0.0883559,0,0.0375845,0.816131,0,2.04083
4.411791383,0.608369,0.16484,0.277211,0.00546162,3.6476,0.0904223,0.0882288,0.197895,0.0186854,1.33478,0,1.7378
4.458231293,0.687523,0.174207,0.232845,0.00848215,3.71126,0.115451,0.0934867,0.035359,0.0692602,1.71263,0,1.1762
4.504671202,0.557341,0.196998,0.210392,0.00796511,3.37783,0.186992,0.0940229,0,0,2.19986,0.0165909,0.631881
4.551111111,0.324059,0.212413,0.22225,0.00667134,2.87793,0.390193,0.0413168,0.00264288,0,2.36331,0.0464737,0.618011
4.597551020,0.488392,0.197896,0.147039,0.0146856,3.36162,0.122084,0,0.00222433,0,2.33274,0.0210767,0.468665
4.643990930,0.644644,0.186811,0.157628,0.0127489,3.63654,0.00255428,0.0113998,0.0202678,0.000723479,2.3194,0.0505525,0.50403
4.690430839,0.774495,0.187461,0.237061,0.0163321,3.835,0,0,0.278599,0.0597227,2.14687,0.0870781,0.373602
4.736870748,0.99507,0.141843,0.2262,0.0110292,3.86812,0.00421503,0,0.404387,0.0851144,2.20059,0.0758012,0.356691
4.783310658,1.15615,0.143675,0.14145,0.00967797,3.94534,0.00810586,0,0.365794,0,2.02,0.0410637,0.644983
4.829750567,1.16364,0.195118,0.0786564,0.00922046,3.89507,0.111556,0,0.182517,0,1.98058,0,0.962843
4.876190476,0.928006,0.171258,0.0617596,0,3.64494,0.344303,0.00188537,0.190472,0.0493152,1.92638,0.0513096,1.19457
4.922630385,0.924177,0.149829,0.143548,0,3.46244,0.479118,0,0.160903,0.0998414,1.54757,0.272686,1.3974
4.969070295,1.05645,0.0978108,0.211474,0,3.32509,0.396773,0,0.0301722,0.319486,0.968189,0.162033,1.75179
5.015510204,1.17092,0.112873,0.219505,0.0143761,3.36501,0.267642,0,0.150692,0.433265,0.513387,0,1.91662
5.061950113,1.13362,0.163952,0.14905,0.0130935,3.37257,0.116215,0,0.288512,0.527318,0.450109,0,2.09628
5.108390023,1.0044,0.157385,0.0662203,0.0155982,3.87343,0.00135565,0,0.253718,0.35781,0.468441,0,2.0903
5.154829932,0.932011,0.052525,0.0749158,0.0047316,4.31019,0,0,0.0996618,0.264367,0.375516,0,1.92701
5.201269841,0.96407,0.0499589,0.0993472,0,4.35629,0,0.0563804,0.0414616,0.403278,0.323035,0.221978,1.80006
5.247709751,0.904705,0.0417321,0.151541,0,4.44474,0,0.211153,0.0125872,0.465719,0.00726774,0.294369,1.80109
5.294149660,0.822778,0.0173409,0.137553,0,4.37411,0,0.0052017,0.0291665,0.209272,0.697159,0.249525,1.78539
5.340589569,0.900347,0.00963169,0.194114,0,4.16079,0,0.00296931,0.0245312,0.0153161,1.83721,0.0638809,1.36471
5.387029478,0.899283,0.159208,0.181869,0.00545254,3.75855,0,0.0106845,0.0122071,0,2.21887,0.0511125,0.779992
5.433469388,0.868211,0.202314,0.195074,0.0705624,3.5828,0.003322,0.0446818,0.0320316,0,2.28366,0.00617903,0.387307
5.479909297,0.763652,0.197225,0.239706,0,3.64223,0.0165209,0.0632969,0.0600455,0.0227738,2.12802,0,0.313083
5.526349206,0.766339,0.183391,0.25017,0.00241031,3.82772,0.00354074,0.0365412,0.0756999,0.173229,2.14833,0.131045,0.309067
5.572789116,0.65396,0.177263,0.251695,0.00165537,3.82103,0.00192111,0,0.204419,0.197217,2.15531,0.166434,0.401288
5.619229025,0.729636,0.130528,0.21069,0,3.88209,0.00169758,0,0.238165,0.0818716,2.13804,0.104916,0.596726
5.665668934,0.892987,0.12656,0.108534,0,3.99173,0.000982063,0.0196538,0.226814,0.0650753,2.06406,0.0612177,0.821944
5.712108844,0.967529,0.0759171,0.0649063,0,3.95656,0.0829722,0.0259787,0.205294,0.0605278,1.8905,0,1.09775
5.758548753,0.975095,0.00517495,0.0956652,0,3.68473,0.368856,0.000676814,0.17738,0.0650884,1.78969,0,1.43974
5.804988662,1.08322,0.0188394,0.175195,0,3.26128,0.737373,0.00935977,0.0578667,0.0366391,1.60785,0.0506955,1.62347
5.851428571,1.02395,0.0558138,0.192812,4.0318e-05,2.80559,0.812457,0.00843884,0.139089,0.323736,1.05895,0.228689,1.81252
5.897868481,0.951635,0.129527,0.197955,0.000194784,3.03562,0.598248,0.00185714,0.145118,0.491849,0.419555,0.229961,1.91103
5.944308390,0.849289,0.167085,0.189347,0,3.23965,0.2742,0,0.23387,0.495941,0.373761,0.114859,2.08991
5.990748299,0.929681,0.0629836,0.139143,0,3.5998,0.0897075,0.00481388,0.265141,0.270888,0.376725,0,2.20086
6.037188209,0.947497,0.00444989,0.126193,0,4.19598,0,0.00408035,0.114932,0.306491,0.368976,0.0192297,1.9291
6.083628118,0.836534,0.00422821,0.134274,0,4.34632,0.0921159,0,0.0792876,0.390041,0.280862,0.166778,1.78042
6.130068027,0.634373,0.0856332,0.146885,0.000981502,4.42973,0.288979,0,0.0520571,0.498797,0,0.225597,1.77871
6.176507937,0.230165,0.205415,0.128988,0,4.33944,0,0.0203322,0.0534954,0.16108,0.701183,0.426545,1.83251
6.222947846,0.125397,0.000974985,0.151681,0.122661,3.71033,0.0116218,0.00893803,0.322229,0.570918,2.18534,0.188539,1.53047
6.269387755,0.288413,0.00181626,0.0546598,0.229802,3.29281,0.00171186,0.360128,0.378875,0.550636,2.41648,0.0317704,1.01446
6.315827664,0.407833,0.00246081,0.10328,0.280341,2.77007,0.00352048,0.563696,0.222538,0.611662,2.24339,0,0.844629
6.362267574,0.373912,0.00155825,0.214912,0.110943,2.75292,0.00276538,0.710726,0.491677,0.573887,2.1483,0,0.72094
6.408707483,0.30337,0,0.230363,0.0218354,3.13504,0,0.914121,0.669827,0.434452,2.12004,0,0.568007
6.455147392,0.480179,0,0.139616,0.0193593,3.29622,0,0.961708,0.491738,0.43567,2.08777,0,0.580295
6.501587302,0.438625,0,0.194134,0.0172469,3.22216,0,0.930384,0.46532,0.475881,1.96231,0.0848661,0.791132
6.548027211,0.345375,0.079445,0.16056,0.0178147,3.27962,0.044582,0.752683,0.173807,0.63545,1.91755,0.111204,1.04915
6.594467120,0.353759,0.0031137,0.0401978,0.118335,3.48572,0.0197108,0.781885,0.428643,0.493587,1.94572,0,1.07332
6.640907029,0.409152,0.00224476,0.00441576,0.110577,3.5345,0.152868,0.889765,0.654376,0.373715,1.82791,0,1.08905
6.687346939,0.732178,0.0124281,0.0529762,0.014231,3.0761,0.284189,0.962764,0.516477,0.53166,1.49542,0.198754,1.27715
6.733786848,0.61103,0.0661966,0.227841,0.0169282,2.40199,0.30743,0.863954,0.326478,0.873786,0.785093,0.231194,1.86152
6.780226757,0.423641,0.17778,0.20121,0.0203622,2.26894,0.248393,0.720497,0.289811,1.1508,0.065784,0.0976629,2.2858
6.826666667,0.410418,0.120576,0.114623,0.0553111,2.58911,0.0234135,0.760859,0.719391,1.05545,0.0100308,0,2.16541
6.873106576,0.124863,0,0.13239,0.0162167,2.70656,0.23521,0.818886,0.680685,1.04183,0,0,2.28972
6.919546485,0.29756,0.323453,0.148952,0.0157242,2.90656,0,0.795017,0.555903,1.00736,0,0.233255,2.11737
6.965986395,0.242497,0.453373,0.170564,0.0203187,3.02293,0.031953,0.68418,0.18107,1.16467,0.0042663,0.29862,2.21372
7.012426304,0.188585,0.45907,0.0766599,0.0230464,3.25248,0.0363365,0.707352,0.304649,1.17532,0,0.10452,2.16077
7.058866213,0.16172,0.263532,0.030756,0.0204219,3.56625,0,0.84541,0.642959,0.923245,0.13717,0,1.93152
7.105306122,0.245259,0,0.0573625,0.0181076,3.52547,0,0.871611,0.483467,0.559155,1.52716,0,1.78908
7.151746032,0.370874,0.0128131,0.169604,0.121866,2.61558,0,1.08232,0.513111,0.549513,1.99069,0.246516,1.30908
7.198185941,0.336931,0.183713,0.176611,0.196708,1.58213,0.0349874,1.1587,0.223879,0.678977,2.0897,0.631961,0.898614
7.244625850,0.309052,0.319699,0.114636,0.131365,1.60062,0.0387776,1.17858,0.397031,0.632741,2.10582,0.680578,0.352096
7.291065760,0.2741,0.132029,0.173471,0.0811544,2.02129,0.0287471,1.14992,0.659203,0.51822,2.17488,0.410478,0.592116
7.337505669,0.471852,0.0936957,0.0623039,0.336602,2.06621,0.00112849,1.4973,0.50598,0.559721,2.17902,0.55833,0.407657
7.383945578,0.450646,0.26958,0.0965752,0.410599,1.51728,0.0141099,1.65536,0.444338,0.704317,2.10007,0.679095,0.152428
7.430385488,0.407187,0.532356,0.0578445,0.228093,1.59426,0.0205416,1.64834,0.226257,0.706754,2.06873,0.763767,0.224797
7.476825397,0.34987,0.646248,0.0125154,0.0801477,1.9618,0.0313727,1.49705,0.566919,0.661128,1.99432,0.677524,0.451737
7.523265306,0.246918,0.367222,0.0984098,0.0557786,2.00586,0.36234,1.25888,0.660326,0.437942,1.70864,0.838167,0.795622
7.569705215,0.569421,0.549754,0.0827228,0.425927,0.894892,0.668982,1.64472,0.516546,0.575551,0.84767,0.84048,0.908443
7.616145125,0.535918,0.579427,0.119468,0.4108,0.601961,0.653,1.8284,0.373345,1.16541,0.347497,0.807477,0.908585
7.662585034,0.473002,0.845701,0.0707142,0.246045,0.818146,0.475208,1.7334,0.239663,1.35707,0.105854,0.869293,1.06132
7.709024943,0.430846,0.990072,0.0185611,0.181956,1.25974,0.211491,1.55313,0.637441,1.20732,0.138425,0.694334,1.10393
7.755464853,0.241308,0.656897,0.123292,0.147807,2.32601,0.249291,1.1075,0.783473,1.01169,0.235328,0.200788,1.54857
7.801904762,0.0975016,0.155032,0.176249,0.299492,2.76724,0.71375,0.999963,0.569811,0.907681,0,0,2.21741
7.848344671,0.0941928,0.380532,0.0943712,0.437944,3.44386,0.519314,0.961243,0.37371,1.04193,0,0.00238249,2.07939
7.894784580,0.140985,0.462847,0.0577765,0.183112,4.06346,0.0891585,0.949637,0.318696,0.916756,0,0,1.79989
7.941224490,0.121562,0.518152,0.106497,0,4.21597,0.0103107,0.459204,0.442908,0.754231,0,0.00425867,1.73331
7.987664399,0.121108,0.88049,0.00382985,0,2.78048,0,1.09308,0.537461,0.943743,0.259702,0.70687,2.34485
8.034104308,0.291156,0.826894,0.00592625,0.141617,1.95631,0,1.80709,0.356674,1.2993,0.203275,0.920232,1.62826
8.080544218,0.377092,0.89479,0.118283,0.169064,1.72937,0,2.17223,0.18879,1.30025,0.0316907,0.884123,1.0335
8.126984127,0.38036,1.04721,0.134903,0.104515,1.52831,0,2.37472,0.445443,1.14394,0.0668466,0.794729,0.83969
8.173424036,0.329382,1.00828,0.26031,0.12234,1.24173,0.037055,2.54121,0.723826,0.999631,0.196851,0.601266,0.670173
8.219863946,0.157288,0.910541,0.399253,0.253312,1.10937,0.407782,2.45811,0.921165,0.815752,0.230116,0.344422,0.33933
8.266303855,0.339816,0.809538,0.102236,0.700712,0.73654,0.620851,2.12598,1.0217,1.08624,0,0.418871,0.402131
8.312743764,0.68709,0.81999,0.0162987,0.740594,0.0718101,0.450075,1.36335,1.28119,0.908184,0.114477,0.424585,0.551765
8.359183673,0.73351,0.886062,0.0258888,0.629202,0.208288,0.752473,1.16938,1.38908,0.473755,0.168443,0.328009,0.457408
8.405623583,0.402923,1.14782,0.305866,0.186213,0.118354,0.135171,1.31773,1.40507,0.444644,0.163548,0.70115,0.318161
8.452063492,0.284304,0.907824,0.632019,0.0176727,0.17939,0.0501609,1.34181,1.41566,0.521533,0,0.799392,0.283297
8.498503401,0.284324,1.0743,0.535379,0.0189899,0.477179,0.0257604,1.39485,1.40655,0.365762,0,0.78169,0.223575
8.544943311,0.250113,1.23906,0.493598,0.021813,0.666218,0.00822809,1.43664,1.33456,0.254922,0,0.86689,0.232506
8.591383220,0.198674,1.43867,0.389624,0.132274,0.769129,0,1.62378,1.41942,0.0649324,0,0.826208,0.248955
8.637823129,0.203452,1.39047,0.43824,0.267049,0.800965,0,1.56869,1.49246,0.0215901,0.211666,0.890469,0.459396
8.684263039,0.249889,1.42071,0.504471,0.224122,0.79851,0.00351039,1.27852,1.76487,0.0276718,0.460732,0.490711,0.424685
8.730702948,0.191426,1.59716,0.620492,0,0.807672,0.298264,0.82801,2.00519,0.00593321,0.26343,0.721699,0.122339
8.777142857,0.67269,1.31667,0.674076,0.00708752,0.573422,0.26414,0.716913,1.67552,0.240669,0.00159928,1.19636,0.371583
8.823582766,0.621365,1.38604,0.701526,0.189039,0.26433,0,0.611463,1.7858,0.267017,0.048704,1.0604,0.280579
8.870022676,0.340972,1.24671,0.663487,0.0763079,0.350756,0.178758,1.05184,2.12882,0.374201,0.0360988,0.832796,0.183631
8.916462585,0.413484,1.55234,0.69089,0.185971,0.214927,0.154227,1.25794,2.05054,0.559321,0,0.780215,0.0433266
8.962902494,0.33671,1.92988,0.28659,0.185301,0.10907,0.381022,1.09008,1.83629,0.62127,0.0485368,0.953211,0
9.009342404,0.00195098,1.71267,0.220741,0.217263,0.286733,0.64652,1.01356,1.44362,0.528942,0.0789637,1.11774,0.072076
9.055782313,0.151388,1.18738,0.584501,0.266689,0.501688,0.791507,0.984389,1.2242,0.706428,0,1.03915,0.261353
9.102222222,0.415109,0.974411,0.320338,0.250804,0.388388,0.649274,0.681573,1.42544,1.30894,0,0.900265,0.254162
9.148662132,0.744992,0.764354,0.205556,0.686658,0.453625,0.777372,0.804729,1.46306,1.43869,0.0507129,0.524076,0.259369
9.195102041,0.640445,0.656247,0.126032,0.685918,0.542712,0.752264,0.884074,1.29028,1.43532,0.160756,0.558599,0.251949
9.241541950,0.472388,0.988618,0.2021,0.5079,0.708027,0.858422,0.810005,1.08711,1.28777,0.105735,0.496028,0.293645
9.287981859,0.228521,1.47467,0.246055,0.273781,0.820914,1.04326,0.892502,1.14189,1.05051,0.198389,0.392828,0.176766
9.334421769,0.139069,1.62671,0.401508,0.0345409,0.617939,0.907361,1.13253,1.42165,0.602791,0.123101,0.769408,0
9.380861678,0.138415,1.20946,0.529328,0.0204453,0.421329,0.329094,1.46837,1.4136,0.361018,0.164017,0.846477,0.0660675
9.427301587,0.104904,1.25796,0.551076,0.0179638,0.666213,0,1.55858,1.46244,0.26174,0.167732,0.870688,0.0919859
9.473741497,0.150836,1.17724,0.433532,0.0177145,0.719925,0,1.70369,1.5135,0.176124,0.141208,0.705377,0.102294
9.520181406,0.372238,1.20253,0.479412,0.196724,0.686808,0.00661975,1.74477,1.44291,0.0724235,0.269231,0.570082,0.189423
9.566621315,0.325423,1.29917,0.538394,0.256957,0.612626,0.00082583,1.40441,1.8292,0.0146076,0.541889,0.460361,0.368398
9.613061224,0.180192,1.65733,0.531121,0.0542023,0.474361,0.207405,0.833677,2.20848,0,0.392497,0.566042,0.152868
9.659501134,0.580252,1.36611,0.723924,0.208091,0.268098,0.306089,0.661832,1.9434,0.21522,0,1.05629,0.304126
9.705941043,0.524642,1.20767,0.644339,0.0787603,0.03137,0.0995741,0.775677,1.82465,0.26823,0.284899,1.00015,0.388635
9.752380952,0.511754,1.45687,0.446973,0.179826,0.219603,0.000132602,0.548572,1.90137,0.616696,0.503247,0.905504,0.372933
9.798820862,0.614804,1.16974,0.188894,0.147735,0.672004,0,1.14942,1.34003,1.2625,0.518891,0.761703,0.390112
9.845260771,0.644723,0.783371,0.166834,0.154433,0.877947,0,1.42852,1.0465,1.41797,0.481493,0.797047,0.397444
9.891700680,0.527762,0.893169,0.139168,0.0963729,1.02247,0,1.54115,1.13678,1.2796,0.909683,0.752844,0.343686
9.938140590,0.467738,0.958413,0.209132,0.0538918,1.13843,0.0267596,1.59959,0.996759,0.936871,1.91947,0.618761,0.268412
9.984580499,0.243174,0.636547,0.359628,0.183034,1.42462,0.375497,1.4877,0.637077,0.623213,2.19078,0.311742,0.178331
10.031020408,0.399677,0.580468,0.386212,0.624166,1.71139,0.615036,1.21054,0.464526,0.84233,2.16693,0,0.120785
10.077460317,0.676721,0.562271,0.20916,0.70757,2.01387,0.355286,0.91864,0.576249,0.59134,2.14312,0.00818286,0.106365
10.123900227,0.766852,0.342372,0.0736865,0.580538,2.36633,0.606545,0.786481,0.585979,0,2.15369,0,0.432394
10.170340136,0.262508,0.317219,0.0362112,0.385697,1.85893,0,1.25287,0.836947,0,2.04028,0.230731,0.688614
10.216780045,0.250735,0.671786,0.557722,0.0166248,0.858991,0.104458,1.64788,0.768431,0.0845879,1.54902,0.42029,0.542889
10.263219955,0.170828,0.961661,0.48695,0,0.541792,0.140545,1.76017,1.01096,0.250747,0.97728,0.506922,0.348111
10.309659864,0.168887,1.03193,0.424063,0.058652,0.502532,0.182267,1.82295,0.885956,0.323768,0.678463,0.449027,0.393209
10.356099773,0.171993,0.970673,0.401329,0.0671765,0.568372,0.242742,1.81098,0.752026,0.438066,0.643567,0.412053,0.514219
10.402539683,0.142005,1.05797,0.377808,0.0920786,0.623774,0.337219,1.65349,0.739822,0.428817,0.547403,0.236819,1.1222
10.448979592,0.194326,1.01008,0.279459,0.312334,0.63765,0.411788,1.4721,0.754708,0.432046,0.650237,0.0405664,1.74773
10.495419501,0.11467,1.17654,0.160345,0.015192,1.00696,0.359535,1.25087,0.7742,0.363419,0.606429,0,1.63359
10.541859410,0.126024,0.510132,0.660499,0.0196711,0.870333,0.397821,2.02067,0.35748,0.536505,0.118373,0.355858,1.61509
10.588299320,0.0102401,0.903348,0.7007,0.0273649,0.58921,0.437283,1.90429,0.619662,0.308669,0.126586,0.446232,1.62181
10.634739229,0,1.12725,0.584652,0.0335734,0.675532,0.355703,1.76662,0.736532,0.36445,0.169308,0.318444,1.58835
10.681179138,0,1.12223,0.388261,0.0348277,0.816214,0.31177,1.71651,0.818524,0.455186,0.142358,0.235336,1.62829
10.727619048,0,1.08356,0.29871,0.0649222,0.909168,0.342494,1.66013,0.867285,0.570172,0.155506,0.161102,1.73855
10.774058957,0.0188374,1.15701,0.280032,0.290262,0.903581,0.398339,1.3799,0.928145,0.581447,0.394703,0.0741456,1.81502
10.820498866,0.0331689,1.62591,0.0837159,0.0383711,1.25841,0.428961,0.731291,0.922032,0.381899,0.46399,0.293661,1.6964
10.866938776,0.266433,0.558617,0.0409965,0.0280935,1.29907,0,1.16768,0.597746,1.27983,0.246302,1.07891,1.6672
10.913378685,0.318159,0.441368,0.0981122,0.21756,1.26757,0,1.51022,0.309939,1.22655,0.359448,0.981187,1.61784
10.959818594,0.295888,0.608829,0.205667,0.238314,1.34223,0,1.53406,0.268642,1.24747,0.0716564,0.903566,1.70861
11.006258503,0.366223,0.693992,0.206236,0.119053,1.37442,0,1.58999,0.457358,1.16459,0.0349518,0.780565,1.74561
11.052698413,0.251823,0.679422,0.28278,0.104655,1.38253,0.129356,1.71351,0.57794,0.901856,0.0838971,0.572033,1.70923
11.099138322,0.127621,1.49224,0.266221,0.374111,0.649618,0.52804,1.69701,0.53252,0.475077,0.103181,0.0974347,1.74105
11.145578231,0.117784,1.32058,0.391028,0.561284,0.527131,0.301396,1.88736,0.260428,0.289451,0.102231,0.0039508,1.68117
11.192018141,0.125636,1.19715,0.448745,0.454274,0.783529,0.279656,2.00256,0.11238,0.294932,0.234162,0.0610526,1.3342
11.238458050,0.09608,0.983876,0.314081,0.333081,1.01669,0.249196,2.03979,0.0994131,0.32044,0.467276,0.089674,1.1661
11.284897959,0.13132,0.716272,0.310248,0.186269,1.18137,0.185511,1.90122,0.213689,0.390669,0.376857,0.0434195,1.4638
11.331337868,0.1695,0.948954,0.219956,0.010243,1.28734,0.00704784,1.55004,0.443716,1.12607,0.211575,0.792852,1.58501
11.377777778,0.536942,1.03057,0.20641,0.0490734,1.33581,0,1.55517,0.0567474,1.32047,0.121983,1.06877,1.49813
11.424217687,0.645782,0.856107,0.258163,0.288983,1.37532,0.0397758,1.5222,0,1.07639,0.249167,0.912058,1.24528
11.470657596,0.465006,0.991608,0.29255,0.264458,1.33407,0.0946276,1.39249,0.0201998,0.926665,0.396675,0.917636,1.11829
11.517097506,0.46651,1.01881,0.339807,0.219601,1.29008,0.0232795,1.28533,0.016402,0.954823,0.583296,0.949418,0.932539
11.563537415,0.324741,0.969917,0.338927,0.186101,1.16792,0.0616838,1.26029,0.00705541,0.810879,1.41601,0.985169,0.649025
11.609977324,0.171161,0.855735,0.288121,0.220307,1.02949,0.117834,1.37669,0.0205372,0.654859,1.96764,0.981777,0.54279
11.656417234,0.291013,0.764597,0.255227,0.185415,1.01559,0.020771,1.49182,0.299442,0.797037,2.02701,0.948196,0.27463
11.702857143,0.257615,0.710405,0.190555,0.073928,1.18309,0,1.52157,0.649868,0.809668,2.03367,0.832004,0.122768
11.749297052,0.241281,0.479185,0.37907,0.124454,1.63882,0.17702,1.43828,0.659325,0.612979,2.12001,0.382386,0.256853
11.795736961,0.159699,0.370506,0.121447,0.338819,2.37046,0.518508,1.24872,0.532473,0.754367,2.15181,0,0.670341
11.842176871,0.486852,0.432993,0.138576,0.259245,2.40758,0.442756,0.514821,0.576873,0.870403,2.10906,0,0.870831
11.888616780,0.583973,0.397926,0.040431,0.24044,2.41483,0.358907,0.845296,0.632865,0.0627645,2.3667,0,0.809162
11.935056689,0.615239,0.9951,0.00129426,0.545794,1.6143,0.148649,1.85313,0.437536,0.684786,1.92262,0.525955,0.491852
11.981496599,0.517154,1.46396,0.135536,0.25758,1.15521,0.224639,1.96978,0.572852,1.01462,0.99937,0.970297,0.318295
12.027936508,0.273165,1.50779,0.168382,0.201826,0.726274,0.217892,1.8203,0.622257,1.15828,0.515527,1.38502,0.222137
12.074376417,0.139197,1.58656,0.234577,0.0350309,0.812414,0.123101,1.73654,0.720383,1.21231,0.3332,1.62231,0.192861
12.120816327,0.0768622,1.52671,0.307257,0.0609545,1.36389,0.144968,1.75154,0.8,0.995727,0.122469,1.41695,0.193427
12.167256236,0.0146159,1.30025,0.320505,0.264198,1.66143,0.280462,1.72882,0.752202,0.617978,0.107108,0.826707,0.337789
12.213696145,0.0784674,0.965264,0.0635314,0.254993,2.17716,0.215982,1.25919,1.00394,0.502937,0.504752,0.516079,0.891278
12.260136054,0.102105,1.20931,0.0174207,0.0933352,3.2595,0.0398972,0.16936,1.07057,0.46578,0.576779,0.196349,1.51419
12.306575964,0.626431,0.633151,0.191658,0.00159064,3.33414,0.166861,0.384638,1.0438,0.42146,0.0146766,0.664414,1.76783
12.353015873,0.61012,0.97908,0.438303,0,3.11219,0,0.2598,1.09566,0.364787,0.0265406,1.05537,1.57078
12.399455782,0.569447,1.0661,0.595712,0,2.81838,0.0378658,0.397513,1.2354,0.361231,0.13125,0.909049,1.13767
12.445895692,0.591725,1.12402,0.667366,0.0652536,2.42419,0.0123247,0.908989,1.26634,0.141614,1.3925,0.56233,0.964978
12.492335601,0.592677,1.18562,0.414283,0.255217,1.97949,0.0887491,1.24653,0.967016,0,1.96345,0.230643,0.569163
12.538775510,0.113686,1.21377,0.199329,0.217751,1.37925,0.459933,1.26153,0.64653,0,2.04895,0.19882,0.683466
12.585215420,0,0.648571,0.301495,0.434573,1.18931,0.569461,1.29605,0.221297,0,2.05607,0.305452,1.09837
12.631655329,0.000238031,0.780556,0.40053,0.449566,1.25567,0.520254,0.578909,0.109792,0.396298,1.9604,0.961703,1.04109
12.678095238,0.357853,0.963593,0.158292,0.631888,0.359849,0.798021,0.418583,0.663552,1.12054,1.58009,0.909626,0.757644
12.724535147,0.529772,0.642138,0.0374869,0.74928,0.280292,0.846456,0.662556,0.559321,1.47009,1.05181,0.682444,0.860228
12.770975057,0.446198,0.785823,0.0689364,0.726567,0.420098,0.885848,0.638129,0.304126,1.47935,0.737177,0.599742,1.05865
12.817414966,0.290828,1.14464,0.167869,0.599766,0.648527,1.06732,0.561324,0.118194,1.27091,0.777486,0.404865,1.30329
12.863854875,0.162054,1.72707,0.222891,0.264633,0.587573,1.283,1.01923,0.341016,0.540291,1.38896,0.403052,1.40557
12.910294785,0.125025,1.56544,0.435443,0.0445257,0.671143,1.04364,1.17527,0.578003,0.206542,0.595586,0.96386,0.622996
12.956734694,0.0174224,1.16447,0.485675,0,0.988677,0.483231,1.45601,0.873451,0.306896,0.292979,0.971053,0.409576
13.003174603,8.71372e-05,1.20735,0.418501,0,1.54553,0.256304,1.33855,0.987606,0.368002,0.166573,0.795996,0.639353
13.049614512,0.0378258,1.13996,0.42888,0.045265,1.84526,0.26882,1.28748,0.906896,0.436913,0.185367,0.589717,1.14006
13.096054422,0.0234771,0.932513,0.17824,0.0893963,2.30873,0.0809636,1.04329,0.828675,0.442127,0.547538,0.577825,1.30404
13.142494331,0.114822,0.875046,0.01595,0.139188,3.11954,0.0238639,0.353524,0.495656,0.892501,0.715624,0.265403,2.30521
13.188934240,0.0651417,0.30669,0.257427,0.249857,3.33459,0.0435598,0.428334,0.176792,0.74884,0.132118,0.021726,2.91365
13.235374150,0,0.321929,0.613595,0.137622,3.19485,0.052989,0.300494,0.197008,0.447572,0.128741,0.0154116,3.02065
13.281814059,0,0.452184,0.31613,0.0101746,3.17944,0.0723758,0.516234,0.50028,0.325014,0.30234,0.190709,2.88914
13.328253968,0.0540708,0.391685,0.206959,0.0831562,2.0107,0.0136309,1.39122,0.544944,0.722333,1.71712,0.540664,2.21939
13.374693878,0.142639,0.559249,0.0944327,0.199436,1.41135,0.00129174,1.42927,0.485465,0.685545,1.94939,0.799514,1.60728
13.421133787,0.213582,0.580907,0.181038,0.206566,1.38518,0,1.31889,0.348905,0.735776,1.96382,0.79323,1.35923
13.467573696,0.151928,0.440334,0.184351,0.0225329,1.50476,0,1.39815,0.611304,0.689348,2.10665,0.610283,1.31564
13.514013605,0.109662,0.194774,0.218159,0.0923652,2.02102,0.0164247,1.52437,0.661268,0.629187,2.12659,0.0305667,1.57016
13.560453515,0.0647383,0,0.0420015,0.111557,2.72049,0,1.48802,0.502712,0.866834,2.08696,0,1.83985
13.606893424,0.0952618,0,0.00150175,0.0136879,3.17942,0,1.45713,0.398797,0.862346,1.83678,0,2.0806
13.653333333,0.135512,0.000242189,0.00915377,0.0120549,3.36469,0,1.31066,0.36209,0.662018,1.66328,0,2.2593
13.699773243,0.147278,0.00216882,0.0166359,0.00478388,3.34878,0,1.21211,0.42343,0.691733,1.66901,2.42914e-05,2.42787
13.746213152,0.0544355,0.0381077,0.147148,0.00977063,2.76172,0.036107,1.31123,0.370775,0.825911,1.5152,0.0024359,2.76439
13.792653061,0.0667892,0.602252,0.230394,0,2.3061,0.106174,1.4583,0.444796,0.651809,0.565382,0.205599,2.34179
13.839092971,0.122239,0.771869,0.25189,0.00155624,2.35431,0.133124,1.53031,0.523388,0.599668,0.249844,0.528257,1.603
13.885532880,0.0405757,0.659427,0.271383,0.0532797,2.36847,0.204586,1.61563,0.579982,0.561643,0.0433955,0.571507,1.28604
13.931972789,0.0770141,0.446156,0.200985,0.01318,2.54279,0.285051,1.44088,0.541333,0.523773,0.0489756,0.541261,1.54843
13.978412698,0.114807,0.122387,0.154907,0.0126017,2.76299,0.322176,1.17898,0.39658,0.945837,0.239772,0.475831,1.57746
14.024852608,0.000475282,0.00106982,0.0381626,0,2.78072,0.344847,1.23049,0.393838,1.42727,0.341502,0.474999,1.71971
14.071292517,0.000167921,0.0296481,0.0745212,0,2.7651,0.426051,1.44233,0.329973,1.35476,0.204446,0.464033,2.01563
14.117732426,0,0.849429,0.166759,0,2.28576,0.464514,1.80713,0.0604,1.01496,0.0710242,0.614957,2.21441
14.164172336,0.0084694,1.21492,0.293331,0.0120601,1.74776,0.300478,1.98909,0.17128,0.687469,0.0295233,0.380074,2.67113
14.210612245,0,1.25999,0.453784,0.0211354,1.78527,0.274258,1.85485,0.244986,0.622832,0.00189,0.237036,2.71814
14.257052154,0.0332696,1.2776,0.551471,0.0409562,1.84656,0.241621,1.50746,0.365791,1.0547,0,0.0742791,2.60466
14.303492063,0.0961595,1.25582,0.683378,0.112808,2.26267,0.208277,1.03949,0.560659,1.45552,0,0.0719855,2.19995
14.349931973,0.114488,1.16212,0.530362,0.295591,3.18717,0.0227445,0.59799,0.547953,1.45833,0,0.0525029,1.56496
14.396371882,0.0425094,0.300359,0.631694,0,3.53436,0.0340363,0.130698,0.227216,1.58229,0.044499,0.24073,1.45926
14.442811791,0.000476475,0.214089,0.364819,0.00778527,3.71829,0.109413,0.178899,0.0400953,1.62515,0.014543,0.0606054,1.48211
14.489251701,5.62377e-05,0.254584,0.23238,0.000552035,3.88973,0.0889935,0.198095,0.0907176,1.63506,0.0204571,0.0716293,1.52875
14.535691610,0.0732317,0.268066,0.210511,0,4.08422,0.0804031,0.211021,0.102747,1.57896,0.0147866,0.0651186,1.65875
14.582131519,0.0953336,0.227412,0.244481,0.00610467,4.30702,0.0491471,0.321289,0.0935415,1.70813,0,0.031851,1.65793
14.628571429,0.0122463,0.158208,0.301649,0.00954664,4.36163,0.0628522,0.293772,0.0564122,1.66638,0,0.00993066,1.75855
14.675011338,3.68501e-05,0.141348,0.271607,0.00225132,4.21066,0.0740035,0.26586,0.0594341,1.88969,0.105822,0.00434646,1.91913
14.721451247,7.41478e-05,0.344728,0.336491,0,3.79328,0.0603022,0.225129,0.0668587,2.19788,0.371188,0.0280087,1.92097
14.767891156,0.000164375,0.432139,0.455245,0.000805936,3.40297,0.0585636,0.175858,0.0557282,2.33595,0.458682,0.0492092,1.70264
14.814331066,0.000282561,0.253082,0.496735,0.00107726,3.55634,0.040897,0.148906,0.0495447,2.1138,0.249298,0.053766,1.66612
14.860770975,0.000587149,0.215811,0.4404,0,3.57826,0.0490232,0.141368,0.043385,1.59328,0.0781071,0.0565501,1.58653
14.907210884,0.000603982,0.146976,0.328025,0,3.7489,0.0662515,0.185545,0.0334826,1.70208,0,0.0642554,1.54666
14.953650794,0.000469046,0.149562,0.283405,0,3.97272,0.0928324,0.221096,0.0379679,1.81605,0.00755297,0.069123,1.74893
15.000090703,0.00428819,0.0239928,0.163713,0,3.93052,0.0960508,0.268866,0.190218,1.94561,0.23698,0.152211,1.72924
15.046530612,0.0225473,0.381042,0.126505,0,4.2479,0.209316,0.561301,0.412009,1.72013,0.3759,0.0368949,1.54373
15.092970522,0.155843,0.806312,0.395408,0.00691026,3.97256,0.292927,0.427441,0.158562,1.90263,0.0105888,0.0816214,1.65858
15.139410431,0.309336,0.941901,0.631611,0,3.46047,0.159756,0.390381,0.0650193,2.18446,0.0514551,0.16586,1.26612
15.185850340,0.416992,0.680889,0.639488,0,3.25641,0.0819966,0.317299,0.125158,2.42455,0.114411,0.137525,0.905973
15.232290249,0.331141,0.426689,0.506151,0,3.70687,0.0477476,0.239823,0.147381,2.19999,0.0216473,0.121604,0.803439
15.278730159,0.146442,0.447582,0.557245,0,3.91084,0.00680149,0.4156,0.257174,1.72725,0.0652511,0.18966,0.80675
15.325170068,0.0754906,0.240252,0.672339,0,3.74834,0.0105589,0.527994,0.371238,1.75105,0.0114624,0.234042,1.06774
15.371609977,0.0427425,0.563536,0.666706,0,3.60992,0.109617,0.325094,0.477087,1.24402,0,0.179613,1.27676
15.418049887,0,0.230207,0.657613,0,3.44128,0.409569,0.257218,0.453759,1.05053,0.0101617,0.229948,1.56168
15.464489796,0,0,0.77621,0,3.30154,0.357444,0.306596,0.26668,1.3787,0,0.290602,1.86226
15.510929705,0.312101,0,0.842962,0,3.15244,0.0661415,0.31877,0.0378344,1.45561,0.0314521,0.185764,1.7553
15.557369615,0.854941,0.0142457,0.863018,0,2.89199,0.276211,0.347286,0.0488365,1.6174,0.223304,0.0532137,1.03752
15.603809524,0.808191,0.0595256,0.611107,0,2.56179,0.393967,0.384529,0.20155,1.7527,0.547779,0.0718502,0.366193
15.650249433,0.734442,0.0644748,0.436611,0,2.15169,0.442243,0.388968,0.43951,1.52643,0.496685,0.0653034,0.556912
15.696689342,0.277782,0.056422,0.328827,0,2.80752,0.191405,0.204657,0.485711,1.60612,0.224668,0.237329,1.5838
15.743129252,0.0267997,0.163569,0.310201,0.00940183,3.56415,0.170008,0.0285475,0.092704,1.80552,0,0.213457,2.14644
15.789569161,0,0.126492,0.798595,0.0125804,3.48103,0.147328,0.158296,0.0340306,1.86448,0,0.0870672,2.44235
15.836009070,0.0218671,0,0.82117,0.336409,3.2823,0.188838,0.589814,0.0223287,1.52578,0,0.0443705,2.27822
15.882448980,0.14625,0,0.289345,0.563956,2.98099,0.246182,0.860677,0.032504,1.0042,0.0624839,0.0382413,2.13761
15.928888889,0.25936,0,0.121586,0.688396,2.56728,0.250597,0.784181,0.206024,0.824758,0.144666,0.076142,2.61
15.975328798,0.294404,0.0447112,0.103711,0.799061,2.20873,0.202471,0.849019,0.328953,1.05659,0,0.12288,2.86323
16.021768707,0.227856,0.0210507,0.179402,0.546697,2.45004,0.0967221,0.694864,0.422753,1.50096,0.118155,0.0815582,2.88266
16.068208617,0.00182805,0,0.123039,0.271273,3.26911,0.0989852,0.75684,0.635516,1.21757,0.218587,0.047965,2.48087
16.114648526,0.00401508,0.24657,0.013546,0.122859,3.68799,0.0590804,0.704985,0.763146,0.45886,0.0169006,0.136251,2.17356
16.161088435,0.08517,0.466047,0.282697,0.223007,3.61901,0.230252,0.688123,0.557393,0.00658015,0.0421766,0.536217,1.9246
16.207528345,0.15842,0.681404,0.484771,0.459942,3.13952,0.00196668,0.7717,0.0885458,0.00940049,0.0681549,0.929378,2.14531
16.253968254,0.0654232,0.916692,0.471032,1.04525,2.68178,0,0.552583,0.165838,0.0186816,0.264781,1.06254,1.97296
16.300408163,0,1.16503,0.248168,0.892031,2.82274,0.0096243,0.430955,0.262751,0.0939145,1.53946,0.584313,1.65355
16.346848073,0,1.28266,0.2384,0.596589,2.91454,0.0394105,0.397533,0.204549,0.0776745,2.3482,0.0803979,1.48402
16.393287982,0,1.16985,0.109937,0.281739,2.91895,0.285102,0.446523,0.070231,0.100535,2.78536,0.000677365,1.46006
16.439727891,0.0288685,1.06765,0.114647,0.0226566,2.96172,0.429133,0.537089,0.0898473,0.218839,2.74597,0.0359621,1.05588
16.486167800,0.110468,0.897817,0.185348,0.118833,2.84261,0.367412,0.700534,0.120036,0.329648,1.94159,0.437537,0.934136
16.532607710,0.075138,0.870003,0.121593,0.176184,2.72214,0.233707,0.98896,0.0908966,0.535138,1.53083,0.732847,0.700137
16.579047619,0.0290483,1.02332,0.0204102,0.084531,2.78782,0.159089,0.684553,0.0640792,0.719421,1.91294,0.38815,0.992325
16.625487528,0.0464331,1.14289,0.214077,0.144183,2.64215,0.119513,0.594375,0.0856216,0.644235,2.63375,0.274873,1.00593
16.671927438,0.0592936,1.14688,0.460947,0.0518619,2.53771,0.0247022,0.745593,0.0952125,0.393457,2.89516,0.278826,0.7136
16.718367347,0.0544839,1.05161,0.512506,0.00547724,2.63321,0.0295241,0.723259,0.0676783,0.271058,2.90285,0.22403,0.750134
16.764807256,0.0236755,0.947713,0.551442,0.00399285,2.83212,0.0381612,0.503186,0.0518725,0.201559,2.99582,0.0895306,0.875653
16.811247166,0.0164308,0.935811,0.529567,0.0685617,3.14273,0.127721,0.415256,0.0658148,0.204184,3.124,0.0714678,1.11352
16.857687075,0.145377,0.965437,0.297236,0.264857,3.19538,0.31485,0.340803,0.0730339,0.155417,3.37188,0.01079,1.3964
16.904126984,0.0645977,1.00834,0.215907,0.309021,3.09329,0.164079,0.242963,0.0695891,0.0939433,3.55181,0.0867592,1.30727
16.950566893,0.0437055,0.928128,0.376231,0.339805,2.65575,0.107461,0.377874,0.10667,0.231924,3.31102,0.119881,0.994166
16.997006803,0.148769,0.882209,1.03707,0.177881,1.7193,0.0845227,0.460548,0.613731,0.251196,2.43736,0.18376,0.689461
17.043446712,0.161444,0.992906,1.34921,0,0.895289,0.238376,0.600249,0.98254,0.293367,2.47094,0.359474,0.542344
17.089886621,0.00958698,1.0179,1.41869,0.163837,1.05765,0.171094,0.680881,1.10135,0.298786,2.76729,0.441893,0.405027
17.136326531,0.111669,0.991884,1.6453,0.444321,1.24829,0.295874,0.265795,1.08217,0.322602,2.8957,0.403762,0.461602
17.182766440,0.136877,1.10083,1.61349,0.391938,1.40738,0.277518,0.0874017,1.13548,0.434769,2.77634,0.26207,0.535859
17.229206349,0.0303061,1.14857,1.36402,0,1.66297,0.201688,0.158489,1.13011,0.2243,2.59894,0.149684,0.302662
17.275646259,0.0811157,1.08945,1.2274,0,1.82917,0.241048,0.134687,0.957428,0.188141,2.70427,0.12763,0.110906
17.322086168,0.0853792,1.51847,1.06541,0.128647,1.81092,0.234044,0.214191,0.713186,0.131696,2.78273,0.196313,0.0926296
17.368526077,0.234654,1.60839,0.198798,0.244515,1.49395,0.172738,0.679288,0.601037,0.117428,2.86799,0.205975,0.29555
17.414965986,0.350912,1.19726,0.458611,0.282582,1.2739,0.0712658,0.939967,0.93288,0.104775,2.74587,0.17173,0.47681
17.461405896,0.195394,0.641892,1.55966,0.166037,0.921232,0.0183057,0.807946,1.40417,0.112974,2.50543,0.330669,0.755551
17.507845805,0.000243739,0.739908,1.92335,0.0071837,0.759088,0.000360641,0.171989,1.77651,0.114725,2.39168,0.381268,0.75324
17.554285714,5.02427e-05,0.552309,1.78514,0.0383497,0.959029,0.00511768,0.295701,1.83228,0.0826258,2.4458,0.539284,0.424771
17.600725624,0,0.232583,1.79551,0.123021,1.09729,0.0909674,0.477401,1.45765,0.0709774,2.15428,0.506031,1.2509
17.647165533,0.062355,0.115979,1.85321,0.164036,1.21778,0.0203599,0.529295,1.15188,0.118973,1.80816,0.284799,1.92126
17.693605442,0.0062736,0.270946,1.76266,0.286175,1.17747,0.0255423,0.506849,1.12557,0.0626085,1.77233,0.139171,1.97594
17.740045351,0.0708671,0.695277,1.61236,0.17118,1.14912,0.139421,0.480869,1.33768,0.0782574,1.84226,0.0802372,1.69176
17.786485261,0.132104,0.633246,1.74232,0.0123302,1.20893,0.0856136,0.334167,1.63224,0.286941,1.81634,0.136484,1.85297
17.832925170,0.0809045,0.777044,1.83199,0.111191,1.20201,0.185305,0.447626,1.59146,0.615268,1.45138,0.111942,2.31538
17.879365079,0.0556217,0.55397,1.82318,0.206626,1.27459,0.293052,0.944968,1.26929,0.372531,1.30027,0.0374477,2.44349
17.925804989,0.115181,0.77703,1.35418,0.184175,1.38452,0.150589,0.751784,1.21963,0.284457,1.50089,0.0707414,2.55122
17.972244898,0.19497,0.862825,0.983851,0.196919,1.4775,0.360512,0.506477,1.58697,0.102359,1.45821,0.263866,2.52203
18.018684807,0.123269,0.744386,0.954273,0.210237,1.63592,0.251182,0.267294,2.1744,0.166602,1.22924,0.421478,2.3797
18.065124717,0.014458,0.263201,1.07091,0.0461955,1.81676,0.0216115,0.197504,2.5808,0.585558,1.06279,0.553345,1.9093
18.111564626,0,8.36932e-05,1.69384,0,1.73067,0.088452,0.132291,2.85119,0.492012,1.37851,0.401355,1.69124
18.158004535,0,0,1.74843,0,1.70197,0.125002,0.0552333,3.01099,0.378402,1.67739,0.166665,1.53221
18.204444444,0.209855,0,1.42951,0,1.54656,0.0180536,0.0506849,2.70526,0.601188,1.28524,0.408972,1.12977
18.250884354,0.363059,0.540314,1.20196,0.0333825,1.23639,0.0394367,0.356541,2.37795,0.587553,0.35479,0.853482,0.847353
18.297324263,0.308737,1.20392,0.986561,0,1.24285,0.0815515,0.458322,2.17796,0.54273,0.0835711,0.932726,0.753259
18.343764172,0.262605,1.44227,1.42646,0.000252727,1.40639,0.0703041,0.136819,2.46575,0.439935,0.128339,0.621974,0.971083
18.390204082,0.175282,1.06753,1.67896,0.0226517,1.47612,0,0.011743,3.47866,0.0789924,0.714617,0.397351,0.857111
18.436643991,0.311687,0.709078,1.55504,0.0138567,1.68526,0,0.00100458,3.74513,0.08108,1.09386,0.468481,0.668763
18.483083900,0.321719,0.610452,1.65427,0,1.54081,0.0185373,0,3.71765,0.0610603,1.43046,0.269294,0.788615
18.529523810,0.0148897,0.538032,1.7089,0,1.31848,0.0986266,0.0118039,3.69359,0.0310077,1.61311,0.110027,0.929375
18.575963719,0.12894,0.597011,1.88722,0,1.21266,0.109118,0.014555,3.72476,0.0877043,1.49556,0.08375,0.894415
18.622403628,0.221864,0.637737,1.81735,0.0348229,1.11419,0.0943564,0.00138832,3.57297,0.0117897,1.37621,0.104703,0.748742
18.668843537,0.542887,0.658636,1.45842,0.226238,1.14217,0.0881397,0.071127,3.12158,0.60798,1.07362,0.149771,0.570587
18.715283447,1.45642,0.516459,0.975453,0.236586,2.1053,0.0695731,0.0905956,2.43907,0.834262,0.623031,0.21951,0.0717665
18.761723356,2.06951,0.43664,0.385522,0,2.99247,0.256331,0.0203979,1.87269,0.812728,0.299773,0.408596,0.0760501
18.808163265,2.36289,0.164546,0.250242,0,3.47749,0.283624,0.0398111,2.04216,0.49476,0.103576,0.308919,0.342014
18.854603175,2.51383,0,0.469732,0,3.64648,0.203759,0.115729,2.04311,0.778821,0.0439204,0.2889,0.478994
18.901043084,2.56945,0.0751591,0.538981,0,3.53672,0.190191,0.135139,2.02655,0.906403,0,0.361852,0.238956
18.947482993,2.86828,0.0649555,0.411581,0,3.49182,0.041643,0.100849,2.10064,0.532173,0,0.327826,0.261251
18.993922902,2.77965,0.0351265,0.251316,0,3.50028,0.0396757,0.0425012,1.89811,0.260497,0,0.151404,0.888117
19.040362812,2.70182,0.0613292,0.143227,0.00117388,3.56184,0.0249665,0.0233521,1.51339,0.231435,0,0.136732,1.14378
19.086802721,2.68241,0.00233331,0.0799394,0,3.35442,0.0373405,0.181292,1.31243,0.447486,0.642956,0.0801357,0.798743
19.133242630,2.52595,0.152941,0,0.0298552,2.76229,0.0571822,0.485488,1.15137,0.66188,0.911338,0.022396,0.12968
19.179682540,2.48287,0.248326,0,0.0505775,2.47408,0.0461665,0.722469,1.09908,0.698565,0.756636,0.0843276,0.0436401
19.226122449,2.49611,0.185652,0.000626072,0.118363,2.4076,0.0400655,0.801364,1.27097,0.554913,0.390389,0.205397,0.117862
19.272562358,2.52716,0.0976363,0.00342617,0.0526162,3.0022,0.0696532,0.56462,1.60305,0.347754,0.135515,0.265992,0.241022
19.319002268,2.36645,0.0520834,0.0911121,0.00223617,3.07065,0.0787795,0.425152,2.03438,0.101347,0.359467,0.628043,0.376705
19.365442177,2.43026,0.00467163,0.170067,0.00424889,2.71511,0.0478815,0.44761,2.22594,0.0213709,0.215925,0.477259,0.834618
19.411882086,2.80862,0.000199187,0.267876,0.018169,2.18314,0.0426074,0.517465,2.28488,0.0652222,0.0553953,0.279471,1.60729
19.458321995,3.07555,0.0266435,0.222873,0.355762,1.1775,0.0819898,0.621495,2.21951,0.159456,0,0.0954267,1.82275
19.504761905,3.18408,0.101821,0.0700973,0.975202,0.620662,0.21775,0.737779,2.18256,0.189337,0,0.078428,1.49502
19.551201814,3.16464,0.215763,0,0.863236,0.786153,0.155127,0.556556,2.03287,0.117882,0.0210443,0.19013,1.49589
19.597641723,2.85178,0.255135,0,0.295895,1.61095,0.0185129,0.322886,1.97666,0.002176,0.0425397,0.498836,1.62025
19.644081633,2.48215,0.236034,0.0322251,0.0229939,2.46178,0.00609468,0.0636571,1.94672,0.00100771,0.0242092,0.292564,1.94969
19.690521542,2.02158,0.231504,0.0616326,0.0243433,2.65442,0.0492217,0.0372175,2.13869,0.00301654,0.00644132,0.14217,2.48516
19.736961451,1.47047,0.193266,0.0257599,0.195081,2.67175,0.0930104,0.0861231,2.3894,0.00409517,0.046157,0.348131,2.6194
19.783401361,1.16148,0.508374,0,0.184833,2.55007,0.0767863,0.434308,2.49192,0.00178353,0.0518952,0.657281,2.32273
19.829841270,1.30538,1.06972,0,0.0504623,2.30283,0.104408,0.501243,2.18901,0.0534733,0.523752,0.706887,1.49811
19.876281179,2.23652,1.20178,0,0,1.79792,0.109765,0.447844,1.52811,0.155859,1.66453,0.239697,0.227826
19.922721088,2.59107,1.14477,0.0610796,0.00233417,1.34299,0.160358,0.164817,1.82049,0.0924116,2.21329,0.123885,0.0221047
19.969160998,2.64145,1.09596,0.102881,0,1.18756,0.153892,0.0602991,2.10158,0.243024,2.0153,0.0900253,0
20.015600907,2.51679,0.903725,0.125856,0,0.965778,0.00792576,0.282256,1.76299,0.571497,1.45299,0.193101,0
20.062040816,1.89974,0.839622,0.226277,0,0.834717,0.0719268,0.237935,1.33567,0.700968,1.09915,0.355479,0.193002
20.108480726,1.53414,0.96105,0.639993,0.00190352,0.986315,0.0396416,0.414649,1.0201,0.565418,1.47404,0.420363,0.223185
20.154920635,1.67999,1.02399,0.693409,0.00979019,0.927772,0.0317715,0.192798,1.52189,0.173297,2.70812,0.30151,0.128746
20.201360544,1.98412,0.943244,0.421654,0.0146875,1.49286,0.0319193,0.00155498,2.1517,0.064746,3.15025,0.236928,0.000205737
20.247800454,2.2433,0.880463,0.212179,0.0124143,1.84835,0.0343336,0.0131846,2.22102,0.0138869,2.97382,0.123839,0.00016681
20.294240363,2.70357,0.719765,0.182652,0.00903919,1.91154,0.0391691,0.0483797,2.01535,0.0185817,2.71977,0.0949649,0.000178698
20.340680272,3.07643,0.703353,0.362278,0.0061485,1.76642,0.0128326,0.0517931,1.73472,0.0222342,2.96157,0.0736882,0.000161904
20.387120181,3.16316,0.63162,0.449699,0.204963,1.64451,0.00520896,0.199655,1.62165,0.143688,3.19224,0.0520298,0.012686
20.433560091,3.02018,0.501159,0.456105,0.257838,1.62162,0,0.175688,1.61932,0.284702,3.27153,0.0865497,0.00144608
20.480000000,2.56883,0.575868,0.735825,0.223151,2.12125,0.00926488,0.0552933,1.51626,0.286504,3.20403,0.142306,3.11672e-05
20.526439909,1.8637,0.555512,1.05051,0.0338123,2.48735,0.157659,0.0985971,0.930099,0.931042,2.6248,0.170268,0
20.572879819,0.770911,0.829359,0.589081,0.129043,2.55431,0.264993,0.0469453,0.188619,1.1129,2.47897,0.222252,0
20.619319728,0.181815,1.24868,0.318416,0.133883,2.60244,0.329835,0.0589682,0.12407,0.924955,2.70689,0.286554,0.284435
20.665759637,0,1.89029,0.202579,0,3.02727,0.237559,0.0633166,0.208461,0.656043,2.5434,0.371233,0.576191
20.712199546,0.0495197,2.47151,0.0941642,0.0178729,2.98941,0.0397304,0.0961059,0.206955,0.32527,2.74919,0.383379,0.436056
20.758639456,0,2.71667,0.122257,0.0148751,2.74235,0.0427448,0.0643151,0.225061,0.0298135,2.96441,0.237011,0.252564
20.805079365,0.00254379,2.59721,0.127229,0,2.3178,0.235789,0.0485585,0.499711,0.0179064,3.04529,0.140333,0.338286
20.851519274,0.107772,2.23103,0.0713691,0.106904,2.47665,0.0164581,0.198099,0.529008,0.00892624,3.30818,0.120908,0.645737
20.897959184,0.0964902,0.743195,0.0285539,0.377317,2.27031,0.00649904,0.62742,0.430265,0.324432,3.31932,0.287482,0.833833
20.944399093,0.0830641,0.185878,0.202653,0.608906,2.15566,0.0211485,0.740165,0.557247,0.518166,2.76528,0.342342,0.845055
20.990839002,0.0763052,0,0.298027,0.74933,1.9613,0.0386265,0.601343,0.724223,0.647109,2.62505,0.361847,0.950361
21.037278912,0.122484,0.219511,0.0791481,0.96946,1.84797,0.00384359,0.392865,0.862642,0.471901,2.99923,0.652697,0.842726
21.083718821,0.0171338,0.828489,0.00157846,0.26778,1.97762,0.000739546,0.699596,0.765662,0.20468,2.89908,0.971507,0.621412
21.130158730,0.0564939,0.921855,0.00197416,0.0572737,1.7517,0.0381384,1.16412,0.935404,0.075152,1.82865,1.2111,1.23898
21.176598639,0.180181,0.382495,0.0896851,0.863136,1.02836,0.0821037,1.8766,0.7765,0.0928921,0.641364,0.802968,1.94191
21.223038549,0.186575,0.148127,0.190236,1.26913,0.787076,0.0866969,2.20132,0.204007,0.278481,0.198762,0.305511,2.06976
21.269478458,0.127827,0.21535,0.0610048,1.42908,0.515084,0.184591,2.38824,0.0425295,0.394436,0.533572,0,1.99673
21.315918367,0.269636,0.351157,0.00379027,1.51787,0.442701,0.0432675,2.35745,0.027593,0.361413,0.573982,0.000898725,2.41744
21.362358277,0.224193,0.479977,0,1.44792,0.749864,0.0503221,2.41672,0.00534748,0.23888,0.236293,0.00131803,2.77382
21.408798186,0.190437,0.180607,0.0932422,1.23313,0.974248,0.0383666,2.79152,0.0429072,0.144595,0.154011,0.0886957,2.92571
21.455238095,0.180239,0.030024,0.21273,0.51034,1.50583,0.139285,2.79566,0.0198575,0.0744029,0.196389,0.188742,3.30034
21.501678005,0.0632068,0.114433,0.240323,0.144211,1.37397,0.0504721,2.5885,0.249258,0.0466427,0.184337,0.269378,3.69245
21.548117914,0.135648,0.216891,0.140394,0.256899,1.00362,0.22039,2.23244,0.218044,0.127132,0.107508,0.236669,3.52909
21.594557823,0.116661,0.278894,0.575341,0.14427,1.23313,0.106318,2.02649,0.731774,0.49494,0.174225,0.370318,2.60372
21.640997732,0,0.153818,1.36812,0,1.30162,0.19595,1.22236,2.26232,0.373671,0.278171,0.291048,1.74698
21.687437642,0,0.000546767,1.74007,0,1.33388,0.147112,0.208749,3.52581,0.17391,0.64005,0.213612,1.90719
21.733877551,0.0923798,0,1.50712,0,1.17882,0.13526,0.0365981,3.77458,0.105398,0.797384,0.151418,1.80527
21.780317460,0.491419,0,1.35517,0,0.771776,0.0171134,0.052779,3.28005,0.468102,1.00093,0.164796,0.793534
21.826757370,0.575782,0.35152,1.29264,0,0.697517,0.0378155,0.0581162,2.42423,0.612307,0.998177,0.290016,0.57803
21.873197279,0.33046,0.90119,1.25462,0.0197116,0.784015,0.0635086,0.049001,1.95017,0.417666,0.898765,0.448252,0.893
21.919637188,0.3474,0.932063,1.58664,0.00630464,0.749129,0.0373832,0.0235249,2.65708,0.0861269,0.682567,0.444669,1.12363
21.966077098,0.175705,0.512565,1.96843,0.013542,0.700518,0.0176261,0.00979576,3.65849,0.0760933,0.438155,0.322717,1.5904
22.012517007,0.175059,0.204665,1.8881,0,0.831135,0.0172848,0.00263337,3.98799,0.0840645,0.393107,0.187502,1.83425
22.058956916,0.14529,0.115264,1.94551,0,0.937727,0.0196578,0.00789923,4.09665,0.0726724,0.0823858,0.120334,2.23442
22.105396825,0.127942,0.0139445,1.85804,0,0.95103,0.106815,0.0186666,4.1242,0.0487812,0,0.0940491,2.34196
22.151836735,0.216973,0.0488561,1.73582,0.00426581,1.02603,0.108823,0.00752318,3.99033,0,0.0501516,0.0915055,2.33981
22.198276644,0.276884,0.0465071,1.68541,0.00978811,1.07441,0.129539,0.00265641,3.99319,0.0657574,0.0921445,0.0712727,2.47244
22.244716553,0.341061,0.346529,0.98739,0,1.76963,0.140786,0,3.81327,0.401357,0.303116,0.144373,2.19744
22.291156463,0.512244,0.317246,0.278179,0,2.98874,0.146671,0,2.94075,0.961005,0.367021,0.274431,1.87839
22.337596372,0.706082,0.12834,0.265002,0,3.64721,0.0144844,0.135921,0.797653,1.36327,0.369061,0.204161,1.59083
22.384036281,0.359238,0.00188543,0.320015,0,3.96497,0.00637061,0.580737,0.216656,1.71057,0.163303,0.194489,1.11608
22.430476190,0.0350148,0.0845964,0.501639,0,3.8928,0.00385079,0.516142,0.241564,1.75625,0.0908151,0.225112,1.12384
22.476916100,0.0653705,0.307476,0.567289,0,3.72126,0.144443,0.379876,0.300069,1.38171,0.0429764,0.161074,1.35313
22.523356009,0.00137991,0.08804,0.535654,0,3.55857,0.372823,0.251671,0.320481,1.17463,0.0867707,0.254045,1.55711
22.569795918,0,0.000237206,0.634146,0,3.37573,0.431715,0.331441,0.145531,1.30863,0.0674362,0.313448,1.69014
22.616235828,0.190046,0,0.75945,0,3.09789,0.207625,0.336891,0.037869,1.36044,0.0373522,0.197838,1.72274
22.662675737,0.796308,0.119104,0.744913,0.00648299,2.82187,0.454518,0.430989,0.0510861,1.57305,0.279874,0.0453923,0.949066
22.709115646,0.746911,0.171753,0.55796,0.00669596,2.42811,0.625526,0.548086,0.0996296,1.62447,0.512112,0.0464019,0.309706
22.755555556,0.856833,0.159824,0.493537,0.00639128,2.08774,0.651854,0.579272,0.223633,1.31342,0.466363,0.0261998,0.169486
22.801995465,0.604955,0.0470194,0.348542,0.00804376,2.614,0.338772,0.305532,0.3224,1.27746,0.293043,0.174908,1.13366
22.848435374,0.122525,0.144598,0.53373,0.0125911,3.4663,0.159921,0.0269707,0.272694,1.73394,0,0.276586,2.01163
22.894875283,0,0.0949928,0.949807,0.0131784,3.35787,0.177155,0.228371,0.0636676,1.81119,0,0.116275,2.58793
22.941315193,0.000968432,0,0.991328,0.214667,3.22902,0.226335,0.55447,0.0853722,1.48112,0,0.0120233,2.39358
22.987755102,0.140318,0.00274589,0.367225,0.594092,3.03185,0.28147,0.700209,0.0283894,0.875727,0.0105884,0.0407446,2.1973
23.034195011,0.236828,0,0.0849445,0.872761,2.62617,0.264615,0.607429,0.267894,0.564986,0.149628,0.0907536,2.61037
23.080634921,0.343105,0.0574203,0.0328003,0.973432,2.21022,0.183239,0.890635,0.395217,0.696027,0.0998668,0.195241,2.72825
23.127074830,0.338547,0.0986033,0.147399,0.773489,2.26274,0.0931122,0.723632,0.500319,1.04859,0.15141,0.202109,2.85075
23.173514739,0.00222972,0.00821808,0.167266,0.397617,3.0939,0.0676151,0.725924,0.744243,1.01203,0.266833,0.190893,2.4516
23.219954649,0.0165525,0.162583,0.0513616,0.12111,3.49025,0.0658848,0.594265,0.935718,0.489309,0.135969,0.183242,2.06632
23.266394558,0.0744526,0.528355,0.34037,0.13556,3.41739,0.233494,0.583527,0.727621,0.0254275,0.0421604,0.42539,1.84681
23.312834467,0.180854,0.714617,0.479319,0.468613,2.7589,0,0.814503,0.143542,0.0226228,0.00748709,0.90382,2.11638
23.359274376,0.082479,0.869793,0.408731,1.16422,2.45116,0,0.764266,0.179514,0.0214712,0.171577,1.05224,1.99991
23.405714286,0,1.18631,0.251992,0.9928,2.67339,0.0138092,0.553909,0.267131,0.036295,1.60993,0.656521,1.63067
23.452154195,0,1.31453,0.254583,0.627663,2.86544,0.0919382,0.427341,0.213323,0.0735863,2.4348,0.081929,1.45553
23.498594104,0,1.14866,0.112649,0.304051,2.86191,0.298931,0.406625,0.0698104,0.101836,2.88701,0.0128204,1.45971
23.545034014,0.037826,0.957057,0.159504,0.00320354,2.8141,0.447001,0.672131,0.107759,0.315958,2.74437,0.139527,1.04246
23.591473923,0.156926,0.830113,0.213935,0.175571,2.35817,0.373603,0.921758,0.146057,0.424777,1.91011,0.594069,0.886589
23.637913832,0.0832468,0.746342,0.145067,0.249597,1.82258,0.231847,1.15894,0.102929,0.839765,1.65783,0.832037,0.805572
23.684353741,0.027342,1.03271,0.0788618,0.0974455,2.22381,0.105301,0.781749,0.0726752,1.19143,1.9102,0.48355,0.967202
23.730793651,0.0419707,1.19923,0.0540193,0.107654,2.41702,0.0665584,0.58764,0.0821184,0.972768,2.77324,0.275894,0.909884
23.777233560,0.0473434,1.18637,0.438684,0.0148226,2.54167,0.0359056,0.607426,0.0981798,0.593945,3.0517,0.259993,0.628642
23.823673469,0.0581611,1.10883,0.558693,0.011617,2.66969,0.0316776,0.625965,0.0727376,0.409255,3.08785,0.196365,0.672102
23.870113379,0.0363342,1.00699,0.617794,0.00453442,2.78445,0.0344874,0.48132,0.048767,0.306547,3.15873,0.088121,0.805676
23.916553288,0.01989,0.963575,0.587082,0.0112561,3.13596,0.0802725,0.412897,0.0681957,0.202926,3.22926,0.0803581,0.946893
23.962993197,0.164898,1.00389,0.391765,0.151452,3.18747,0.320899,0.312385,0.121354,0.0630934,3.43876,0.0250232,1.38629
24.009433107,0.0823093,1.03782,0.223999,0.235251,3.0453,0.125972,0.216356,0.145244,0.0837947,3.58977,0.0812816,1.39783
24.055873016,0.0334417,0.989106,0.502486,0.376511,2.65007,0.0781724,0.293655,0.128667,0.32781,3.32922,0.120804,1.07954
24.102312925,0.0681327,0.735484,1.16971,0.23851,2.1901,0.0645225,0.307255,0.510378,0.325119,2.44508,0.268293,0.572883
24.148752834,0.0669074,0.903991,1.50907,0,0.997289,0.269579,0.591635,0.880366,0.273254,2.18971,0.46987,0.418425
24.195192744,0.0120163,0.986804,1.56685,0.0763306,1.05978,0.316668,0.704345,1.00204,0.295363,2.63102,0.417539,0.246117
24.241632653,0.0925499,1.01887,1.71265,0.418286,1.32679,0.341306,0.313994,1.00284,0.303196,2.80679,0.376315,0.227068
24.288072562,0.159208,1.06956,1.67402,0.475228,1.46614,0.285329,0.114003,0.95484,0.405383,2.79236,0.242829,0.118515
24.334512472,0.0307981,1.11716,1.38989,0.110576,1.67703,0.177994,0.0892843,1.00395,0.267121,2.69152,0.133045,0.128669
24.380952381,0.088995,1.10192,1.14421,0,1.81711,0.241508,0.0521952,0.856652,0.18642,2.87988,0.109012,0.095489
24.427392290,0.142139,1.46679,0.922953,0.12973,1.79337,0.241493,0.257944,0.723664,0.136131,2.87774,0.168191,0.0812084
24.473832200,0.238876,1.5707,0.138864,0.290052,1.51204,0.169325,0.841545,0.591407,0.125856,2.85291,0.213293,0.322912
24.520272109,0.306451,1.17154,0.124462,0.404108,1.34185,0.0585189,1.10875,0.887558,0.10872,2.7684,0.221491,0.562835
24.566712018,0.13641,0.615432,1.21395,0.293334,0.947988,0.0084103,0.942053,1.35405,0.110991,2.53661,0.388896,0.893651
24.613151927,0.000281944,0.677083,1.81261,0,0.505089,0.0084116,0.383676,1.70724,0.117889,2.46412,0.481568,0.805574
24.659591837,0.000157143,0.583564,1.78592,0.00466423,0.616029,0.0734005,0.251366,1.78773,0.0862169,2.43925,0.668435,0.510253
24.706031746,0,0.208559,1.80143,0.0633241,1.08981,0.142071,0.49827,1.36825,0.0763535,2.15674,0.497259,1.3639
24.752471655,0.0614342,0.120645,1.82632,0.0705308,1.17254,0.109398,0.510779,0.962378,0.0991722,1.8207,0.337076,2.08172
24.798911565,0,0.185071,1.7069,0.184441,1.10191,0.0678847,0.491134,0.988375,0.0957649,1.77115,0.115573,2.20464
24.845351474,0.0497104,0.607484,1.47484,0.108199,1.06565,0.0950312,0.468923,1.20886,0.0905207,1.78788,0.0784622,1.95047
24.891791383,0.130797,0.603836,1.63522,0.0214562,1.14087,0.15312,0.321053,1.51954,0.314076,1.61884,0.112281,2.12081
24.938231293,0.089018,0.774218,1.72382,0.162365,1.26647,0.0796334,0.319081,1.55047,0.76488,1.23342,0.0905603,2.49274
24.984671202,0.0395891,0.532764,1.72802,0.169621,1.32188,0.220522,0.801262,1.22749,0.592051,1.20665,0.0427112,2.57923
25.031111111,0.0862605,0.688755,1.35453,0.179908,1.41553,0.0838081,0.706935,0.970482,0.256087,1.43624,0.090906,2.70623
25.077551020,0.185546,0.78965,1.00207,0.18495,1.53916,0.340345,0.501912,1.347,0.0792886,1.33716,0.255801,2.68239
25.123990930,0.138004,0.704071,0.980011,0.144557,1.74645,0.272816,0.298206,2.08317,0.100018,1.12564,0.451826,2.46977
25.170430839,0.146226,0.283045,1.11016,0.00505398,1.91346,0.0167576,0.1974,2.44326,0.571047,0.916262,0.552495,1.99349
25.216870748,0,0,1.64065,0,1.81952,0.0643493,0.151348,2.80175,0.601191,1.14074,0.438166,1.75212
25.263310658,0,0,1.81813,0,1.63436,0.137138,0.0647429,3.00195,0.425115,1.45619,0.204045,1.57562
25.309750567,0.214009,0,1.40717,0,1.45885,0.0190166,0.057159,2.70515,0.559173,1.15916,0.397282,1.22744
25.356190476,0.311581,0.538443,0.945955,0.0366382,1.22188,0.0244127,0.286929,2.40794,0.501839,0.366427,0.895188,0.979522
25.402630385,0.285379,1.1797,0.810718,0,1.14028,0.0528775,0.495709,2.18516,0.468574,0.247162,0.974976,0.857126
25.449070295,0.281005,1.49189,1.1787,0.000599911,1.33223,0.0376339,0.245541,2.3566,0.318549,0.217452,0.763053,1.00934
25.495510204,0.242599,1.16617,1.46421,0.00956558,1.48293,0.00374083,0.00425036,3.42007,0.0680599,0.6168,0.399639,0.981923
25.541950113,0.205929,0.755595,1.47395,0.00648258,1.66455,0.00656039,0.000440048,3.89638,0.0701426,0.960595,0.442613,0.779475
25.588390023,0.344736,0.552736,1.58481,0.00352873,1.54838,0.0504666,0,3.82484,0.0604095,1.30157,0.270744,0.880924
25.634829932,0.0272033,0.45767,1.72878,0.00444889,1.32832,0.129072,0.0046689,3.71751,0.0292448,1.49786,0.124077,1.00832
25.681269841,0.134828,0.518643,1.88911,0.00774104,1.1384,0.114877,0.0100991,3.73323,0.0943623,1.4374,0.0813022,0.931223
25.727709751,0.212766,0.609414,1.90076,0.00989421,1.0557,0.0769892,0.0030345,3.58721,0.0678656,1.24899,0.108096,0.752916
25.774149660,0.497221,0.644025,1.49387,0.287497,1.03519,0.0740813,0.035259,3.10847,0.581623,0.999715,0.153169,0.510607
25.820589569,1.35927,0.499612,1.04425,0.250152,2.00202,0.0643342,0.0923693,2.41598,0.806895,0.554797,0.229058,0.0617719
25.867029478,2.05944,0.396203,0.442298,0,2.92261,0.223425,0.0235689,1.69781,0.842217,0.326692,0.45412,0.0752898
25.913469388,2.26965,0.176625,0.184625,0,3.46549,0.278024,0.0572343,1.89247,0.507374,0.122735,0.322992,0.344327
25.959909297,2.46481,0.00624767,0.400044,0,3.61476,0.214098,0.145284,1.93459,0.820798,0.0497518,0.234346,0.514939
26.006349206,2.49844,0.0819841,0.580093,0,3.51498,0.235609,0.197188,2.02295,0.985762,0,0.295272,0.344167
26.052789116,2.71819,0.0721775,0.563951,0,3.41456,0.0431603,0.200045,2.09274,0.656303,0,0.314935,0.272374
26.099229025,2.57849,0.0432884,0.365246,0,3.42001,0.0442664,0.0790393,1.94003,0.361577,0,0.16956,0.831531
26.145668934,2.58382,0.062746,0.173227,0.000773488,3.52241,0.0395456,0.10495,1.51749,0.243546,0,0.147332,1.08641
26.192108844,2.62275,0.00700111,0.125229,0,3.38574,0.0286892,0.176242,1.31461,0.350661,0.608152,0.128513,0.897838
26.238548753,2.42031,0.130586,0,0.0220951,2.79134,0.0577696,0.425495,1.16613,0.582474,0.981969,0.0128876,0.160043
26.284988662,2.42904,0.148545,0,0.0759205,2.42138,0.0500831,0.676822,1.06895,0.624856,0.847961,0.01499,0.0237613
26.331428571,2.42256,0.113342,0,0.136652,2.23988,0.0390289,0.743349,1.25152,0.508804,0.467953,0.0866336,0.168756
26.377868481,2.31629,0.0916833,0.00115697,0.0776795,2.87494,0.0423858,0.561003,1.6451,0.386057,0.119533,0.27107,0.257292
26.424308390,2.2723,0.102926,0.0457406,0.000381391,3.10698,0.0561772,0.41899,2.01255,0.129999,0.411151,0.630602,0.357269
26.470748299,2.20046,0.0270356,0.140624,0,2.85685,0.0756596,0.322156,2.30129,0.0140379,0.217017,0.593709,0.832542
26.517188209,2.62159,0.00719534,0.20248,0.0201084,2.27056,0.0532283,0.465082,2.34927,0.0852494,0.0770575,0.266633,1.66019
26.563628118,2.89514,0.0205736,0.215742,0.444341,1.18599,0.104898,0.528454,2.30656,0.168992,0,0.0411216,1.99511
26.610068027,3.07103,0.10838,0.0806909,1.04264,0.664362,0.220734,0.646621,2.21219,0.192323,0,0.0202393,1.69408
26.656507937,3.08076,0.239203,0,0.945652,0.773773,0.171531,0.537925,2.05056,0.118812,0.000140865,0.103165,1.55792
26.702947846,2.78311,0.257585,0,0.399199,1.58368,0.016601,0.376799,1.94807,0.183699,0,0.334825,1.71904
26.749387755,2.36851,0.224154,4.45309e-05,0.0540576,2.55098,0.0135269,0.216591,1.9199,0.144599,0.00320227,0.185088,1.98227
26.795827664,1.90806,0.194992,0.0481821,0.0625682,2.83359,0.0503396,0.128926,2.12256,0.0845858,0.000613584,0.169342,2.39718
26.842267574,1.29048,0.158875,0.0596239,0.144107,2.814,0.0568694,0.116404,2.4039,0.0580789,0.0282272,0.433252,2.65535
26.888707483,0.862541,0.539776,0,0.125728,2.78187,0.0382964,0.405258,2.52128,0.0200053,0.0395573,0.746682,2.39602
26.935147392,0.948285,1.10554,0.0531904,0.00765319,2.54084,0.0264989,0.471037,2.08956,0.089509,0.41447,0.723098,1.75253
26.981587302,1.96954,1.26997,0,0,1.79975,0.088894,0.47867,1.5723,0.268458,1.7274,0.170644,0.470645
27.028027211,2.50766,1.22151,0.110899,0,1.19072,0.144979,0.404663,1.46078,0.11394,2.39868,0.082517,0.0351877
27.074467120,2.62285,1.23582,0.0925661,0,1.12533,0.136291,0.130102,1.9136,0.327029,2.20913,0.0468604,0.00183929
27.120907029,2.44747,0.915928,0.122341,0,0.9851,0.00631411,0.373964,1.60288,0.673943,1.44252,0.182176,0.0250823
27.167346939,1.77067,0.722465,0.201973,0,0.837792,0.0299631,0.37073,1.24136,0.711878,1.07007,0.346706,0.16796
27.213786848,1.34752,0.806408,0.519455,0,0.934032,0.0405939,0.581693,1.04659,0.571608,1.44176,0.388567,0.187935
27.260226757,1.43279,0.969185,0.612949,0.00805076,0.950637,0.0318183,0.399341,1.45406,0.201402,2.66566,0.312073,0.066092
27.306666667,1.75258,0.942508,0.344036,0,1.43367,0.007,0.0190593,2.17009,0.0635655,3.26375,0.296798,0.000237344
27.353106576,2.00106,0.989763,0.184149,0.00780994,1.72584,0.0323128,0.00774477,2.33326,0.00832667,3.12089,0.244943,0.000133552
27.399546485,2.53249,0.830812,0.195677,0.0060612,1.79509,0.0245376,0.0348227,2.00198,0.0128539,2.85622,0.109283,0.000157414
27.445986395,2.93046,0.719612,0.385572,0.00294337,1.71595,0.0132446,0.0327081,1.6749,0.0211973,3.02057,0.0830398,0.000169121
27.492426304,3.07232,0.613665,0.542613,0.154635,1.65036,0.00948339,0.275763,1.46397,0.160492,3.23389,0.0561774,0.00108703
27.538866213,2.99262,0.473543,0.539378,0.219264,1.61602,0.00268119,0.215945,1.4456,0.289527,3.30251,0.0797286,0.0128308
27.585306122,2.59957,0.549138,0.772761,0.191338,2.06134,0.0122657,0.050351,1.43022,0.272548,3.23647,0.143835,3.83372e-05
27.631746032,1.93503,0.507964,1.08014,0.00332773,2.47157,0.154855,0.0852547,0.95224,0.873321,2.64885,0.180059,0
27.678185941,0.856671,0.718798,0.634537,0.145191,2.58706,0.26442,0.0463128,0.24673,1.10416,2.44264,0.174791,0
27.724625850,0.228885,1.11222,0.29435,0.232516,2.62784,0.33843,0.0718063,0.11579,0.953786,2.72593,0.21638,0.181534
27.771065760,0.0163861,1.58484,0.194635,0.106887,2.95282,0.262878,0.0408087,0.194349,0.742508,2.70693,0.276765,0.564735
27.817505669,0.0568373,2.29599,0.0717385,0.239579,2.9287,0.0389096,0.0508779,0.210814,0.413557,2.90832,0.269604,0.574046
27.863945578,0,2.65875,0.106828,0.172451,2.75528,0.0388571,0.0449214,0.174509,0.127481,3.02684,0.205766,0.36648
27.910385488,0.013502,2.63755,0.0895818,0.103847,2.41217,0.222612,0.00613125,0.44584,0.0173,3.03887,0.125883,0.275688
27.956825397,0.0882303,2.30041,0.15978,0.0774597,2.27636,0.0174716,0.435111,0.529853,0.00769622,3.22797,0.124638,0.690493
28.003265306,0.215754,1.17469,0.0508262,0.057142,2.26901,0.00798221,1.05987,0.503598,0.246877,3.27973,0.212776,0.952275
28.049705215,0.0670444,0.582974,0.396515,0.110996,2.25227,0.0270876,1.23939,0.656425,0.470748,2.84936,0.327483,0.993892
28.096145125,0.179954,0.31884,0.870541,0.124201,2.28144,0.0255729,1.2045,0.598586,0.493797,2.55297,0.382673,1.03607
28.142585034,0.319247,0.422046,0.58547,0.233805,1.87067,0.014257,0.95954,0.906322,0.270399,2.84662,0.352578,1.01783
28.189024943,0.0785723,0.791172,0.0330014,0.217706,1.98909,0,0.743276,0.748541,0.144004,2.94278,0.879777,0.697276
28.235464853,0.0624412,0.897248,0.0140674,0.229923,1.96618,0.0127635,1.17457,0.709523,0.0787126,1.71796,1.15488,1.36794
28.281904762,0.195262,0.567154,0.0402318,0.820175,1.10961,0.0415428,1.90076,0.803806,0.100518,0.451484,0.906764,2.03218
28.328344671,0.192536,0.476289,0.062286,0.880997,0.868454,0.00156048,2.30644,0.620893,0.0788314,0.181656,0.717635,2.10114
28.374784580,0.346243,0.508649,0.0272263,0.911448,0.734369,0.0597097,2.57076,0.386604,0.00806254,0.398775,0.71733,1.74752
28.421224490,0.360331,0.384216,0.0396592,1.19469,0.761955,0.0380123,2.47314,0.208266,0,0.423339,0.674507,2.26044
28.467664399,0.254575,0.331305,0.216272,1.25893,0.838094,0.0442552,2.33517,0.140197,0.060719,0.193753,0.276886,3.18295
28.514104308,0.131262,0,0.431847,0.749158,0.923247,0.0535541,2.54347,0.15189,0.158449,0.0136816,0.0865149,3.31686
28.560544218,0.172988,0,0.323482,0.401997,1.19112,0.255367,2.79754,0.0461027,0.0869134,0.0731904,0.276721,2.96622
28.606984127,0.205256,0,0.200491,0.391133,1.19558,0.201371,2.79385,0.0155372,0.0530069,0.152469,0.835197,2.99282
28.653424036,0.406613,0.191602,0.256536,0.15909,0.959119,0.190939,2.31791,0.0298963,0.308096,0.982551,0.962822,2.778
28.699863946,0.847235,0.119762,0.251866,0.00307407,0.780361,0.0598959,1.6552,0.612975,0.321958,1.41756,0.896625,1.34709
28.746303855,0.974329,0.109344,0.675638,0.0102558,0.873338,0.0219483,0.993224,1.44961,0.130448,1.21298,0.68937,0.460484
28.792743764,0.513835,0.241555,1.09918,0.000964632,0.954854,0.0561725,0.451395,2.7014,0.117447,0.730088,0.340998,0.879019
28.839183673,0.281459,0.364904,1.24221,0.00869094,0.852472,0.0225935,0.201275,3.58299,0.111681,0.260555,0.428436,1.585
28.885623583,0.545973,0.316802,0.740839,0.00925852,0.737397,0.0950409,0.0481217,3.75231,0.0966773,0.160753,0.254042,1.73477
28.932063492,0.917314,0.234703,0.418755,0.0592179,0.701605,0.0146085,0.0234573,3.36073,0.0116877,0.0952557,0.227537,1.74608
28.978503401,0.784014,0.227178,0.642508,0.0435869,0.693128,0.0143051,0.0328495,2.97886,0,0.0812746,0.365715,1.66227
29.024943311,0.666267,0.0782772,0.964759,0.0623429,1.26149,0.0268623,0.172636,3.22387,0,0.235744,0.446838,1.18078
29.071383220,0.337754,0.325427,1.30267,0.000110391,1.08796,0.0254591,0.146544,3.50713,0.0655236,0.56195,0.313999,0.980295
29.117823129,0.296895,0.534308,1.29335,0.0338893,0.417585,0.015828,0.154416,3.40085,0.0740584,0.681232,0.679108,0.591291
29.164263039,0.402722,0.529528,1.53251,0.05549,0.508825,0.0280848,0.386303,2.94537,0.0845189,0.192184,0.741759,0.593387
29.210702948,0.368073,0.5346,1.40549,0.0486449,0.683478,0.0256238,0.253754,3.17826,0.0395572,0.0440176,0.612708,0.91872
29.257142857,0.501649,0.744127,1.46725,0.110569,0.98525,0.00328794,0.0307771,3.52673,0.00127824,0.0610815,0.498976,1.00833
29.303582766,0.611467,0.941581,1.45649,0.115571,1.01421,0,0.0634073,3.59745,0.076127,0,0.621653,1.42946
29.350022676,0.770419,0.737216,1.04404,0.00382736,0.901345,0.125553,0.228163,3.05189,0.133338,0.0191382,0.528552,1.78425
29.396462585,0.695137,0.588672,0.922506,0.120409,1.18896,0.112052,0.399508,2.56455,0.201662,0.0608698,0.462507,1.53176
29.442902494,0.516779,0.217234,1.23943,0.221111,1.57347,0.0530785,1.42657,0.783474,1.58847,0.113012,0.421975,0.671113
29.489342404,0.400316,0.19907,0.88517,0.425878,1.70966,0.0441995,1.66832,0.371804,2.14945,0.0831869,0.897026,0.414289
29.535782313,0.300764,0.16768,0.667159,0.719455,1.64991,0.0218034,1.66908,0.410832,2.02213,0.0309499,1.11012,0.38074
29.582222222,0.24543,0.171102,0.834405,0.826224,1.18199,0.0370388,1.56521,1.00154,1.83764,0.069475,1.20516,0.398968
29.628662132,0.1885,0.545318,1.15697,0.344501,0.835314,0.0650913,1.06427,1.35695,1.60698,0,1.22051,1.00205
29.675102041,0.300782,0.344867,1.29553,0.203728,0.784855,0.159413,1.26798,1.45094,1.45193,0,0.181081,1.44262
29.721541950,0.602288,0.243899,1.10324,0.388437,1.11085,0.0625369,1.39159,0.982431,1.25071,0,0.0158216,1.76758
29.767981859,0.239031,0.389807,0.550557,0.857441,1.01721,0.0425408,1.36144,0.829442,1.24374,0,0.0724623,1.52903
29.814421769,0.0891246,0.90675,0.687045,0.873526,0.754259,0.0374429,1.32562,1.17797,1.12708,0.0343153,0.11052,1.28538
29.860861678,0.153025,0.69568,0.853586,0.774209,0.585303,0.0491013,1.32219,1.52102,0.803724,0.0795338,0.110677,1.24278
29.907301587,0.14756,0.68583,0.697858,0.288124,0.620684,0.0598549,1.01424,2.01385,0.673903,0.0625707,0.27199,1.61379
29.953741497,0.14776,0.469716,0.333341,0.124742,0.687033,0.0451254,1.30069,2.17168,0.590757,0.00160656,0.581964,1.78512
30.000181406,0.30547,0.328713,0.144813,0.0796938,0.541128,0.0343451,1.48026,1.56037,0.866266,0.164411,0.915671,1.67522
30.046621315,0.210156,0.299881,0.0457755,0.158716,0.799556,0.0873655,0.646719,1.38833,1.0696,0.156239,1.18571,1.50856
30.093061224,0.213964,0.337837,0.234196,0.102846,1.25483,0.1136,0.191322,1.18409,1.0138,0.12592,1.21976,1.56916
30.139501134,0.194541,0.916053,0.30122,0.0223239,1.36537,0.118442,1.07497,1.09109,0.974995,0.1429,1.10531,1.14625
30.185941043,0.0880565,1.08407,0.314813,0.0903219,1.14327,0.0869698,2.01117,1.0962,0.769902,0.111891,0.608397,0.906537
30.232380952,0.272357,0.730068,0.139863,1.01675,1.30682,0.00298018,1.76747,1.03873,1.94826,0,0.090894,0.833518
30.278820862,0.43967,0.145886,0.210261,1.16425,1.38747,0.0183061,0.666957,1.30699,3.12309,0,0.0320225,0.703263
30.325260771,0.424321,0.00880399,0.232012,1.25257,1.4047,0.015357,0.00280123,1.20867,3.29093,0.0732634,0,0.77744
30.371700680,0.46262,0.112286,0.324977,1.57057,1.62593,0.0697642,0,1.19496,3.13201,0.00267248,0,0.773862
30.418140590,0.613172,0.125359,0.195563,1.45885,1.59848,0.15912,0.161245,1.18605,2.68429,0.00218776,0.0386873,0.88233
30.464580499,0.607122,0.196413,0.166253,1.41645,1.65776,0.162816,0.247472,1.2976,1.65131,0.0515573,0.107755,0.897184
30.511020408,0.479414,0.234314,0.281531,0.147779,2.1693,0.144521,0.224464,1.50572,0.424406,0.103662,0.143165,1.03347
30.557460317,0.401037,0.276105,0.322054,0.0100937,2.01189,0.185994,0.19435,1.29972,0.0367389,0.15727,0.522388,1.24709
30.603900227,0.784609,0.266175,0.205008,0,1.61909,0.274736,0.282318,1.18385,0.0843261,0.117094,0.384506,1.16279
30.650340136,0.984853,0.454102,0.117427,0.0476252,1.28215,0.217195,0.426199,1.32458,0.0881349,0.0665252,0.31981,1.32018
30.696780045,1.27251,0.278022,0.058402,0.147182,1.19049,0.0176884,0.92806,1.55917,0.113495,0.527828,0.3342,1.14017
30.743219955,1.10248,0.267407,0.190549,0.164356,1.0968,0.132511,1.09841,1.60051,0.126081,0.672299,0.325705,1.01303
30.789659864,0.888745,0.336519,0.581929,0.150762,1.39933,0.260654,0.627579,1.78969,0.136551,0.437341,0.482242,0.92547
30.836099773,0.81375,0.377695,0.826158,0.143336,1.57588,0.150229,0.0190282,1.69209,0.488015,0.160488,0.725682,1.1608
30.882539683,0.337841,0.178656,0.447694,0.0304871,2.38641,0,0,1.90104,0.529372,0.124373,1.02779,1.62618
30.928979592,0.0757745,0.0814832,0.497237,0,2.46325,0,0,1.49069,0.263104,0.321424,0.748677,1.69365
30.975419501,0.630199,0.0217077,0.832964,0.0234339,1.9301,0,0,1.136,0,0.196967,0.405859,1.4556
31.021859410,0.590848,0.187881,0.550955,0.238048,1.64094,0.00193267,0.0417536,1.35866,0,0.310234,0.295493,1.11047
31.068299320,0.679809,0.393162,0.69601,0.248087,1.47175,0.26906,0.00645637,1.2936,0,0.36551,0.201161,0.941563
31.114739229,0.468528,1.25927,0.79071,0.125897,0.792762,0.489719,0.112417,1.17115,0,0.65036,0.142451,0.854696
31.161179138,0.0940813,1.61308,0.659448,0.0268804,0.464661,0.820877,0.600533,1.1951,0,0.790547,0.18196,0.993817
31.207619048,0.0640999,1.00916,0.5629,0,0.157384,0.642083,1.42352,1.09879,0.232963,1.08621,0.495218,1.20828
31.254058957,0.0332602,0.712367,0.782049,0,0.0334555,0.435036,1.59396,0.421521,0.698014,1.46824,0.522228,0.860372
31.300498866,0.198529,0.597638,1.33901,0.174414,0.0422811,0.55972,1.07652,0.822483,0.500227,1.32848,0.677062,0.884205
31.346938776,0.480377,0.633416,1.76496,0.25248,0.0363636,0.729688,0.348135,1.75191,0.0842744,1.16834,0.406595,1.09415
31.393378685,0.334333,0.282571,2.06417,0.449275,0.0219343,0.618509,0.10306,2.47084,0.0458735,1.04744,0.0895286,0.71057
31.439818594,0.112563,0.138317,2.11181,0.686596,0.0546722,0.352403,0.254565,2.57781,0,1.01015,0.0532,0.779275
31.486258503,0.165158,0.0745709,2.24018,0.375582,0.0654447,0.307549,0.57982,1.75208,0.00236397,1.31266,0.0224945,1.02421
31.532698413,0.504099,0.166993,1.82774,0.381694,0.383577,0.426421,0.633567,0.747037,0.257819,1.71603,0.0084364,0.958512
31.579138322,0.785432,0.310428,0.988707,0.740726,0.627538,0.582533,0.273359,0.96933,1.01579,1.40529,0.0577953,0.716694
31.625578231,0.980104,0.230746,0.982172,0.727167,0.506925,0.563417,0.0768353,1.2012,1.19843,1.18763,0.234608,0.719776
31.672018141,0.995129,0.117663,1.39528,0.699301,0.316722,0.476956,0.0739126,1.53972,1.15399,0.866188,0.247055,0.734027
31.718458050,0.588621,0.223468,1.57825,0.424546,0.0696722,0.252891,0.16649,1.94971,1.10734,0.479439,0.510949,1.16941
31.764897959,0.419516,0.108197,1.47159,0.0720647,0.28605,0.387956,1.1372,2.2834,0.791819,0.291885,0.514261,1.55901
31.811337868,0.342801,0,1.46241,0.0365753,0.255269,0.516611,1.63571,1.99258,0.0477901,0.283633,0.266878,2.12384
31.857777778,0.241886,0,1.6787,0.0462041,0.298151,0.516432,1.63377,1.42987,0.0356015,0.469484,0.0689835,2.53587
31.904217687,0.240858,0,0.717862,0.19864,0.968552,0.139461,1.78683,0.8555,0.471506,0.984766,0,2.20667
31.950657596,0.413858,0,0.24304,0.249628,0.914013,0.0715762,1.29599,1.10558,1.08567,1.10538,0.00476656,1.87031
31.997097506,0.162311,0,0.421698,0.230067,0.862005,0.0184679,0.776394,1.36879,1.55402,0.69112,0,1.7312
32.043537415,0.051176,0.137942,0.841213,0.152681,0.723221,0.321215,0.478196,1.07063,2.05065,0.0829374,0.000236925,1.78274
32.089977324,0.000187766,0.243282,1.23297,0.0104007,0.212626,0.629401,0.0680836,1.22235,2.06294,0,0.00109831,2.2671
32.136417234,0.153182,0.41127,1.47457,0.242268,0.237971,0.609888,0.578715,1.65572,0.371647,0.00225866,0.372682,2.16972
32.182857143,0.641885,0.698718,1.2121,0.288221,0.095235,0.532889,0.901142,1.68481,0.0312416,0.00701487,0.418667,1.91181
32.229297052,0.973384,0.769086,1.04856,0.415359,0.193774,0.295027,1.0667,1.22973,0.0381714,0.0285039,0.631976,1.8439
32.275736961,1.08618,0.463218,1.01296,0.522507,0.329913,0.149655,0.969885,1.33354,0.0808063,0.082817,0.752539,1.66466
32.322176871,1.02503,0.227398,1.25877,0.49361,0.341817,0.257178,0.280664,2.37564,0.108467,0.123083,0.302468,1.7119
32.368616780,0.765296,0.133525,1.90758,0.333569,0.0205572,0.494707,0.0987008,2.99613,0.16893,0.109429,0,2.10471
32.415056689,0.426731,0.687118,0.759006,0.226192,0.074041,0.291734,0.381869,2.86981,0.104674,0.913396,0.158883,1.74347
32.461496599,0.561723,0.407848,0.189095,0.136865,0,0.0218427,0.948828,1.97186,0.317257,1.47891,0.590378,1.31635
32.507936508,0.550578,0.13561,0.113082,0.339161,0.00714928,0.0361769,1.15986,1.65021,0.567113,1.59949,0.500358,1.25462
32.554376417,0.435052,0.17567,0.410704,0.585709,0.0350028,0.101207,1.02345,1.43737,0.541459,1.61718,0.125165,1.5785
32.600816327,0.257115,0.183154,0.781531,0.67387,0.0296058,0.170226,0.411623,1.66541,0.670137,0.997847,0.000123448,2.07451
32.647256236,0.204035,0.121387,1.16282,0.875617,0.0764161,0.0221285,0.0635407,1.6469,1.25738,0.593579,0,2.06109
32.693696145,0.35411,0.0398392,0.808692,1.13044,0.0903535,0.00942884,0.0811367,1.80588,1.26013,0.67411,0,1.33771
32.740136054,0.61196,0.110184,0.793853,1.21457,0.0995286,0,0.164502,1.89026,0.530164,0.611083,0.012843,0.739969
32.786575964,0.782758,0.229469,0.960702,0.984012,0.1478,0,0.109916,2.10128,0,0.175942,0,0.841632
32.833015873,0.542606,0.667161,1.89542,0.671288,0.418839,0.0648815,0.280255,2.53108,0.054238,0.123023,0.00711181,1.18778
32.879455782,0.263495,0.838308,2.04863,0.215461,0.0582902,0.497981,0.347655,2.68351,0,0.446034,0.194769,1.74451
32.925895692,0.181039,0.719488,2.0443,0.113255,0.290994,0.693143,0.179452,2.63591,0,1.01666,0.370944,1.4645
32.972335601,0.424419,0.272537,1.67321,0.0337662,0.547316,1.10231,0.058359,2.18931,0.000794206,1.57393,0.201905,1.14178
33.018775510,0.66222,0.327904,1.27627,0,0.317297,1.49581,0.0120577,1.70909,0.0692101,2.32521,0.212235,0.631079
33.065215420,0.606154,0.411633,0.958302,0,0.16515,1.55559,0.0251883,1.33551,0.0855934,2.67836,0.236155,0.474087
33.111655329,0.714785,0.266806,0.802416,0.240016,0.284972,1.56745,0.0314631,1.46578,0.169784,2.62832,0.207863,0.611972
33.158095238,1.31922,0.228874,0.7435,0.411643,0.451228,1.38109,0.0812498,1.28895,0.321577,2.36839,0.101124,0.662909
33.204535147,2.16965,0.0457324,0.409282,0.633494,1.16027,0.772914,0.165511,1.12774,0.788272,2.07045,0,0.254176
33.250975057,2.79305,0,0.133365,0.229329,1.87196,0.104182,0.0403339,1.54397,1.00491,1.63993,0.0277768,0.148449
33.297414966,2.20104,0.392305,0.717214,0.0432291,1.52943,0.182935,0.0184139,1.70759,0.729936,0.84301,0.0620452,0.904244
33.343854875,1.59757,0.771671,0.728463,0.0301337,0.941756,0.0811335,0.0797219,1.97647,0.589365,0.445034,0.0660505,1.2756
33.390294785,1.06119,0.741312,0.770036,0.0359072,0.829088,0.184257,0.10032,2.08157,0.52932,0.53833,0.0959232,1.37002
33.436734694,0.928201,0.565012,0.857428,0.167481,1.01792,0.0774227,0.0927765,2.10729,0.380818,0.613413,0.140732,1.33761
33.483174603,0.938243,0.368326,0.513631,0.231742,1.38568,0.03759,0.054461,2.84541,0.137261,0.472727,0.177575,1.20312
33.529614512,1.77383,0.0306998,0.229529,0.0888742,1.54808,0.0115859,0,2.6731,0.179877,0.337722,0.277009,0.924155
33.576054422,2.3701,0.198104,0.408616,0.0461113,1.42744,0.00345754,0.00951181,1.91438,0.637422,0.719371,0.337245,0.329446
33.622494331,2.74172,0.181334,0.429113,0.161181,1.24934,0.00522226,0.0809203,1.91195,1.20048,0.522103,0.474986,0.525511
33.668934240,2.6064,0.119314,0.595752,0.179357,1.19274,0.0145407,0.0573126,1.84089,1.03015,0.211486,0.466311,0.952103
33.715374150,2.51409,0.0210461,0.69226,0.00195825,1.28037,0.115896,0.0389317,1.78307,0.684617,0.0449689,0.511652,1.17999
33.761814059,2.52547,0.0984572,0.594445,0.0693702,1.48142,0.473922,0.0462648,1.78086,0.126994,0.718009,0.144258,1.15229
33.808253968,2.15781,0.0231459,0.386265,0.121926,1.75112,0.499655,0.292305,1.59004,0.229865,1.69165,0.136269,0.896633
33.854693878,1.60922,0.215827,0.482263,0,1.57018,0.595626,0.320277,1.66088,0.334101,1.78191,0.120932,0.577337
33.901133787,2.04798,0.239679,0.633017,0,1.19024,0.519503,0.268542,1.46404,0.240428,1.65201,0.0209177,0.235467
33.947573696,1.87168,0.344123,0.650359,0.0831807,1.08333,0.472023,0.183646,1.81189,0,1.41204,0.115734,0.512766
33.994013605,2.04201,0.397065,0.404385,0.0058065,0.883352,0.580413,0.150832,1.9935,0,1.47546,0.0867135,0.725362
34.040453515,2.33009,0.303761,0.108557,0.192746,1.47319,0.474577,0.120507,2.15865,0,1.6108,0.165002,0.676883
34.086893424,2.14521,0.204865,0.215802,0.36999,1.80348,0.517337,0.206391,1.65115,0.0272221,1.80762,0.120788,0.548185
34.133333333,2.03923,0.159059,0.30046,0.165613,1.18027,0.797577,0.301249,1.09934,0.123907,1.69372,0.241418,0.518874
34.179773243,1.87368,0.266112,0.176547,0.0883688,0.128757,1.16465,0.247072,0.849056,0.170707,1.80754,0.198564,1.05941
34.226213152,1.32246,0.248379,0.0813966,0.00164272,0.447822,0.981125,0.328947,0.985136,0.16445,1.44845,0.366206,1.28025
34.272653061,1.28093,0.0787364,0.000621774,0.192435,0.707152,0.561126,0.651832,0.88046,0.18297,1.16822,0.231408,1.50591
34.319092971,1.49411,0.143369,0,0.250463,1.19259,0.426111,0.699808,1.25025,0.122442,0.818345,0.167615,1.60631
34.365532880,1.52761,0.159859,0.0015009,0.0483137,1.59551,1.53409,0.269532,1.40089,0.0970495,0.568953,0.310271,1.91978
34.411972789,1.70343,0.267678,0.209431,0.0682114,1.80284,1.68561,0.0212806,1.13348,0.0668587,0.243518,0.653965,1.05844
34.458412698,2.09007,0.101216,0.427145,0.146895,1.6913,1.77217,0.0897467,0.956426,0.0183151,0.236281,0.555912,0.313511
34.504852608,2.25738,0.0641432,0.392206,0.0177266,1.71237,2.13598,0.0467898,0.740482,0.0504224,0.278763,0.643768,0.494774
34.551292517,2.825,0,0.280792,0.100744,1.83431,1.52498,0.538017,0.803836,0.0855687,0.13492,0.56313,0.631941
34.597732426,3.47191,0.0408059,0.470919,0.0404635,2.09417,0.383545,0.889087,0.776385,0.18232,0,0.686594,0.448972
34.644172336,3.4362,0.0988828,0.656831,0.0864784,1.79967,0.0947998,0.823114,0.74822,0.0758697,0,0.356549,0.528689
34.690612245,2.6673,0.150901,0.683207,0.444134,1.0774,0.412291,0.836765,0.626801,0.027206,0.776931,0.141305,0.457366
34.737052154,2.0337,0.212571,0.656063,0.70436,0.472603,0.638278,0.0666534,0.787042,0.05797,1.31013,0.0931922,0.564659
34.783492063,1.70129,0.246615,0.525458,0.543316,0.481404,0.675442,0.00961918,1.5029,0.109757,1.45296,0,0.605084
34.829931973,1.45496,0.192093,0.789483,0.344731,0.753271,0.635635,0.0149555,1.82691,0.10599,1.53815,0,0.631367
34.876371882,1.22401,0.120131,1.48955,0,1.34647,0.515667,0.0332305,1.78512,0.0886991,1.7375,0,0.704737
34.922811791,0.831191,0.102986,1.91259,0,1.54418,0.148053,0.0760975,1.89147,0.0572852,1.9135,0,0.682201
34.969251701,0.524848,0.120091,2.20719,0,1.49407,0.0521122,0.117956,2.02931,0.0685333,1.97897,0.0483915,0.40196
35.015691610,0.7146,0.187065,2.27057,0,1.59118,0.0376415,0.0764438,1.8952,0.171184,2.16749,0,0.0103818
35.062131519,0.929788,0.426641,1.33619,0.0117884,1.81108,0.0152206,0.104641,1.57192,0.483133,2.34963,0.0737287,0.22285
35.108571429,1.00642,0.80126,0.911076,0.163781,1.42367,0,0.323648,0.464919,0.608498,2.08644,0.704549,0.517322
35.155011338,0.857473,0.797765,0.96916,0.390606,1.04349,0.0221253,0.424406,0.879511,0.76643,0.908678,0.808218,0.444928
35.201451247,0.652102,0.599894,1.09247,0.545447,1.11682,0.0271402,0.275036,1.05046,1.12482,0.594254,0.613676,0.546903
35.247891156,0.356126,0.357202,1.34978,0.180813,1.68299,0.0190816,0.0318004,1.0934,1.72557,0.628393,0.529894,0.690365
35.294331066,0.469533,0.070779,1.89729,0.0954305,2.05487,0.0776842,0.240688,1.00595,1.88017,0.529808,0.334185,0.558564
35.340770975,0.78705,0.178982,1.5598,0.0290791,2.08774,0.0466063,0.350504,2.0804,0.616237,0.629567,0.461349,0.11501
35.387210884,0.71658,0.352975,1.48284,0.0359659,2.07541,0,0.0105648,2.51789,0.0104953,0.591932,0.579296,0.122338
35.433650794,0.463871,0.372214,1.49874,0.0464679,2.05478,0,0.00472204,2.45433,0.00510616,0.706556,0.462375,0.760403
35.480090703,0.291095,0.258065,1.37229,0.0632965,1.9577,0.0114117,0.0306294,2.27954,0.0696941,1.10433,0.329935,0.986597
35.526530612,0.503578,0.681501,1.82511,0.11498,1.79999,0.0777599,0.0387722,1.79814,0.0962307,1.45047,0.211461,1.12926
35.572970522,0.325137,1.07819,2.36117,0.19141,0.661184,0.0121279,0.305514,1.07896,0.182145,1.55823,0.177532,1.29773
35.619410431,0.336856,1.24356,2.33909,0.14405,0.50084,0,0.567232,0.585059,0.29806,1.63606,0.154325,0.766391
35.665850340,0.279944,1.61255,1.71069,0.0139966,0.802182,0.232705,0.740403,0.661594,0.0285234,1.91525,0.124204,0.15382
35.712290249,0.489486,1.34607,1.71036,0.139338,0.598771,0.194415,0.689157,0.364091,0.0156554,2.19402,0.2847,0.120734
35.758730159,0.42981,1.23879,1.72301,0.278108,0.444962,0.213565,0.698915,0.195604,0,2.31778,0.0382553,0.290677
35.805170068,0.445212,0.667637,1.62909,0.707744,0.290954,0.274094,0.217533,0.203566,0.695179,2.08402,0.113981,0.49316
35.851609977,0.553479,0.463378,1.35815,1.0857,0.118172,0.399262,0.0456435,0.554517,1.34112,1.64787,0.111997,0.60005
35.898049887,0.323816,0.35755,2.06257,0.696284,0.102808,0.57863,0.00121623,1.97826,0.809596,0.796708,0.0138548,0.590488
35.944489796,0.264868,0.525923,2.0755,0.444264,0.0702882,0.567658,0.0190162,2.7327,0.112768,0.735366,0.00468203,0.871279
35.990929705,0.27901,0.662837,2.43,0.0504693,0.146411,0.60552,0.0281122,2.6294,0.08996,0.331251,0.0817634,1.40479
36.037369615,0.693842,0.409612,1.80187,0.0330148,0.17617,0.489492,0.400993,1.67505,0.106823,0.0513232,0.214751,1.69447
36.083809524,0.532653,0.0710075,1.64638,0.0409504,1.15835,0.933116,0.311564,0.636656,0.234959,0.00160124,0.295448,1.7349
36.130249433,0.235395,0.0483762,1.68521,0.0135501,1.46907,1.29076,0.290983,0.694993,0.521686,0.206267,0.19022,1.8683
36.176689342,0.197996,0.0695971,1.67111,0.0168428,1.66425,0.964851,0,0.611117,0.644881,0.652502,0.133802,1.83108
36.223129252,0.271351,0.0904515,1.59426,0.168198,1.50449,0.00564517,0.030498,0.730985,0.382591,1.21385,0.329731,0.753897
36.269569161,0.227384,0.0474566,1.64576,0.555622,0.975339,0,0.271186,0.880955,0.128073,1.47192,0.334604,0.345164
36.316009070,0.181351,0,1.84526,0.552864,0.735723,0,0.576072,0.974894,0.0785808,1.66442,0.334274,0.186477
36.362448980,0.0675219,0.00243127,2.0296,0.13092,0.867978,0,0.740944,1.15771,0.342099,1.57177,0.393066,0.180609
36.408888889,0.548057,0.0690565,2.74753,0.232768,1.06021,0.00479162,0.0729354,0.585223,0.142897,0.823756,0.529476,0.649512
36.455328798,0.948916,0.154589,2.55817,0.368699,1.05835,0.184927,0,0.416135,0.52173,0.295145,0.258144,0.643148
36.501768707,0.790349,0.206024,2.1375,0.394687,1.14874,0.126357,0.901419,0.471506,1.07576,0.270928,0.149676,0.875899
36.548208617,0.354273,0.107016,1.83743,0.178655,1.33253,0.00850898,1.48371,0.328011,1.59431,0.126038,0.491085,1.24227
36.594648526,0.212181,0.0576609,1.32191,0.13267,1.35343,0.00605425,1.66693,0.60598,1.76752,0.0797624,0.581436,1.30253
36.641088435,0.137603,0.183116,0.797384,0.446521,1.49767,0.000813728,1.74165,1.37701,1.57212,0.0555248,0.205603,0.917771
36.687528345,0.070988,0.591035,0.771166,0.832144,1.1541,0.0530221,1.58004,2.04747,1.25766,0.0584855,0.0513949,0.409153
36.733968254,0.0311503,0.779682,1.0677,0.931903,0.405699,0.0678159,1.34469,2.37702,1.04175,0.0572491,0.214525,0.83809
36.780408163,0.0423489,0.663352,1.36323,1.46984,0.0662182,0.0734656,0.882728,1.92729,0.816598,0,1.11638,1.08269
36.826848073,0.00671338,0.351606,1.28679,1.35677,0.211975,0.0424518,0.906645,1.61215,0.728909,0.0051716,1.40676,0.831155
36.873287982,7.06232e-05,0.238672,1.24126,1.19579,0.234198,0.0219099,0.735718,1.25966,1.20726,0.0698739,1.19877,1.0807
36.919727891,0.00255755,0.149572,1.16447,0.76692,0.375087,0.0326834,0.779365,1.7174,0.950455,0.265135,0.234179,1.54184
36.966167800,0.157327,0.133245,1.27554,0.141147,0.472546,0.0493033,0.894959,1.68513,0.391198,0.606304,0.310527,1.65528
37.012607710,0.257532,0.451847,0.934488,0.188039,0.753328,0.0575596,1.28662,1.34464,0.0047837,0.514398,0.778938,1.66687
37.059047619,0.24731,0.760685,0.411353,0.110976,1.06728,0.0369603,1.51548,1.13051,0.0399843,0.123569,1.28646,1.71236
37.105487528,0.151859,0.390456,0.0560734,0.0878076,1.2297,0.00881407,1.40299,1.61026,0.0868663,0.455897,1.50791,1.24406
37.151927438,0.414901,0.369389,0.0459813,0.0298283,0.974069,0,0.421479,2.2047,0.0119691,0.267063,0.850504,1.77406
37.198367347,0.434542,0.336843,0.00353613,0.0186457,1.11633,0,0.0112036,2.9214,0,0.237225,0.352832,1.87264
37.244807256,0.385248,0.202589,0.00546149,0.0681469,1.36512,0.0058448,0.0355404,3.11074,0.00550335,0.259058,0.544166,1.70457
37.291247166,0.147836,0.182468,0.187743,0.172613,1.58467,0.00879018,0.0413936,2.61175,0,0.514364,0.873299,1.64108
37.337687075,0.0710724,0.124306,0.321515,0.268116,1.66499,0.0221532,0.56615,1.56644,0.190274,0.349723,1.22276,1.70024
37.384126984,0.0319206,0.227917,0.539089,0.107114,2.20492,0.0266362,0.421058,1.08747,0,0.0903248,2.35849,1.29544
37.430566893,0.156281,0.15136,0.614916,0.0204065,2.52587,0.0262413,0.132489,1.13169,0.303126,0.220264,2.00262,0.40073
37.477006803,0.527777,0.10403,0.431028,0.106888,2.33665,0,0.140806,1.13087,0.778012,0.379451,1.8,0.203789
37.523446712,0.815903,0.162972,0.282326,0.0562507,2.00123,0.00586537,0.226721,1.16475,1.1557,0.594633,1.19885,0.149242
37.569886621,0.74971,0.209801,0.133722,0.0661056,1.89286,0.0872172,0.203734,1.66594,0.968219,0.576559,0.550199,0.421614
37.616326531,0.379072,0.174637,0.114989,0.0350601,2.22449,0.0964718,0.0853063,2.00449,0.703548,0.212735,0.203205,1.01361
37.662766440,0.271532,0.158467,0.173927,0.408474,2.04622,0.149838,0.122453,1.97907,1.3398,0.153789,0.0934144,1.3752
37.709206349,0.400148,0.423585,0.250769,0.316132,1.86127,0.3178,0.0277276,1.02679,2.01512,0.0758714,0,1.15967
37.755646259,0.601409,0.716701,0.329239,0.166362,1.74901,0.218257,0.0250878,1.30282,1.92149,0.0333403,0.00105206,0.875845
37.802086168,0.712391,0.286176,0.309226,0.328154,1.52673,0.0225391,0.654397,1.5589,1.5604,0.0358665,0.185479,0.904505
37.848526077,0.512571,0.296596,0.157277,0.365235,1.21632,0.0424789,1.62916,1.58049,1.00238,0.36775,0.188969,0.85635
37.894965986,0.391178,0.838913,0.337597,0.00401953,0.975754,0.0256607,2.05753,1.09356,0.430686,0.700131,0.39431,1.14962
37.941405896,0.387935,0.70637,0.422476,0.0142041,1.16343,0.0356588,2.07862,1.00615,0.209669,0.566029,0.367468,1.5093
37.987845805,0.852205,0.160717,0.182311,0.133832,1.47607,0.185114,0.875203,1.1894,0.17978,0.388275,0.82159,1.80446
38.034285714,0.870453,0.0815734,0.211001,0.0465541,1.82355,0.420883,0.0781178,1.31713,0.0827763,0.662183,0.850672,1.79741
38.080725624,0.517079,0.0864815,0.354056,0.131238,2.34385,0,0.0114275,1.4187,0.00162017,0.841009,0.59763,1.56881
38.127165533,0.401193,0.0358535,0.604149,0.374999,2.36958,0,0.0211939,1.04628,0.291713,0.385564,0.69991,1.03078
38.173605442,0.07718,0.0840057,0.817784,0.525631,1.91236,0.452713,0.0896182,1.3396,0.122376,0.0959772,0.499193,1.00581
38.220045351,0.145447,0.147134,1.07026,0.082209,1.31402,0.931845,0.202907,2.27592,0,0.195345,0.166736,1.24201
38.266485261,0.138064,0.154707,1.1987,0,0.881829,1.08465,0,2.67498,0,0.39676,0.19695,1.3654
38.312925170,0.127598,0.149377,1.1441,0,1.01736,0.842184,0,3.07426,0.0067639,0.429168,0.126684,1.4379
38.359365079,0.156191,0.11459,1.37733,0.315804,0.97542,0.610896,0,3.412,0.104477,0.166623,0.0372215,1.62675
38.405804989,0.136907,0.151134,1.41177,0.427496,0.630296,0.498075,0.0210717,3.49336,0.110203,0.126212,0.0577107,1.44845
38.452244898,0.154192,0.109813,1.40004,0.22546,0.338413,0.4426,0.0367499,3.46197,0.0896081,0.229073,0.000375187,1.5075
38.498684807,0.23271,0.120504,1.38327,0.05523,0.162836,0.327765,0.0930719,3.34092,0.0405544,0.459744,0.000604175,1.43989
38.545124717,0.363995,0.0278891,1.46175,0.168934,0.157188,0.533625,0.0961532,3.23076,0.0233747,0.509208,0.00149642,1.13823
38.591564626,0.171224,0.175461,1.71254,0.13938,0.152564,0.490012,0.0528243,3.59918,0.384156,0.46062,0.00723045,0.993688
38.638004535,0.255622,0.37723,1.78813,0.0441972,0.128347,0.536107,0.0122238,3.46013,0.427744,0.303776,0.101003,1.40561
38.684444444,0.255463,0.676798,1.64169,0.0217935,0.437864,0.597247,0.102604,2.47773,0.508917,0.974043,0.426982,1.1876
38.730884354,0.372349,0.579252,1.33443,0.173776,0.368463,0.167326,0.236384,2.02921,0.295603,1.0758,0.553948,0.881051
38.777324263,0.355453,0.436429,1.47221,0.153221,0.227599,0.189854,0.0895283,1.97888,0.75675,0.836501,0.533279,0.880436
38.823764172,0.286913,0.137427,1.60098,0.163983,0.0558953,0.214241,0.0841783,2.16098,1.12777,0.627143,0.519136,0.985572
38.870204082,0.171794,0.220643,1.4772,0.0403737,0.128665,0.216948,0.0654273,2.32327,0.911927,0.569791,0.534289,1.40365
38.916643991,0,0.493054,1.20268,0.0148925,0.0969897,0.457003,0.548443,2.53026,0.536316,0.433956,0.624469,1.08683
38.963083900,0.274185,0.467012,1.05067,0.0738964,0.0048244,0.407144,0.943597,2.32017,0.0662484,0.335466,0.750516,1.58583
39.009523810,0.424163,0.283906,1.30354,0.0229947,0.112703,0.24757,0.419404,1.40052,0.226429,0.181469,0.625065,2.13687
39.055963719,0.295608,0.277565,0.753445,0.0113009,0.538002,0.159406,0.0684576,1.03594,0.308787,0.275465,1.01525,2.10826
39.102403628,0.0406559,0.289988,1.24724,0.250114,1.0314,0.0617958,0.0795461,0.833095,0.380773,0.191341,1.24058,1.81697
39.148843537,0.0340926,0.245495,1.68779,1.20291,0.708456,0.265909,0.0864689,0.592826,0.456845,0.460449,1.06247,1.77447
39.195283447,0,0.386983,1.3851,1.18927,0.0745018,0.355675,0.100592,1.08587,0.964743,1.09711,0.876666,1.32775
39.241723356,0.0752693,0.971052,0.91424,0.699537,0.222035,0.412559,0.225328,1.85449,0.844965,0.833704,0.598465,1.10995
39.288163265,0.34577,0.9389,0.799495,0.674985,0.342809,0.558507,0.580683,2.01003,0.273929,0.589161,0.00248941,1.41349
39.334603175,0.745295,0.787281,0.84361,0.344599,0.0923614,0.613371,0.994385,1.95797,0.0698504,0.218202,0.137296,1.90763
39.381043084,0.578745,1.0403,0.805368,0.132935,0.131805,0.182859,1.04645,1.75963,0.000589551,0.168081,0.217934,2.26223
39.427482993,0.196174,0.891949,0.750477,0.187235,0.252514,0.288778,0.843483,1.66959,0.0159066,0.173815,0.313945,2.18079
39.473922902,0.174031,0.984107,0.980112,0.0229284,0.328351,0.421199,1.00394,1.90231,0.0937574,0.116368,0.305443,1.8954
39.520362812,0.348164,1.58762,0.468875,0,0.181363,0.42354,0.739539,2.18727,0.103193,0.0468176,0.362482,1.93144
39.566802721,0.761718,1.57162,0.353632,0.139164,0.213374,0.0997175,0.98052,1.64549,0.205158,0.0123973,0.515043,1.71712
39.613242630,0.6322,0.611859,0.0536609,0.14343,0.693726,0.0432614,0.926585,1.03483,1.10248,0.0243079,0.36508,1.44279
39.659682540,0.452547,0.0215013,0.543562,0.187346,0.764105,0.143208,0.842489,0.810119,1.46549,0.240061,0.182399,1.50209
39.706122449,0.463477,0.00950702,1.20574,0.0458332,0.460669,0.131453,0.163626,1.24166,1.65977,0.631462,0.0623576,1.84086
39.752562358,0.300534,0.175245,1.44432,0.170548,0.181667,0.146239,0.0443974,1.96465,1.28368,0.540903,0.00782568,1.99982
39.799002268,0.187595,0.299549,1.32684,0.181529,0.149368,0.0987328,0.055865,2.38224,0.912264,0.504695,0.207976,1.69805
39.845442177,0.232741,0.252998,1.62405,0.0428421,0.367677,0.0116908,0.066739,2.71761,0.55501,0.677999,0.322589,1.47895
39.891882086,0.291681,0.0152455,1.96226,0.0176306,0.290348,0.0278819,0.074263,3.02452,0.370373,0.40877,0.157461,1.28018
39.938321995,0.745915,0.0707555,2.15033,0.160621,0.569388,0.0384671,0.235303,3.25104,0.21084,0.332617,0.0123187,1.07193
39.984761905,0.279049,0.12989,2.25644,0.256209,0.246352,0.0682679,0.30284,3.17651,0.0013946,0.34652,0.0386728,1.3081
40.031201814,0.14043,0.254253,2.20712,0.533804,0.11924,0.442789,0.133127,2.5362,0.0148382,0.295661,0.111347,1.41436
40.077641723,0.164092,0.349599,2.08432,0.634241,0,0.890122,0.0320386,1.66028,0.0612143,0.387927,0.0992632,1.46062
40.124081633,0.806423,0.324108,1.85392,0.573828,0,0.862373,0.00142451,1.59591,0.107092,0.417262,0.0165236,1.3995
40.170521542,0.946552,0.219899,2.04093,0.535376,0.254246,0.688793,0.0174338,2.1863,0.116036,0.484325,0,1.26552
40.216961451,1.29914,0.141952,1.83883,0.303846,0.674476,0.438673,0.0304262,2.09916,0.10086,0.487695,0,1.34013
40.263401361,1.72423,0,1.24823,0.104071,0.508109,0.261043,0.234573,2.01101,0.0551624,0.822833,0,1.19758
40.309841270,1.97271,0,0.947692,0.167401,0.710699,0.0419984,0.221191,1.78672,0,0.892265,0,0.825471
40.356281179,1.82458,0,0.808711,0.246643,0.762934,0.0389538,0.140117,1.68437,0.0794095,0.624972,0.0163142,0.906854
40.402721088,1.20164,0.619561,0.858976,0.189126,0.775986,0.00909159,0.0918045,1.60491,0.227068,0.317194,0.204957,0.896498
40.449160998,1.57869,0.927298,0.616059,0.156171,1.20295,0.00463857,0.211139,1.60371,0.440532,0.1655,0.499626,0.160812
40.495600907,1.61269,0.795822,0,0.191987,1.60631,0.0315972,0.262584,1.55666,0.46778,0.269243,0.472325,0.601324
40.542040816,1.54695,0.356959,0.000291061,0.172528,1.9169,0.0319046,0.517399,1.20556,0.495374,0.149274,0.697478,0.96956
40.588480726,1.38412,0.100477,0.074896,0.156615,2.14662,0.0278262,0.369304,1.10107,0.5787,0.320236,1.12421,0.834764
40.634920635,1.28446,0.0616405,0.0940417,0.029981,2.0178,0.0150723,0.0279717,1.20355,0.615289,0.656799,1.01004,0.918133
40.681360544,1.8538,0.201992,0.532246,0.0175967,1.33289,0.232609,0,1.69378,0.604915,0.533559,0.791878,1.29887
40.727800454,2.33223,0.180417,1.00405,0.0146886,1.01319,0.425184,0.0665374,1.74872,0.781099,0.386293,0.549231,1.29034
40.774240363,2.41343,0.108667,1.065,0.0113797,1.32985,0.475205,0.0872049,2.27367,0.523282,0.110738,0.189834,1.58269
40.820680272,2.44368,0.0553801,0.881377,0.00844328,1.67638,0.379314,0.100142,2.43526,0.241306,0.0672178,0.430352,1.57079
40.867120181,2.44995,0.0937189,0.534712,0.273893,1.56116,0.375093,0.0543183,2.15163,0.198115,0.655733,0.640305,1.14677
40.913560091,2.53934,0.141654,0.248709,0.634745,1.05634,0.0730222,0.0438997,1.78991,0.208836,1.77577,0.312289,1.05187
40.960000000,2.45051,0.158214,0.218763,0.720624,0.764444,0.0780042,0.0376423,1.76357,0.460305,2.36603,0.133554,0.962974
41.006439909,2.6034,0.0399589,0.243638,0.600868,1.3772,0.634429,0.0649202,1.52456,0.429702,1.53996,0.00515345,0.457092
41.052879819,2.643,0.28037,0.228875,0.152282,1.54676,0.409252,0.22242,1.66585,0,1.72126,0.0311933,0.474944
41.099319728,2.87554,0.291385,0.0415299,0.03322,1.20079,0.162157,0.411348,1.81344,0,1.88236,0.0579118,0.700622
41.145759637,3.04788,0.290776,0.0434211,0.190724,1.32101,0.170018,0.343684,1.88658,0,1.81699,0.0986791,0.531445
41.192199546,3.04748,0.373951,0.118671,0.293894,1.77181,0.21398,0.429202,1.74385,0.0184841,1.67019,0.073362,0.363261
41.238639456,2.9002,0.366594,0.0736129,0.220757,1.98491,0.338045,0.452474,1.75271,0.10694,1.50627,0,0.407147
41.285079365,2.97124,0.395216,0.133297,0.289684,1.85469,0.285508,0.0400688,1.93682,0.134634,1.23865,0.297963,0.435865
41.331519274,2.21662,0.44538,0.211966,0.12266,1.67397,0.196296,0.282567,1.91906,0.130199,0.790451,1.44062,0.284121
41.377959184,1.77344,0.175241,0.144412,0.287939,1.51669,0.0236669,0.714104,1.58584,0.250518,0.203084,1.34658,0.331944
41.424399093,1.36038,0.124605,0.0443824,0.58619,1.57358,0.0393957,0.612119,1.5199,0.174818,0.26923,1.22211,0.570169
41.470839002,1.44761,0.147526,0.125909,0.529557,1.72449,0.0197094,0.262416,1.32912,0.116952,0.534821,1.26814,0.82193
41.517278912,1.81655,0.117565,0.231921,0.120531,1.75785,0.00728827,0.0510254,2.01473,0.187021,0.397068,1.12179,0.967988
41.563718821,2.38126,0.0310331,0.360418,0.154738,1.76237,0.00506634,0.0429219,1.96708,0.185407,0.0902883,0.524069,0.509759
41.610158730,2.25326,0.00035415,0.486574,0.0805596,1.96247,0.165194,0.56775,1.90281,0.0656099,0,0.542341,0.620297
41.656598639,2.73123,0.0859723,0.551498,0.00826963,2.07346,0.310517,0.888242,1.35688,0.184067,0,0.574372,0.707494
41.703038549,3.04412,0.0046324,0.497097,0.0658142,2.03435,0.372651,0.799157,1.39953,0.271792,0,0.737733,0.869553
41.749478458,2.89757,0.0872752,0.282981,0.0575781,1.7398,0.366972,0.446768,1.92829,0,0.566561,1.36689,0.893378
41.795918367,2.21567,0.1515,0.26452,0.222447,1.15471,0.233366,0.294761,1.92989,0.000913224,1.4076,1.31259,0.500845
41.842358277,1.72731,0.170101,0.363533,0.641359,1.17022,0.262502,0.0679734,1.65703,0.0115479,2.01687,1.08301,0.378721
41.888798186,1.61789,0.174499,0.285034,0.768951,1.32364,0.333078,0.00860748,1.49844,0.0588111,2.44506,0.743538,0.341058
41.935238095,2.1121,0.186594,0.296642,0.695901,1.39584,0.352262,0.0136292,1.40766,0.107968,2.74211,0.221676,0.323483
41.981678005,1.66501,0.110187,0.432724,0.43565,1.31444,0.231147,0.0239346,1.26433,0.0931373,3.30022,0.202112,0.546897
42.028117914,0.19276,0.0793747,1.30343,0,1.22099,0.218681,0.116943,0.306249,0.0657206,2.6504,0.700551,0.435013
42.074557823,0.168364,0.179544,1.77631,0,0.996414,0.134404,0.24229,0.157873,0.0144285,2.71488,0.532156,0.0202255
42.120997732,0.150835,0.203431,2.14177,0.0417296,0.810251,0.174411,0.0802057,0.0486201,0.170217,3.23181,0.177609,0.0956365
42.167437642,0.114841,0.256806,1.50255,0.161363,0.914386,0.0905958,0.0403508,0.0670542,0.216093,3.64907,0.0347762,0.377179
42.213877551,0.875315,0.690715,0.883205,0.219153,1.03953,0.0705566,0.135096,0.133307,0.509285,3.31886,0.0839656,0.555351
42.260317460,1.08987,0.759,0.735393,0.413,0.982102,0.0170389,0.276959,0.501845,0.65662,1.75699,0.28575,0.816039
42.306757370,0.846097,0.540107,0.743817,0.463621,1.2707,0.0622458,0.288138,0.770495,1.0574,0.350542,0.349803,0.838901
42.353197279,0.594069,0.13951,1.24579,0.157675,1.72306,0.095443,0.294362,0.927012,1.4531,0.385485,0.394659,0.699951
42.399637188,0.360396,0.0296837,1.87513,0.00354719,2.09689,0.176595,0.126297,1.0071,1.49648,0.436355,0.381204,0.548189
42.446077098,0.225447,0.156507,1.81683,0.00660279,2.21612,0.184974,0,1.26041,1.63584,0.404906,0.484348,0.174698
42.492517007,0.37668,0.407828,1.90675,0.0171952,2.24764,0.0872089,0,1.12018,1.33136,0.798334,0.536289,0.259804
42.538956916,0.362342,0.226874,1.96488,0.0170914,2.07932,0.135949,0.324684,0.808871,0.68491,1.45371,0.496455,0.778422
42.585396825,0.377556,0.188597,1.81756,0.00538405,1.95512,0,0.401393,0.68668,0.601259,1.92243,0.619571,1.02663
42.631836735,0.656215,0.116687,1.99194,0.126187,2.01714,0.0176869,0.344954,0.52989,0.421325,1.6051,0.595198,1.34171
42.678276644,0.763898,0.0211003,1.72441,0.21074,1.27152,0.0430538,0.545173,0.173997,0.185595,1.59479,0.137306,1.29508
42.724716553,0.815137,0.0818808,1.39507,0.0761851,0.815798,0.0343284,0.839133,0.658353,0.0401347,1.66061,0.100773,1.32826
42.771156463,0.696691,0.144463,1.39967,0.16559,0.682437,0.027228,1.00237,0.716133,0.0120069,1.70569,0.0462431,1.43525
42.817596372,0.401105,0.160253,1.53244,0.376471,0.71071,0.0884911,0.658147,0.497894,0,1.78541,0.600527,1.23015
42.864036281,0.312377,0.300816,1.53891,1.01143,0.202697,0.248304,0.670463,0.240761,0,2.11649,0.94474,0.991389
42.910476190,0.234611,0.424486,1.70664,1.35393,0.25629,0.336497,0.206148,0.247769,0,2.40617,0.970371,0.479441
42.956916100,0.243652,0.753817,1.54168,1.51136,0.370883,0.382062,0.130859,0.379258,0.00878552,2.42043,0.746719,0.535205
43.003356009,0.223638,0.787227,1.75289,1.02982,0.519182,0.471467,0.717935,0.494524,0.081289,2.18014,0.670331,0.70661
43.049795918,0.295345,0.572964,2.11176,0.244061,0.676795,0.468584,1.1673,0.132937,0.124856,1.89095,0.45568,0.580991
43.096235828,0.329903,0.717024,2.24606,0.0615456,0.708795,0.776263,0.795613,0.116132,0.0778103,1.86441,0.0825732,0.828092
43.142675737,0.630255,0.773219,1.81225,0.141726,1.14358,0.921984,0.0394928,0.063381,0,1.97131,0.0051373,0.984592
43.189115646,0.554154,0.238351,1.57911,0.00871752,1.80292,0.259352,0.010968,0.175184,0.422717,1.16692,0.150195,1.43894
43.235555556,0.641078,0.0323047,1.5048,0.0633883,2.19879,0.0373065,0.059183,0.264613,0.547658,1.19035,0.137051,1.45926
43.281995465,0.74101,0.0468988,1.44318,0.345576,2.19327,0.0213378,0.0293064,0.262139,1.12038,1.41225,0.0100661,0.92636
43.328435374,0.86199,0.0390105,1.24612,0.47979,2.08571,0.0354505,0.0360194,0.18595,2.2521,0.828632,0,0.487848
43.374875283,0.902182,0.0309125,1.12343,0.777195,1.73975,0.0543679,0.0461587,0.202905,2.57113,0.723762,0.0470461,0.359081
43.421315193,0.657035,0.0572582,1.46216,0.655189,1.27738,0.0626999,0.0654177,0.262508,2.43026,0.807223,0,0.357298
43.467755102,0.128698,0.0760601,1.89271,0.221496,1.34282,0.0394496,0.0587524,0.221967,2.20868,0.479277,0.077129,0.691588
43.514195011,0.456513,0.138132,1.98105,0.0753807,1.16164,0.332187,0.0506338,0.0291236,1.67711,0.745157,0.569377,1.14547
43.560634921,0.835796,0.0938026,1.44176,0.661549,0.443281,0.938204,0.00236636,0.37617,0.454755,1.28182,1.09015,0.531065
43.607074830,1.04959,0.0849833,1.34251,1.18187,0.378463,0.441717,0.387296,0.834916,0.597282,0.756159,1.08104,0.562229
43.653514739,0.622439,0.0400485,1.41925,1.26647,0.526889,0.165742,1.12268,1.03451,0.926302,0.564158,1.2414,1.01272
43.699954649,0.257586,0,1.6092,1.10989,1.02239,0.0581487,1.52287,0.981805,1.51694,0.400335,0.912137,1.28997
43.746394558,0.202647,0,1.98816,0.40291,1.46326,0.0233998,1.85638,0.760394,1.57384,0.0096272,0.264357,1.42291
43.792834467,0.192435,0,1.48522,0.0473873,1.48577,0.0945447,1.83651,0.997356,1.07676,0.242446,0,0.938259
43.839274376,0.319104,0.42612,0.909532,0.189218,1.49392,0.309576,1.13398,1.2065,0.568135,0.420829,0.0482811,0.942649
43.885714286,0.329859,0.747997,0.377958,0.188828,1.53278,0.466798,0.822918,1.30972,0.594289,0.57175,0.0630513,1.1257
43.932154195,0.176484,0.658037,0.616298,0.00737835,1.55332,0.431334,1.17026,1.13829,0.684078,0.372806,0,1.19343
43.978594104,0.364189,0.751232,1.09825,0.00432382,1.08378,0.5179,1.06641,0.734731,1.439,0.000440107,0.018313,1.43855
44.025034014,0.414696,0.775568,0.657577,0.00472977,0.584022,0.129099,1.06283,1.22088,1.46933,0.00111803,0.0955277,1.33716
44.071473923,0.424594,0.718943,0.572547,0.072092,0.618945,0.0846902,1.21586,1.22287,0.958041,0.000706801,0.262165,1.37835
44.117913832,0.458518,0.574353,0.481892,0.313113,0.687879,0.0646228,1.19013,1.11249,0.403463,0.000822703,0.478234,1.3349
44.164353741,0.682261,0.439858,0.265948,0.236303,1.20686,0.0605392,1.02349,1.032,0.311249,0,0.569334,0.870676
44.210793651,0.445678,0.125222,0.265343,0.0318221,1.20739,0.0653171,0.0488035,0.861318,0.952483,0.562349,0.294677,1.41013
44.257233560,0.50425,0.0930212,0.344859,0.0625732,1.14273,0.140978,0,0.840599,1.62657,0.27087,0.0555277,1.43519
44.303673469,0.387317,0.109497,0.449459,0.226772,1.07563,0.186267,0,0.841107,1.00971,0.702605,0.0340362,1.48242
44.350113379,0.258,0.182934,0.427391,0.108303,1.01837,0.159552,0.231747,1.10717,0.561827,1.01278,0.0691308,1.61901
44.396553288,0.306081,0.222917,0.178768,0.132637,0.998733,0.0609434,0.320205,1.21444,0.507714,1.17913,0.0293072,1.66213
44.442993197,0.481206,0.233233,0.0390426,0.330116,1.15376,0.0347006,0.323366,1.41859,0.218959,1.10296,0.221685,1.55552
44.489433107,1.00472,0.142953,0.182032,0.613275,1.33158,0.0115947,0.0900976,2.13463,0.0434492,0.56133,0.247282,1.08908
44.535873016,1.13187,0.0338565,0.355035,0.462642,1.58911,0.0146714,0.0240319,2.10741,0.347584,0.0186365,0.310051,1.09697
44.582312925,1.31344,0.16887,0.103729,0.409702,1.76084,0,0.0505619,1.97774,0.694517,0.113516,0.303891,0.545035
44.628752834,1.07336,0.206175,0.129407,0.192109,1.96387,0.0276673,0.0531735,2.02306,0.520768,0,0.433317,0.667139
44.675192744,0.289411,0.231132,0.191239,0.0732907,2.2115,0.130004,0.211317,1.78453,0.706242,0.0235275,0.614179,1.22887
44.721632653,0.11918,0.234382,0.408945,0.0373303,2.69562,0.126297,0.239857,0.998188,0.539159,0.0715788,0.475229,0.819598
44.768072562,0.0480812,0.181109,0.770341,0.0255852,2.91033,0.132386,0.219399,1.06193,0.274496,0.125559,0.510767,0.616655
44.814512472,0.118101,0.11639,0.743021,0.0333547,2.99292,0.143691,0.0685348,1.00605,0.24979,0.101375,0.425078,0.583932
44.860952381,0.313199,0.428761,0.293492,0.0805904,2.465,0.100157,0.312085,1.0133,0.0807307,0.673454,0.290168,0.507789
44.907392290,0.577922,0.358277,0.357716,0.0583931,1.71098,0.0197201,0.796399,0.993187,0.10912,1.19497,0.400886,0.00713298
44.953832200,0.556372,0.294791,0.51411,0,1.37942,0.0468988,0.809326,1.0822,0.169872,1.3364,0.380905,0.0790721
45.000272109,0.62885,0.164566,0.570217,0.00156406,1.2774,0.0371802,0.752548,1.23725,0.567758,1.39613,0.32397,0.129247
45.046712018,0.838974,0.203483,0.807528,0.0122591,0.875969,0.0139839,0.449753,1.45976,0.846763,1.00815,0.492359,0.193996
45.093151927,0.328599,0.166633,1.12546,0.0141129,1.16214,0,0.456691,1.77888,0.754716,0.12263,0.869646,0.565353
45.139591837,0.146011,0.143513,1.24446,0.0134408,1.63095,0.154497,0.289625,1.58476,0.27029,0.0659846,0.598531,1.10886
45.186031746,0.142813,0.00317914,1.06743,0.0064582,2.20959,0.216208,0.287302,1.31657,0,0,0.385977,1.12306
45.232471655,0.0732344,0.000164795,0.833448,0.0405159,2.60507,0.243158,0.345716,1.11019,0.0587854,0.00495203,0.419952,1.13969
45.278911565,0.182047,0.127923,0.580967,0.182618,3.10163,0.0258643,0.362128,1.05598,0.705414,0.199823,0.185929,0.83045
45.325351474,1.13863,0.222496,0.185674,0.00758514,2.45721,0.171353,0.322894,1.41682,0.580705,0.370169,0.146505,1.52433
45.371791383,1.28502,0.278301,0.152661,0.349424,1.75617,0.305061,0.247588,1.40522,0.441177,0.0573308,0.158547,2.03041
45.418231293,1.24277,0.272661,0.481112,0.56264,1.81019,0.354562,0.318519,1.4803,0.135353,0.188293,0.127308,2.09728
45.464671202,1.11903,0.205744,0.547052,0.352113,1.92816,0.341028,0.363202,1.28494,0.170464,0.536072,0.0150732,1.91561
45.511111111,0.584847,0.18889,0.926114,0.205259,1.90594,0.373325,0.260363,1.09729,0.191515,0.656702,0.0311979,1.50285
45.557551020,0.256986,0.108707,1.73288,0.00179174,1.7445,0.357423,0.0483137,1.82817,0.177569,0.749932,0.020358,1.0678
45.603990930,0.378449,0.0706916,2.08304,0,0.952293,0.32063,0.122583,2.21879,0.211124,0.671413,0.0522323,0.690818
45.650430839,0.266169,0.111238,1.84428,0,0.468741,0.905093,0.20505,1.7834,0.26365,0.481495,0.571778,0.617195
45.696870748,0.262425,0.212451,1.45889,0,0.121894,0.680224,0.312607,1.37062,0.268179,0.544202,1.63237,1.00897
45.743310658,0.396606,0.236999,1.27643,0.101703,0.0627396,0.639274,0.472122,0.749064,0.0725209,0.588627,1.71946,1.06864
45.789750567,0.414478,0.205655,1.44532,0.376932,0.311283,0.922574,0.744748,0.575495,0.152107,0.597007,1.0279,1.10713
45.836190476,0.444552,0.00595223,1.49996,0.317194,0.655543,0.887076,0.854966,0.861847,0.30926,0.691041,0.370228,1.09844
45.882630385,0.242246,0.00518615,1.4111,0.276852,0.747336,0.327665,0.685493,1.79325,0.165129,0.496143,0.302873,1.16347
45.929070295,0.184617,0,1.42353,0.205138,0.608268,0.340208,0.245004,2.24226,0.19521,0.501057,0.38192,1.11179
45.975510204,0.0713429,0.140098,1.36448,0.0648342,0.291574,0.367506,0.114045,2.32141,0.234661,0.412722,0.324611,1.13904
46.021950113,0.211129,0.202861,1.47205,0.00899324,0.0687054,0.299106,0.32944,2.296,0.106006,0.195903,0.448064,1.21648
46.068390023,0.186347,0.216492,1.47018,0.0489385,0.247813,0,0.2627,2.18844,0.0360979,0.218757,1.68381,1.43343
46.114829932,0.144884,0.196282,1.24726,0.0910558,0.512391,0,0.253274,1.59017,0.0362293,0.199928,1.74835,1.45738
46.161269841,0.000465549,0.114393,1.08441,0.117901,0.496818,0.0939433,0.310237,0.960917,0.0326084,0.654151,1.29112,1.58701
46.207709751,0.000641962,0.165393,1.5105,0.248946,0.0585098,0.480011,0.379153,0.197086,0.01322,0.91049,1.10499,1.96463
46.254149660,0.000626324,0.191603,1.5368,0.180071,0.00412458,0.577776,0.463762,0.140056,0,0.914033,1.24158,1.78736
46.300589569,0.00046077,0.256803,1.34788,0.238847,0.435087,0.559451,0.472293,0.316095,0,1.07765,1.34289,1.25183
46.347029478,0.0517259,0.572873,0.952483,0.215711,0.462976,0.344514,0.485573,0.761267,0.0218433,0.6968,1.8577,1.41583
46.393469388,0.210403,0.953921,1.02055,0.424748,0.471007,0.20035,0.483693,0.689925,0,0.570489,1.09225,1.43384
46.439909297,0.185661,1.08001,1.09952,0.561508,0.141451,0.170509,0.437741,0.68135,0.233143,0.796691,0.0710244,1.58398
46.486349206,0.146518,0.520681,1.15592,0.776972,0.0604195,0.0916794,0.359331,0.924453,0.82858,0.605235,0.112441,1.64143
46.532789116,0.135571,0.320977,1.23259,0.672913,0.31261,0.067793,0.232844,1.18706,1.31696,0.216781,0.0998686,1.62091
46.579229025,0.110323,0.227862,1.51866,0.349588,0.59073,0.256022,0.208456,1.36353,1.31685,0.177887,0.0190405,1.48115
46.625668934,0.290027,0.416534,1.32765,0.10998,0.354806,0.414359,0.546222,1.49288,1.2055,0.117518,0.018265,1.72149
46.672108844,0.523546,0.463323,0.26797,0.149493,0.321988,0.0308745,0.992205,1.90357,0.548221,0.109244,1.31792,1.58059
46.718548753,0.463434,0.148283,0,0.493097,0.133048,0.033547,1.43651,1.58869,0.126573,0.0878568,1.3169,1.19579
46.764988662,0.458993,0.0253443,0.200508,0.641842,0.119701,0.0365988,1.11505,1.50403,0.117706,0.414407,1.21819,1.22596
46.811428571,0.423508,0.12065,0.685279,0.619661,0.120622,0.00943256,0.635052,1.57985,0.477116,0.747653,1.11326,1.46091
46.857868481,0.34157,7.77104e-05,1.0906,0.366324,0.116337,0.140681,0.528217,1.72476,1.20688,0.491996,0.560139,1.94112
46.904308390,0.291365,0.157757,1.09101,0.123894,0.0841601,0.114573,0.729521,1.46051,1.23876,0.422675,0.518853,1.29777
46.950748299,0.249247,0.0483752,1.5552,0.032721,0.0295115,0.0717234,1.67067,0.922559,0.637131,0.523216,0.615521,0.983086
46.997188209,0.404309,0.033109,1.91943,0.00717497,0.18769,0.0515814,1.74555,0.970027,0,0.355679,0.872393,1.01536
47.043628118,0.413171,0.0889116,2.00146,0.0628754,0.36022,0.248071,1.09188,1.9834,0,0.282795,0.875934,1.5733
47.090068027,1.41734,0.0894842,1.57891,0.0635772,0.309577,0.43059,0.478883,2.40096,0.00540145,0.295326,0.551525,0.981018
47.136507937,1.81892,0.170867,1.15018,0.634761,0.76662,0.189357,0.354486,1.86421,0.0887476,0.646797,0.402203,0.605264
47.182947846,1.91839,0.174981,0.988904,1.0848,0.699208,0.306527,0.257414,1.27668,0.0378827,1.05479,0.310826,0.533321
47.229387755,1.87035,0.121858,1.04918,0.977874,0.857673,0.401834,0.24366,1.01045,0.0916535,1.54796,0.199173,0.438287
47.275827664,2.43437,0.0445444,0.943184,0.829674,1.37895,0.246801,0.234869,0.998507,0.117995,1.69252,0.0904696,0.151136
47.322267574,3.01324,0.0108666,0.262574,0.462215,1.90216,0.256754,0.291605,1.43127,0.0891533,1.654,0.533715,0
47.368707483,2.97599,0.101974,0.252914,0.257274,2.12129,0.102841,0.328793,1.33536,0.115636,1.36537,0.829878,0.466035
47.415147392,2.18669,0.106354,0.743337,0.284583,1.91613,0.0242545,0.43078,1.15652,0.31807,0.626348,0.99245,0.465223
47.461587302,1.01556,0.0876061,0.566962,0.312153,1.82298,0.0307556,0.476233,1.70126,0.322757,0.604139,1.12548,0.280137
47.508027211,0.901789,0.255589,0,0.242641,1.6153,0.0458966,0.306729,1.76984,0.0161906,1.10014,1.27434,0.525528
47.554467120,1.16979,0.427068,0,0.176669,1.2161,0.0955094,0.176684,1.59221,0.0634488,1.20182,0.976468,0.819707
47.600907029,0.972728,0.305803,0.0164871,0.0593805,1.94975,0.171416,0.286905,1.46948,0.565993,0.539791,0.15663,0.884181
47.647346939,0.969059,0.211628,0.0527694,0.201548,2.05001,0.0264152,0.289851,1.25491,0.981704,0.270935,0.245935,0.82511
47.693786848,1.19836,0.196714,0.310684,0.318918,2.06545,0.0131697,0.118357,1.0014,1.32787,0.338103,0.221734,0.81189
47.740226757,1.72981,0.0785632,0.565352,0.170563,2.14032,0.00492392,0.474387,1.01061,1.3275,0.102506,0.169072,0.86264
47.786666667,2.59153,0.146061,0.304908,0.146908,1.97025,0,0.626062,1.83808,0.477692,0.0402427,0.424401,0.849394
47.833106576,2.74725,0.0815375,0.456975,0.135062,1.81602,0.0206411,0.0862628,2.05905,0.362476,0.0158383,0.500516,0.90606
47.879546485,2.5573,0.0199876,0.418711,0.161212,1.72447,0.032441,0.289113,1.88323,0.338608,0.102887,0.274662,0.854032
47.925986395,2.64565,0.557593,0.323167,0.113494,1.57914,0.00869822,0.420956,1.72566,0.234692,0.095297,0.122784,0.807232
47.972426304,2.5681,0.691505,0.201523,0,1.14267,0.026302,0.503015,1.4983,0.121774,0.110142,0.00678294,0.959118
48.018866213,2.5557,0.756642,0.0863316,0,1.29251,0.0494971,0.288364,1.39532,0.297325,0.0154933,0.249192,0.935132
48.065306122,2.62808,0.62012,0.0346895,0,1.54115,0.0302787,0.49849,1.22946,0.489041,0.427235,0.271767,0.655209
48.111746032,2.35255,0.0548829,0.320478,0.546199,1.34948,0.0131187,0.328768,1.24106,1.12622,1.24312,0.0195627,0.390174
48.158185941,1.92378,0.169039,0.477938,1.02724,0.842646,0.0404269,0.21341,0.967593,1.55268,1.52073,0.0766029,0.362392
48.204625850,1.49695,0.324722,0.258583,1.12451,0.314273,0.227837,0.179111,0.874749,1.80588,1.28374,0.175676,0.740706
48.251065760,1.22453,0.545096,0.217947,1.21285,0.431064,0.216237,0.0641158,1.23145,1.54572,0.473283,0.493647,1.07328
48.297505669,1.23334,0.384638,0.277175,1.22531,1.17305,0.305183,0,1.88966,0.411929,0.254351,0.930118,0.882835
48.343945578,1.59276,0.185751,0.794425,0.393469,1.38887,0.372002,0.0217848,2.21329,0.213367,0.185705,0.508555,0.702916
48.390385488,1.66103,0.173705,0.862175,0.318452,1.11459,0.314103,0.0346935,2.29788,0.118255,0.597342,0.148224,0.984867
48.436825397,1.48352,0.202496,0.169138,0.191724,1.06518,0.615194,0.0711051,2.26896,0.117314,0.650181,0.668221,0.781133
48.483265306,1.51157,0.030024,0.00583388,0.271689,0.993541,0.630862,0.666844,1.35246,0.137607,0.566285,1.04579,0.497957
48.529705215,1.34707,0.120021,0.0349234,0.594422,0.956301,0.589182,0.543244,1.14004,0.101007,0.688164,0.941279,0.748763
48.576145125,1.59719,0.0231362,0.0518518,0.638286,1.20362,0.281169,0.393462,1.11362,0.127822,0.871783,1.31359,0.844675
48.622585034,2.04308,0.0304443,0.186315,0.378689,1.35505,0.0467271,0.0964945,1.27384,0.358845,0.874413,1.47571,0.840071
48.669024943,2.26348,0.149011,0.199484,0.229779,1.51782,0.00339704,0.504991,1.29605,0.332116,0.469802,1.13075,0.146452
48.715464853,2.25449,0.462918,0.313039,0.113606,2.31674,0,0.616097,1.37703,0.214914,0.0618036,1.10822,0.0770357
48.761904762,2.18856,0.721646,0.369835,0.0128291,2.12038,0.125896,0.618392,1.31376,0.066152,0.48584,0.717611,0.675963
48.808344671,1.83992,0.400919,0.49331,0.0338386,1.68078,0.311078,1.08586,1.29349,0.126871,0.101397,0.242401,1.02955
48.854784580,1.54273,0.267764,0.508275,0.301479,0.806309,0.383065,1.75316,0.814917,0.753869,0.254343,0.235683,0.730714
48.901224490,1.33342,0.296715,0.881653,0.619972,0.63859,0.195364,1.74436,0.392746,1.23505,0.334699,0.182256,0.0371551
48.947664399,1.33624,0.13622,1.20204,0.923821,0.454581,0.0417524,1.36969,0.260837,1.35154,0.669846,0.119039,0.0214403
48.994104308,1.06205,0,1.64363,0.890347,0.461363,0.0431364,0.901887,0.0751605,1.14121,1.06726,0,0.574334
49.040544218,0.703428,0.0782464,2.24166,0.475681,0.357068,0.0761989,0.957184,0.224275,0.617922,1.39089,0,0.782505
49.086984127,0.415052,0.0734383,2.31891,0.126582,0.204191,0.106135,1.14945,0.459958,0.758764,1.56625,0.102616,0.557495
49.133424036,0.154775,0.0232336,2.3271,0.108517,0.752456,0.0371989,1.00527,0.583417,0.844644,1.43071,0.247462,0.11643
49.179863946,0.0516097,0.00413634,2.31139,0.183706,1.09882,0.196051,0.526164,0.589512,0.968194,1.34319,0.333153,0.108738
49.226303855,0,0.127244,2.19414,0.0941273,1.24353,0.323367,0.551374,0.444228,0.813189,1.64186,0.22932,1.38044
49.272743764,0,0.299104,2.25086,0.0245915,1.1039,0.343613,0.821228,0.218222,0.78308,1.74356,0.0700717,2.00703
49.319183673,0.00783233,0.345807,2.22432,0.14009,1.06111,0.152028,0.869721,0.109997,0.46895,1.58963,0.0165095,1.96359
49.365623583,0.126866,0.270246,2.00191,0.577119,0.596044,0.0773428,0.766901,0.0597734,0.18139,1.12586,0.240629,1.88422
49.412063492,0.179998,0.208574,1.85543,0.452782,0.750779,0.0341589,0.302399,0.241515,0.29654,0.986966,0.657617,2.1332
49.458503401,0.138501,0.211877,1.64429,0.0858335,1.46935,0.0383958,0.288496,0.791217,0.505295,0.859507,0.843003,2.03121
49.504943311,0.454565,0.198542,1.96756,0.00656949,1.97392,0.0248533,0.234797,1.27782,0.973726,0.562942,0.699052,1.51031
49.551383220,0.458323,0.131921,2.22219,0,1.91636,0.0199867,0.789702,1.2907,1.38291,0.0765363,0.725425,0.881361
49.597823129,0.0179713,0.104193,2.07972,0,1.90957,0.0314966,1.01992,0.964507,0.668901,0.0163472,2.08643,0.773177
49.644263039,0.124691,0,2.29779,0.0579453,1.82013,0.00945203,1.09693,0.172744,0.274817,0.28657,2.15045,0.787946
49.690702948,0.178014,0.154719,2.08427,0.00779783,0.919935,0.426109,0.555644,0.0183461,0.286051,0.375814,2.47846,0.776797
49.737142857,0.163115,0.533204,1.80145,0.00317617,0.294801,0.575425,0.532112,0.198564,0.347889,0.570795,2.39674,0.715956
49.783582766,0.133539,0.888075,1.35068,0.00251332,0.258922,0.659703,0.370105,0.4319,0.33558,0.994417,1.87512,0.48136
49.830022676,0.119447,0.835448,1.17093,0,0.946276,0.550526,0.333836,0.617365,1.28759,0.848906,1.52593,0.0497725
49.876462585,0.121248,0.556142,1.11926,0,1.342,0.623155,0.766987,0.500214,2.08678,0.879414,0.182323,2.09523e-05
49.922902494,0.196938,0.100841,1.04253,0,1.93379,0.0284887,0.863018,0.307382,1.7875,1.68066,0.0191708,0.0281811
49.969342404,0.254909,0.0130051,0.514375,0.0283626,2.22334,0.0417068,1.01095,0.294444,1.31418,1.90201,0,0.202359
50.015782313,0.235706,0.00263134,0.631029,0.0104998,2.2942,0.113005,0.861236,0.347374,0.904514,1.96186,0.0382509,0.499906
50.062222222,0.277692,0.00162867,0.771039,0.0587505,2.28028,0.0149872,0.639525,0.72284,0.72111,1.52142,0.143173,0.899797
50.108662132,0.110648,0,0.759903,0.0302211,2.46049,0.0743047,0.260907,1.02765,0.600353,1.60277,0.20247,0.877544
50.155102041,0.0771733,0,0.757557,0.0502986,2.64949,0.0947706,0.0338686,1.08108,0.636454,1.59095,0.203105,0.849678
50.201541950,0.12902,0,0.988109,0.105556,2.59251,0.0871154,0.130536,1.05182,0.214839,1.6449,0.0856407,1.06376
50.247981859,0.379651,0.480962,1.51837,0.142822,2.28882,0.00741211,0.642345,0.489466,0.457496,1.473,0.107287,0.978894
50.294421769,0.738096,1.33619,1.81336,0.174799,1.7791,0.0543343,0.449986,0.0216353,0.384644,1.19565,0.171489,0.538614
50.340861678,0.826205,1.54805,1.49622,0.157637,1.74655,0.0376587,0.392601,0.010126,0.3959,1.10951,0.140962,0.576229
50.387301587,0.891781,1.3405,1.28276,0.103394,2.43309,0.0525253,0.411803,0.0253553,0.630345,1.27562,0.0947064,0.581501
50.433741497,1.09214,0.488188,1.42261,0.01832,2.56408,0.0874658,0.189573,0.214474,1.04345,1.23454,0.0583181,0.750599
50.480181406,1.08321,0.000927648,1.4969,0.00792457,2.49337,0.142449,0.305725,0.349307,0.956284,1.36385,0.0708255,0.666728
50.526621315,0.829083,0.0249919,1.42787,0.00473515,2.44768,0.0605364,0.630769,0.33029,0.88474,1.56116,0.0743927,0.511257
50.573061224,0.605865,0.00519715,1.29614,0.00176671,2.80743,0.0178136,0.693702,0.186053,1.02682,1.46334,0.109692,0.378593
50.619501134,0.547231,0.353456,0.701581,0.00726033,3.11294,0.462901,0.359942,0.0573482,0.791946,1.66176,0.15431,0.86116
50.665941043,0.432682,0.703381,0.883731,0.0055072,2.99957,0.333101,0,0.181735,0.87413,1.37784,0.243104,1.05376
50.712380952,0.522536,0.616356,0.779337,0,3.39212,0.0867615,0,0.205502,1.35453,0.404788,0.250497,1.15392
50.758820862,0.394567,0.312333,0.527408,0,3.74926,0.0279744,0,0.19732,1.39988,0.104123,0.169414,1.58641
50.805260771,0.235182,0,0.248267,0,3.97535,0.0345995,0.154277,0.270525,1.29675,0.0137398,0.0711818,2.02994
50.851700680,0.0586195,0,0.331384,0,3.84262,0.0422417,0.469906,0.388729,1.29419,0.00282119,0.0263428,2.12589
50.898140590,0.0657062,0,0.629194,0.0961963,3.04347,0.0367182,0.596207,0.408745,1.21082,0,0.00252469,2.18502
50.944580499,0.0546188,0,0.753598,0.0945375,2.53812,0.528371,0.503598,0.40186,0.91848,0,0.00311159,2.53652
50.991020408,0.0368925,0,0.815909,0.0709777,2.16444,0.786029,0.398485,0.277688,1.26923,0,0.114837,2.60411
51.037460317,0,0,0.898838,0,2.34164,0.683867,0.109215,0.042561,1.44728,0,0.161274,2.06942
51.083900227,0.799558,0.387923,0.896378,0.108081,2.23022,0.574553,0.0683423,0.0490928,1.34994,0.000239257,0.116844,0.622459
51.130340136,0.697596,0.628269,0.648664,0.0864352,1.73297,0.973439,0.0450771,0.33635,1.47949,0.502094,0.444699,0.349227
51.176780045,0.695359,0.573406,0.548037,0,1.45455,1.07028,0.163998,0.498825,1.19218,1.08292,0.642985,0.240103
51.223219955,0.528535,0.287471,0.166835,0.150331,1.56011,0.532812,0.243681,0.555432,0.831829,1.46519,1.39756,0.673532
51.269659864,0.109505,0,0.0437197,0.126949,2.39967,0.295506,0.307743,0.416687,0.844352,1.39923,1.34964,1.16278
51.316099773,0.488175,0.0196437,0.605224,0,2.95111,0.287221,0.0171243,0.0379222,1.18895,0.517233,0.481623,2.20033
51.362539683,1.30185,0,0.724965,0.00679065,2.91055,0.120581,0.426232,0.00900961,1.21378,0.000599304,0.0413773,1.88187
51.408979592,1.25602,0,0.478819,0.434068,2.48204,0.14955,0.886944,0.00215181,0.725175,0.00410457,0.00191494,1.66712
51.455419501,1.0162,0,0.096104,0.784426,2.5297,0.241198,0.95722,0.0541292,0.247529,0.0390105,0.020824,1.70187
51.501859410,0.580521,0,0.0803084,0.697527,2.30345,0.161864,0.680371,0.232104,0.46362,0.0163479,0.0401144,2.28096
51.548299320,0.377557,0,0.0115814,0.67807,1.90947,0.123335,0.674265,0.323488,0.739866,0.0878303,0.0319734,2.18792
51.594739229,0.140406,0,0.0905648,0.420748,2.50718,0.0542636,0.470285,0.52702,0.933369,0.128562,0.000208504,2.2876
51.641179138,0.00700654,0,0,0.276215,3.22504,0.0857842,0.467598,0.654901,0.417923,0.103342,0.000127385,2.28729
51.687619048,0,2.01765e-05,0.142609,0.208218,3.39073,0.0966725,0.348144,0.613994,0.0857385,0.122061,0.0073501,2.68157
51.734058957,0.17162,0.126847,0.391686,0.205058,3.48254,0.0788748,0.603126,0.411671,0.0332306,0.000339554,0.262548,2.37432
51.780498866,0.102364,0.368593,0.530376,0.562491,2.80712,0.00063562,0.785677,0.292705,0.032634,0.0168969,1.58342,1.78551
51.826938776,0.00752289,0.537635,0.519784,0.88025,2.29018,0.0256754,0.794022,0.202861,0.030929,0.0591278,2.39704,1.39733
51.873378685,0,0.701987,0.500871,0.778772,2.72715,0.0824469,0.441395,0.230626,0.031478,0.156949,2.19027,1.45001
51.919818594,0,0.921765,0.238543,0.433454,3.02902,0.29469,0.357989,0.0735317,0.0952774,1.46524,1.3427,1.5401
51.966258503,0.0339938,1.05625,0.101034,0.283586,3.14266,0.439707,0.446362,0.0711618,0.0998823,2.1619,0.189472,1.30942
52.012698413,0.655422,0.449436,0.343519,0.378318,2.75035,0.377263,0.737977,0.0613899,0.231731,1.80669,0.0485582,1.00712
52.059138322,0.486982,0.323356,0.365026,0.513995,2.24198,0.256359,0.878772,0.0698034,0.443569,0.985939,0.256452,1.07444
52.105578231,0.115149,0.199533,0.260692,0.430669,2.30904,0.0860146,0.849531,0.0401831,1.04634,0.493282,0.137876,1.40986
52.152018141,0.00821565,0.19049,0.0334391,0.45861,2.66287,0.0601629,0.574978,0.0446401,1.1676,0.625681,0.0788926,1.77091
52.198458050,0.00207353,0.128437,0.119228,0.331891,2.65705,0.062873,0.398312,0.0675698,0.979523,1.11155,0.111815,2.10689
52.244897959,0.0266614,0.0894597,0.267579,0.23294,2.82777,0.027529,0.35152,0.0855168,0.596183,1.32561,0.0593536,2.00207
52.291337868,0.0209187,0.0270615,0.267289,0.226827,2.975,0.0252864,0.125334,0.0988132,0.415743,1.49233,0.0628939,2.0161
52.337777778,0.0156904,0.0101159,0.303488,0.215753,3.06779,0.059532,0,0.0984071,0.244507,1.64091,0.120133,2.02772
52.384217687,0.0184154,0.0345075,0.431865,0.221656,3.26648,0.445274,0,0.0716647,0.275425,1.64143,0.0449584,2.03204
52.430657596,0.118098,0.077372,0.392564,0.436972,3.11644,0.233122,0.137871,0.0224593,0.199101,1.80589,0.0287445,2.0376
52.477097506,0.0317965,0.115725,0.39527,0.577436,2.93363,0.123026,0.474352,0,0.0243815,1.75594,0.102472,1.84052
52.523537415,0.00550137,0.162818,0.717161,0.635924,2.24744,0.147565,0.572758,0.244015,0.0570624,1.62663,0.107637,1.49177
52.569977324,0,0.175395,1.26875,0.356319,0.734273,0.211575,0.662269,0.780862,0.217296,1.51052,0.0648167,1.25921
52.616417234,0.119134,0.208367,1.03362,0.15825,0.680022,0.507336,0.535719,1.14732,0.2942,1.50698,0.105894,1.10003
52.662857143,0.712346,0.209827,0.758766,0.363449,0.507851,0.563557,0.642506,1.33765,0.24882,1.60101,0.187371,1.13458
52.709297052,1.10171,0.202936,0.914728,0.517402,0.784782,0.326954,0.581024,1.66072,0.403357,1.4079,0.13143,1.09235
52.755736961,1.13976,0.20941,1.04098,0.295053,1.11415,0.059253,0.333838,1.99509,0.424369,0.927181,0.046557,0.999944
52.802176871,1.16807,0.142753,1.03433,0.145581,1.34936,0.00538562,0.248542,1.719,0.183232,1.0213,0.0218559,1.28447
52.848616780,0.315342,0.0811261,1.17838,0.148723,1.58148,0.0525364,0.118404,1.0288,0.195394,0.974414,0.00617215,2.0202
52.895056689,0.0286726,0.290855,0.560233,0.280481,1.60725,0.17286,0.33264,0.907428,0.143264,1.07112,0,1.9366
52.941496599,0.298259,0.716957,0.120399,0.358376,1.48591,0.0536691,0.605782,1.00759,0.123887,1.17649,0.0332528,1.5157
52.987936508,0.293522,0.470909,0.724257,0.266958,1.29282,0,0.721413,1.25881,0.112066,1.08006,0.245546,1.53585
53.034376417,0.15576,0.00434837,1.61708,0.158197,0.872375,0.00179299,0.424052,1.61261,0.111012,0.66267,0.377463,1.88226
53.080816327,0.0137654,0.0527269,1.71162,0.1821,0.84613,0.00174536,0.161789,1.47294,0.108231,0.18318,0.430875,1.62429
53.127256236,0,0.11308,1.71876,0.150163,1.42811,0.0168973,0.269421,1.08808,0.0509161,0.444117,0.596198,1.31205
53.173696145,0,0.192604,1.80782,0.0366651,1.57238,0.0398045,0.279184,0.847829,0.152727,0.872544,0.589392,1.59251
53.220136054,0.0119529,0.315025,1.80461,0.0040167,1.53447,0,0.33549,0.602666,0.112342,1.41456,0.44793,1.62182
53.266575964,0.00737997,0.340115,1.52693,0.00246072,1.19633,0.0253478,0.388501,0.630868,0.105965,1.80353,0.164931,1.99721
53.313015873,0.0975656,0.313168,1.49572,0.00385487,1.25831,0.111064,0.398865,0.61102,0.107889,1.07285,1.03055,1.72042
53.359455782,0.121267,0.228083,1.73184,0.0838515,1.05788,0.0386759,0.263745,0.647553,0.409717,0.586848,1.17662,1.78977
53.405895692,0.0972704,0.414355,1.70143,0.21317,0.65784,0.208313,0.273432,0.666569,0.45962,0.498608,0.925364,1.79073
53.452335601,0.0721616,0.247449,1.41344,0.0694736,0.738922,0.252756,0.355344,0.625306,0.360448,0.36415,0.990825,1.64923
53.498775510,0.00411982,0.249,1.10432,0.0490108,0.946405,0.424572,0.342305,0.666395,0.220513,0.0192449,0.753465,1.89621
53.545215420,0.164783,0.139627,0.994106,0.0587804,1.11659,0.305994,0.184572,1.20518,0.0352888,0.202277,0.133519,2.73508
53.591655329,0.0587174,0.0952504,0.942435,0.12863,0.945914,0.273016,0.176755,1.75302,0.135898,0.180784,0.134738,2.35737
53.638095238,0,0,1.1347,0.325742,0.876128,0.56279,0.162657,1.75166,0.300127,0.496596,0.124603,2.22688
53.684535147,0,0,1.04742,0.432539,1.17363,0.434674,0.215911,1.95604,0.115627,0.804738,0.0712137,2.47736
53.730975057,0,0,0.446717,0.274805,1.53614,0.311939,0.287991,2.23165,0.0968256,1.15789,7.68261e-05,2.40528
53.777414966,0.11007,0.0265132,0.334163,0.136473,1.4336,0.0902463,0.354659,2.14794,0.0977659,0.739653,0.152182,2.4504
53.823854875,0.379865,0.448276,0.561037,0.0694391,1.15643,0.0195322,0.268168,2.02212,0.0792438,0.0101921,0.525616,2.17516
53.870294785,0.303983,0.739579,0.649225,0,1.30868,0.0311396,0.0984062,2.02893,0.115548,0.00368038,0.456853,2.24594
53.916734694,0.110615,0.314132,1.28211,0.00835681,1.41447,0.0144329,0,2.38727,0.0792472,0.221546,0.112336,2.43598
53.963174603,0.0133085,0.0210512,1.17346,0.118234,1.2264,0,0,2.84436,0.0635363,0.759421,0.0730188,2.17492
54.009614512,0.000607047,0.00176156,1.15121,0.17928,1.34502,0.0145656,0,2.89251,0.0642048,0.939293,0.0193305,2.54997
54.056054422,0.075387,0.00263312,1.11747,0,1.30513,0.14656,0.0979918,2.81597,0.0545808,1.23659,0.000721026,2.80276
54.102494331,0.108319,0.00269388,1.17184,0,1.24101,0.157615,0.198097,2.77571,0.0677406,1.42883,0.0126668,2.6116
54.148934240,0.0919389,0.0221201,1.46452,0.0109203,1.264,0.130831,0.186874,2.99164,0.107033,1.23167,0.0425,2.26804
54.195374150,0.206533,0.118107,1.18054,0.184727,1.26771,0.165563,0,2.87842,0.330508,0.969425,0.207822,1.93573
54.241814059,0.753262,0.167812,1.05926,0.397382,2.03334,0.0857749,0.0824823,2.65944,0.672782,0.305271,0.437736,1.17355
54.288253968,1.90256,0.044888,0.681461,0.0814842,2.81427,0.177532,0.0599378,1.87642,0.944591,0.28731,0.710424,0.421391
54.334693878,2.26242,0.111663,0.32151,0,3.28397,0.282477,0.0784635,1.98073,0.646273,0.128615,0.42001,0.113229
54.381133787,2.55443,0.00191546,0.350872,0,3.42097,0.242033,0.112568,2.09571,0.432412,0.0779575,0.264767,0.0699275
54.427573696,3.40607,0.137636,0.19402,0,3.26703,0.217816,0.112173,2.0702,0.597548,0.0160711,0.171745,0.0252207
54.474013605,3.40819,0.343553,0,0,2.80563,0.0924903,0.31336,2.05462,0.20836,0,0.127153,0.012515
54.520453515,3.08704,0.483228,0,0.000369688,2.51831,0.0437068,0.544483,2.00034,0.0204095,0,0.0596539,0.112921
54.566893424,2.75637,0.44392,0.01099,0,2.70697,0.0457539,0.616935,1.76449,0.0136054,0.0243364,0.0565936,0.107284
54.613333333,2.90055,0.00168325,0.0671515,0,3.09849,0.0397495,0.537626,1.28337,0.0182195,0.324004,0.754861,0.306497
54.659773243,2.00961,0.0580226,0.0512573,0,2.96848,0.0362714,0.599286,1.42241,0.0991276,0.435367,1.05529,0.662827
54.706213152,2.3094,0.0130587,0.00831745,0.0108564,2.46468,0.0366106,0.61407,1.12447,0.339397,0.334532,0.910973,0.70659
54.752653061,2.34379,0.0543976,0,0.0750879,1.98207,0.0306727,0.775747,1.18442,0.18461,0.103387,0.58764,1.08243
54.799092971,2.43094,0.0384529,0,0.100258,1.96304,0.0470339,0.798862,1.56651,0.0300004,0,0.113828,1.2454
54.845532880,2.42293,0.0633268,0,0,2.36512,0.0839043,0.599385,1.81282,0.0285987,0.280136,0.00120434,1.18341
54.891972789,1.96508,0.188816,0,0,2.50405,0.084892,0.295605,1.95518,0.0207228,1.20487,0.0347923,0.832937
54.938412698,1.85657,0.187754,0.0184378,0.0203668,2.31644,0.0389427,0.215781,1.81437,0.0148973,2.38656,0.128206,0.177617
54.984852608,2.18934,0.17072,0.208716,4.11974e-05,1.72122,0.0236147,0.180729,1.48898,0.0301638,2.63889,0.0575051,0.32507
55.031292517,2.61143,0.150789,0.0792892,0.176266,1.02399,0.0973537,0.142009,1.34158,0.119087,2.81521,0,0.552613
55.077732426,2.74233,0.189008,0,0.469561,0.480802,0.126225,0.217099,1.45155,0.117835,2.62096,0.000764285,0.851805
55.124172336,2.65617,0.315949,0,0.359868,0.887906,0.0401996,0.368045,1.67443,0.0045727,1.11042,0.398985,1.17682
55.170612245,2.38511,0.805965,0.011489,0.0331559,1.49065,0.0833501,0.360193,1.93522,0,0.00539067,1.28534,1.27231
55.217052154,2.19648,0.999084,0.0210706,0.00591997,1.77137,0.207555,0.24836,1.92389,0,0.173762,0.943346,1.79647
55.263492063,1.71223,0.934202,0.00110204,0.00183939,2.10545,0.108297,0.150107,2.06608,0.00242863,0.207415,0.380332,1.94578
55.309931973,1.40043,0.625608,0.000834994,0.0357787,2.33749,0.0788383,0.374687,2.25803,0,0.172866,0.24819,2.15197
55.356371882,1.20647,0.116878,0,0.178455,2.35525,0.027619,0.392575,2.40211,0.00300418,0.278896,0.119955,2.04078
55.402811791,1.88272,0.0614964,0,0.133074,1.65576,0.0559276,0.555813,1.93826,0.130445,0.309121,0.0894871,1.85321
55.449251701,2.75817,0,0.0496898,0.112004,1.1776,0.171375,0.621009,1.48475,0.110489,0.506686,0.0191776,1.20684
55.495691610,2.70349,0,0.0625262,0.129739,1.31474,0.189593,0.447586,1.75513,0.137725,0.600648,0.0021866,1.11333
55.542131519,2.88796,0.00143566,0.0764886,0.165557,1.1118,0.153154,0.39195,1.52174,0.512248,0.483724,0.000345921,0.991344
55.588571429,2.91691,0,0,0.0745884,0.738587,0.201085,0.32785,1.2491,0.687224,0.547459,0.00100158,0.934593
55.635011338,2.50787,0,0.0406495,0,0.924253,0.0619266,0.215107,1.19482,0.715008,0.563629,0.00106602,0.727118
55.681451247,1.65343,0,0.554426,0.00429669,1.06645,0.0455471,0.307258,1.37293,0.571929,0.647009,0.00103648,0.796123
55.727891156,1.25946,0.0901311,0.331961,0.0136192,1.4113,0.0313737,0.28737,2.02162,0.182033,1.34093,0.000836434,0.853948
55.774331066,1.57147,0.10282,0.103658,0.0307867,1.78625,0.0342722,0.320562,2.11252,0.0589578,1.43118,0.000353581,0.836926
55.820770975,1.91799,0.0962999,0.028062,0.0123692,2.0103,0.0459687,0.293726,2.04476,0.0289329,1.40211,0.00268997,0.839603
55.867210884,2.14751,0.0564454,0.0798479,0.0690269,2.11645,0.0355505,0.222917,1.8594,0.0292845,1.49757,0.206351,0.555458
55.913650794,2.15501,0.0202083,0.15593,0.316105,1.52275,0.05162,0.0751852,1.65676,0.0593507,1.65111,0.444208,0.197409
55.960090703,2.16308,0.00887046,0.464622,0.668667,0.988236,0.0553988,0.301637,1.58718,0.157274,2.03285,0.541886,0.0170026
56.006530612,2.13114,0.0938682,0.639795,0.832969,1.15578,0.113741,0.27497,1.92044,0.305231,1.99834,0.429962,0.131507
56.052970522,1.72769,0.253004,0.952131,0.723352,1.9387,0.0683042,0.216098,1.72341,0.496023,1.78573,0.121533,0.78016
56.099410431,0.93244,0.198402,0.939748,0.441723,2.53045,0.205257,0.360651,0.720057,0.349294,1.86512,0.080012,1.11405
56.145850340,0.170986,0.112348,0.229502,0.0380019,2.45914,0.32366,0.54287,0.0614424,0.426262,1.92829,0.0267099,1.45312
56.192290249,0.0330408,0.0903631,0.175895,0.00936076,2.80498,0.279851,0.617279,0.120828,0.444289,1.82524,0.00239646,1.68582
56.238730159,0.00579112,0.808392,0.00283205,0,3.00535,0.200637,0.57537,0.220244,0.169082,2.00671,0.121664,1.22971
56.285170068,0.0342651,1.35475,0.0548532,0,2.25074,0.666207,0.850873,0.17476,0.00897482,2.32139,0.122426,0.551594
56.331609977,0,1.59567,0.0864221,0,2.06204,1.00201,0.73971,0.0849397,0.00718331,2.29838,0.1176,0.437252
56.378049887,0.00963264,1.39741,0.0939911,0,2.09803,0.546744,0.486355,0.147674,0.0122478,2.15403,0.0860725,1.05063
56.424489796,0.0031078,0.42037,0,0.0986552,2.12989,0.0171086,0.503498,0.128555,0.00369328,2.10356,0.446806,1.38827
56.470929705,0.0417106,0.0346579,0.256705,0.305307,1.92299,0.0127603,0.664654,0.189265,0.00104956,2.08383,1.06632,0.974449
56.517369615,0.0603721,0.00369371,0.458139,0.573489,2.17093,0.0191581,0.487252,0.446164,0,2.05077,1.32943,0.898109
56.563809524,0.172592,0.0210516,0.306108,0.754219,2.38396,0.0117718,0.37503,0.691831,0,2.37999,1.30799,1.08056
56.610249433,0.340454,0.397572,0.341888,0.414768,2.48131,0.0268827,0.0335501,0.44128,0.262451,2.68822,0.924213,0.839003
56.656689342,1.08599,0.300493,0.313772,0.083182,2.08264,0.499377,0.185967,0.239656,0.479554,1.57286,0.681351,0.642995
56.703129252,1.77174,0.174546,0.31813,0.164019,1.8869,0.781416,0.636377,0.0486026,0.341053,0.486488,0.524371,1.08188
56.749569161,2.01295,0.0863495,0.329459,0.455009,1.90067,0.518621,1.84785,0.034272,0.166189,0.12882,0.037194,1.51489
56.796009070,1.81319,0,0.164243,0.948066,1.80493,0.537484,2.37673,0.0376021,0.0373054,0,0,1.63171
56.842448980,1.21119,0,0,1.26879,1.67431,0.670024,2.39169,0.0238583,0.0248582,0,0,1.86629
56.888888889,0.167409,0.123859,0,1.49472,2.24212,0.35139,2.01927,0,0.156595,0,1.07519,1.80619
56.935328798,0.107848,0.121678,0,1.32768,2.79386,0.11734,2.00611,0.00445235,0.346379,0.000246572,1.80286,1.21001
56.981768707,0.0472518,0.162492,0.0157592,1.02134,2.92264,0.132945,1.7164,0.00905377,0.109129,0.27199,2.04177,1.34699
57.028208617,0.124342,0.157917,0.0519716,0.599583,2.87036,0.0429818,1.57244,0.0227959,0.0322661,0.887959,1.61648,1.87012
57.074648526,0.497866,0.0394953,0.113002,0.0891431,2.8973,0.168738,1.63952,0.183884,0.0225026,0.993281,0.899923,2.05476
57.121088435,0.54453,0.0912035,0.520097,0.137762,2.78718,0.344252,1.40833,0.0787838,0.47558,0.571019,0.344361,1.91435
57.167528345,0.460058,0,0.748456,0.203053,2.75542,0.415095,1.12959,0.0228163,0.627082,0.0605994,0.193109,1.70559
57.213968254,0.807255,0.000655633,0.965089,0.204732,2.34795,0.214997,0.649852,1.25084,0.331556,0.103634,0.173388,1.66522
57.260408163,1.1534,0,0.864957,0.189193,2.41117,0.177009,0.279435,2.38972,0.180481,0.515423,0.0443596,1.2559
57.306848073,2.40316,0,0.721993,0.125186,1.83508,0.00281161,0.148053,2.40278,0.0888004,1.17196,0.0221076,0.185471
57.353287982,2.48281,0.412497,0.593949,0.0171768,1.59467,0.0897087,0.0625295,1.93563,0.237576,1.26912,0.122246,0
57.399727891,1.79785,0.629501,0.76315,0,2.02336,0.090275,0.125049,1.50026,0.276124,0.889708,0.177432,0.362277
57.446167800,0.854655,0.366974,0.773272,0.00167309,1.96118,0.0198248,0.371516,1.64627,0.106891,0.465682,0.181343,1.13621
57.492607710,0.378552,0.0503571,1.18234,0.00906454,1.77526,0.0195039,0.31486,2.2557,0.0628029,0.0118738,0.280499,2.27633
57.539047619,0.00743177,0.00857901,1.32986,0.00597446,1.60276,0.278297,0.127352,3.11553,0.0789268,0.00832668,0.163718,2.42319
57.585487528,0.00043598,0,1.38894,0,1.4391,0.397845,0.00723481,3.34418,0.0658358,0.000101966,0.27333,2.18784
57.631927438,0.0394372,0.0158012,1.21027,0,1.49858,0.424022,0.0160063,3.59004,0.058536,0,0.545956,1.87283
57.678367347,0.2049,0.163613,1.06446,0.00290759,1.4144,0.354581,0.0214956,3.55745,0.0149478,0,0.88388,1.64616
57.724807256,0.266583,0.159176,1.43206,0.0108234,1.23492,0.245621,0.001202,3.69127,0.0378661,0,0.881568,1.71203
57.771247166,1.37065,0.251168,1.10402,0.0110787,1.08096,0.169588,0,3.60296,0.146788,0.0756483,0.0757277,1.63945
57.817687075,1.5163,0.780553,0.218996,0,2.01306,0.184244,0.00555677,3.09696,0.373358,0.441405,0.134617,1.26385
57.864126984,1.82637,0.99477,0,0,2.79259,0.100449,0.00471698,1.47342,0.651597,0.459671,0.156739,1.10114
57.910566893,1.82698,0.580203,0.0437559,0.0268713,3.12346,0.0161658,0.319262,0.443989,0.721543,0.106595,0.0586819,0.718855
57.957006803,1.26255,0.148119,0.423193,0.0404339,3.38626,0.00385889,0.162773,0.485636,1.14856,0.0559788,0.00401241,0.944393
58.003446712,0.37401,0,0.724138,0,3.3252,0.00918116,0.60949,0.570907,0.997938,0.00268448,0.00330742,1.2597
58.049886621,0.0595832,0,0.7065,0,2.91245,0.27964,0.737693,0.463241,0.800035,0,0.00321992,2.43808
58.096326531,0,0,0.658937,0,2.616,0.539969,0.697003,0.275039,1.07703,0,0.00213262,2.80351
58.142766440,0,0,0.992371,0,2.42095,0.377238,0.567034,0.0379931,1.03021,0,0.0900887,2.90973
58.189206349,0.489841,0.0261769,1.33441,0.00255361,2.18719,0.334554,0.333405,0.037904,0.913891,0.00616102,0.342736,2.23567
58.235646259,0.466946,0.0854076,1.27524,0.00760028,2.08137,0.517457,0.335498,0.364813,0.915669,0,1.08636,1.47486
58.282086168,0.485391,0.0919166,0.931969,0.00605529,1.77053,0.683698,0.554739,0.433081,0.417485,0,1.41505,0.477136
58.328526077,0.562848,0.00351011,0.685663,0.017676,1.9639,0.577595,0.653949,0.193794,0.0948328,0,1.61695,0.635012
58.374965986,0.165237,0.123898,0.293534,0.0322498,2.74579,0.247862,0.455641,0.088575,0.330072,0.143351,1.50596,0.870205
58.421405896,0.47909,0.37553,0.335493,0.0155316,3.03184,0.249772,0.156008,0.144621,0.613792,0.479202,0.956451,0.993338
58.467845805,0.945265,0.228834,0.548471,0.00926131,3.03364,0.290137,0.46639,0.247109,0.839814,0.461471,0.270471,1.41473
58.514285714,0.812687,0,0.295129,0.184947,2.84877,0.231847,0.52463,0.235349,0.704227,0.157986,0.0495673,1.44415
58.560725624,0.601421,0,0.0669848,0.515353,2.3148,0.270835,0.272326,0.241601,0.595306,0.0449463,0.000511636,1.46307
58.607165533,0.464962,0,0.023837,0.615807,1.91664,0.225078,0.312002,0.130674,0.665727,0.0673844,0.0696346,2.12859
58.653605442,0.357444,0.0056821,0.0375803,0.600592,1.60497,0.146172,0.567515,0.161503,0.819393,0.082724,0.0789833,2.8131
58.700045351,0.150431,0,0.0896745,0.435152,2.38363,0.0757811,0.687161,0.269352,0.99962,0.104568,0.00179661,2.99532
58.746485261,0.0684322,0,0.0915618,0.128785,3.32996,0.063859,0.824318,0.351126,0.547856,0.110097,0.00241335,2.92758
58.792925170,0.0764652,0,0.315049,0.113126,3.55954,0.0388744,0.615547,0.294995,0.105514,0.055648,0.0552632,2.97034
58.839365079,0.182882,0.0441584,0.520627,0.124656,3.44936,0.197286,0.502647,0.0284649,0.0260893,0.0168088,0.617335,2.68933
58.885804989,0.129487,0.0973289,0.669807,0.134376,2.81518,0.444472,0.411972,0.181711,0.0325638,0.0213195,1.50301,2.11648
58.932244898,0.029987,0.510813,0.590825,0.721251,2.11471,0.662456,0.332858,0.245035,0.0317825,0.664218,1.73575,1.47036
58.978684807,0,0.923509,0.356996,0.665186,2.45166,0.398962,0.286201,0.23351,0.0321237,1.23194,0.923506,1.32519
59.025124717,0.0385427,0.987575,0.243369,0.290598,2.96308,0.144352,0.219126,0.0851141,0.0991752,1.85514,0.382495,1.47624
59.071564626,0.708844,0.806457,0.129561,0,3.15469,0.430525,0.483135,0.0659875,0.114074,2.45331,0.0439396,1.24694
59.118004535,1.77089,0.145546,0.243995,0,2.65451,0.4217,0.827339,0.0537489,0.346614,2.15247,0.000328923,0.751942
59.164444444,1.94298,0.132747,0.223668,0,1.86569,0.33843,0.938083,0.0490597,0.418774,1.63405,0.157795,0.567981
59.210884354,1.87852,0.112766,0.244481,0.00321346,1.63058,0.173252,0.94861,0.0157644,0.728288,1.18862,0.0853375,0.591681
59.257324263,1.49355,0.105533,0.178331,0.0383928,2.20091,0.0724569,0.600814,0.0214398,1.12025,1.06456,0.105829,0.821363
59.303764172,0.744484,0.170126,0.116333,0.190332,2.45402,0.0359591,0.456684,0.0171898,0.970923,1.51408,0.141445,0.926642
59.350204082,0.065249,0.164471,0.114226,0.209946,2.75085,0.0393686,0.577877,0.0626982,0.762865,1.53817,0.126061,1.48527
59.396643991,0.00941664,0.172727,0.0783768,0.165803,3.00327,0.0290282,0.467227,0.0375076,0.622831,1.59124,0.0315109,1.95823
59.443083900,0.00195466,0.148807,0.11571,0.143743,3.0905,0.0278123,0.317057,0.047052,0.424311,1.67136,0.049143,2.21662
59.489523810,0.0897461,0.0994359,0.0520502,0.203974,3.22163,0.445961,0.281262,0.0471879,0.286624,1.65872,0.0406592,2.56504
59.535963719,0.142101,0.07414,0.0858675,0.38053,3.06647,0.301086,0.239454,0.0309224,0.0156276,1.81063,0.039316,2.73474
59.582403628,0.0704564,0.0903775,0.272333,0.623478,2.70773,0.142712,0.279451,0.00583238,0.108255,1.82237,0.0991789,2.84639
59.628843537,0.0179087,0.075022,0.577908,0.750924,2.51961,0.116692,0.351725,0.217108,0.135936,1.76471,0.10714,2.34319
59.675283447,0.00828155,0.0404447,1.26694,0.309259,1.77543,0.0915946,0.71033,0.73013,0.136967,1.57179,0.103502,1.64939
59.721723356,0.0071067,0.0545464,1.25765,0.293425,0.741552,0.163395,0.929205,1.06845,0.172479,1.64769,0.143919,1.40333
59.768163265,0.312557,0.0680354,1.06251,0.352379,0.926156,0.154572,0.707951,1.06178,0.194039,1.81071,0.0513493,1.30583
59.814603175,0.728418,0.062317,1.15349,0.539626,1.24579,0.0696524,0.0395844,0.908808,0.465815,1.71612,0.0157006,1.50831
59.861043084,0.696077,0.0553011,1.04932,0.344934,1.42144,0.0214654,0.111222,1.12093,0.516611,1.34136,0.0509375,1.72571
59.907482993,0.624232,0.0873894,1.00956,0.122096,1.54955,0.0174757,0.168815,1.12466,0.275817,1.38822,0.0518219,1.679
59.953922902,0.0673167,0.782204,1.10816,0.249459,1.66628,0.0446062,0.0579782,0.9326,0.125483,1.51754,0.0334655,1.7248
60.000362812,0.000865351,1.30701,0.592488,0.388452,1.24249,0.134075,0.403171,0.757526,0.126799,1.80774,0.0576988,1.40345
60.046802721,0.22905,1.61369,0.0749553,0.40058,1.18442,0.00311214,0.74856,0.704408,0.115983,1.656,0.202726,1.05382
60.093242630,0.182496,1.413,0.402293,0.327714,0.904763,0.000319664,0.95391,0.688543,0.108997,1.25121,0.24372,1.49814
60.139682540,0.103319,1.14151,1.15431,0.239422,0.630405,0,0.575027,1.15393,0.100937,0.978417,0.270724,1.88903
60.186122449,0.022127,0.102634,1.51334,0.225877,0.696615,0,0.319423,1.60258,0.109988,0.909737,0.386086,1.74183
60.232562358,0.0393811,0.072322,1.4261,0.208037,1.0233,0.0577531,0.338425,1.43608,0.00891926,0.667761,0.786258,1.48961
60.279002268,0.000198638,0.173974,1.55208,0.0800395,1.14513,0,0.401869,1.207,0.107258,0.430708,0.886531,1.76178
60.325442177,0.000259408,0.310256,1.38827,0.0668897,1.23468,0.00916637,0.474591,0.957368,0.0776513,0.55568,0.536779,1.66743
60.371882086,8.7104e-05,0.358217,1.16099,0.07425,1.36878,0.0350409,0.488967,0.728112,0.0938273,0.836429,0.108154,1.60324
60.418321995,0.116351,0.299174,1.09796,0.115442,1.36893,0.0814853,0.413301,1.04257,0.0713532,1.13699,0.0555362,1.99047
60.464761905,0.12502,0.139127,1.02728,0.169401,1.333,0.090346,0.164735,1.38886,0.439568,1.13573,0.232501,2.86605
60.511201814,0.0467898,0.210118,1.14747,0.327783,1.37973,0.0127403,0.00922011,1.09961,0.601073,0.29463,0.635633,2.97227
60.557641723,0.10745,0.269011,1.14001,0.113843,1.41092,0.0187651,0.177943,0.638076,0.47713,0.243504,0.893242,2.87129
60.604081633,0.138753,0.344634,1.05006,0.0558405,1.76132,0.324596,0,0.657049,0.236074,0.0679037,0.789807,2.86735
60.650521542,0.210844,0.365413,1.01385,0.0284055,2.07187,0.38079,0,0.680485,0.0542,0.308348,0.566582,2.90391
60.696961451,0.145599,0.282269,1.10877,0.00845218,2.07796,0.187413,0.148143,1.18159,0.249173,0.673527,0.210626,2.92525
60.743401361,0.0443979,0.0397189,1.20567,0.0836807,1.67256,0.158344,0.377411,1.72154,0.352901,0.670593,0.131472,2.83255
60.789841270,0.0471886,0.000154463,1.17257,0.138413,1.29226,0.230592,0.418878,1.78496,0.168638,0.361731,0.0828147,3.04073
60.836281179,0.0516497,0,0.594511,0.177035,1.36402,0.00635405,0.416515,1.90046,0.0995105,0.42027,0.00878174,3.03598
60.882721088,0.144392,0,0.498886,0.184436,1.18499,0.00256925,0.352356,1.99996,0.179163,0.137846,0.0412985,2.86597
60.929160998,0.469577,0.410066,0.505604,0.0329566,1.00088,0.0251086,0.205619,1.89077,0.271563,0.0013973,0.161231,2.24334
60.975600907,0.405159,0.867825,0.610994,0,0.931467,0.0419578,0.0608165,1.8622,0.153925,0.00011239,0.266265,1.65623
61.022040816,0.209069,0.550917,1.63642,0.0103931,1.13374,0.010933,0.0379388,2.05257,0.107012,7.44871e-06,0.312105,1.51626
61.068480726,0.156862,0.019055,1.5596,0.0177732,1.41386,0,0.00578456,2.91399,0.0465912,0.595273,0.248803,1.68346
61.114920635,0.00051938,0,1.4623,0.00621883,1.76688,0.0178542,0.12249,3.25549,0.0465931,0.771189,0.0989994,1.94983
61.161360544,0.0695858,0.000296751,1.31805,0,1.71216,0.0266403,0.149442,3.0863,0.0121236,1.23383,0.0182347,2.36994
61.207800454,0.000168648,0.00164532,1.10644,0,1.57684,0.0384002,0.135045,3.02504,0.00858159,1.38993,0.058964,2.4889
61.254240363,0.000237558,0.0252404,1.19993,0.00346733,1.42958,0.156066,0.0489139,3.07258,0.103562,1.13082,0.147504,2.3457
61.300680272,0.147605,0.0846862,1.10972,0.0160204,1.30292,0.252747,0,2.93081,0.363441,0.973761,0.195902,1.97368
61.347120181,0.828151,0.0750031,1.07427,0.231276,1.75366,0.115127,0.0426186,2.57933,0.677353,0.526514,0.268979,0.997294
61.393560091,1.91688,0.195552,0.747314,0.00261359,2.58326,0.131705,0.071029,1.85094,0.887317,0.378377,0.535996,0.0634166
61.440000000,2.20348,0.145961,0.390239,0,3.12188,0.267765,0.0658691,1.68956,0.690108,0.134567,0.411997,0.081572
61.486439909,2.39081,0.0169415,0.357811,0,3.35601,0.246312,0.0738602,1.84014,0.486842,0.0892903,0.340639,0.0820428
61.532879819,2.4413,0.475663,0.419866,0,3.0786,0.19004,0.103288,1.90594,0.711589,0.0238803,0.364406,0.0473067
61.579319728,2.1024,0.947243,0.166593,0,2.44507,0.0744531,0.107869,2.06311,0.427548,0,0.216546,0.00982701
61.625759637,1.92942,0.943261,0.0425282,0,2.21718,0.0452854,0.139143,2.39491,0.0311392,0.000471592,0.127246,0.112039
61.672199546,2.01287,0.785801,0.0850719,0.0213796,2.18657,0.0480349,0.181065,2.3093,0.0205033,0.00323533,0.0143658,0.0655192
61.718639456,2.11508,0.805396,0,0.0283713,2.74771,0.0306445,0.222611,2.29811,0.0198514,0.453182,0.000108997,0.00972699
61.765079365,2.01248,0.269232,0,0.0963807,2.8213,0.0605824,0.43484,1.78997,0.00223002,1.14151,0.000442239,0.242643
61.811519274,1.66362,0.246396,0,0.125401,2.49865,0.0406285,0.496182,1.15251,0.133008,1.07468,0.000644296,0.532338
61.857959184,1.90932,0.110131,0,0.117641,2.15992,0.0329367,0.406739,1.0748,0.169281,0.760604,0.000472807,1.13125
61.904399093,2.04916,0.0493555,0,0.0966502,2.49278,0.0455351,0.330411,1.35277,0.101947,0.144513,0.00014289,1.23251
61.950839002,1.93752,0.0335677,0,0,2.92311,0.0589929,0.338791,1.6185,0.0177456,0.00106818,0.479696,0.909795
61.997278912,1.66602,0.105112,0,0.0174294,2.72433,0.0545787,0.327786,1.59764,0.00788779,0.250018,1.03691,0.354062
62.043718821,1.44866,0.225184,0.0489752,0.0966269,2.14434,0.0338778,0.384568,1.76128,0.0144097,0.334854,1.30184,0.387778
62.090158730,1.87092,0.212207,0.282951,0.107192,1.41091,0.0273913,0.426578,1.68971,0.0685222,0.440722,1.23459,0.531395
62.136598639,2.46578,0.169885,0.105153,0.177241,0.665297,0.0235495,0.454541,1.4517,0.217965,0.735316,0.618978,0.552071
62.183038549,2.47037,0.162706,0.00399875,0.458699,0.608487,0.0505617,0.641995,1.3799,0.270946,0.751753,0.350494,0.52475
62.229478458,2.56375,0.159153,0.000149303,0.4224,1.09875,0.0716482,0.583901,1.12673,0.155923,0.197716,0.577722,0.828404
62.275918367,2.52925,0.159136,0.0590969,0.00911093,1.89863,0.0740491,0.330863,1.07521,0.0125421,0.132516,0.729006,0.897805
62.322358277,2.36708,0.212147,0.0868316,0.00682137,2.35781,0.012374,0.104407,1.61275,0.0115114,0.0837749,0.700179,1.19332
62.368798186,1.77141,0.147445,0.0652729,0.00719806,2.50946,0.0480444,0.0105448,2.14506,0.00801392,0.00146843,0.708499,1.57761
62.415238095,1.77539,0.0977737,0.00165502,0.0127033,2.55342,0.0271323,0.255327,2.36046,0.00516147,0.0136274,0.633152,1.68046
62.461678005,1.92142,0.377287,0,0.00201641,2.40207,0.0326771,0.405688,2.31814,0.00169265,0.120415,0.291459,1.43101
62.508117914,1.96595,0.356577,0.118738,0.0159252,1.91301,0.0899965,0.379806,1.92005,0.232904,0.352903,0.17459,0.916722
62.554557823,2.64745,0.180627,0.147947,0.0575528,1.32477,0.155221,0.405985,1.49787,0.276613,0.711769,0.0676009,0.0921699
62.600997732,3.05167,0.0622257,0.0814936,0.00853603,1.40787,0.159674,0.277147,1.66626,0.203166,1.08351,0.009338,0.00362815
62.647437642,3.21045,0.0489723,0.0939736,0,1.2584,0.114385,0.237597,1.50426,0.41081,0.860259,0.00471482,0
62.693877551,3.11026,0,0,0,0.947107,0.149519,0.331625,1.1937,0.578272,0.520895,0.00063952,0.216029
62.740317460,2.50827,0,0,0,0.802824,0.184269,0.192091,1.03389,0.528352,0.366128,0.00102278,0.824563
62.786757370,1.81875,0.00768485,0.2981,0.00359245,1.09412,0.102369,0.253576,1.09048,0.366066,0.483198,0.00126795,1.01018
62.833197279,1.09686,0.0430607,0.423121,0.0264918,1.61319,0.0348187,0.031031,1.98869,0.164668,1.37246,0.0015106,0.912099
62.879637188,1.41213,0.0609489,0.210543,0.0165011,2.0228,0.0430476,0.0335438,2.39324,0.0858022,1.61575,0.00132567,0.883711
62.926077098,1.89057,0.0901615,0.1112,0,2.28957,0.0338823,0.125891,2.17483,0.0260114,1.54879,0.000690127,0.925932
62.972517007,2.30359,0.162443,0.210368,0,2.17742,0.0156647,0.117273,1.72623,0.0308781,1.68658,0.0419406,0.991854
63.018956916,2.4935,0.29614,0.288077,0.0225237,1.83135,0.00950069,0.30755,1.44325,0.132488,1.94501,0.289158,0.761052
63.065396825,2.61987,0.171397,0.78424,0.039465,1.36893,0.0863961,0.64861,1.1228,0.553502,2.24246,0.402702,0
63.111836735,2.53997,0.074707,0.966581,0.110524,1.38086,0.0652801,0.430797,1.32871,0.60957,2.34534,0.28811,0.0722624
63.158276644,1.96532,0.151411,0.96537,0.240381,2.10433,0.0413087,0.2021,1.4072,0.39349,1.89798,0.123444,0.481932
63.204716553,1.03741,0.144522,0.859466,0.271079,2.4341,0.196512,0.190197,0.638584,0.479581,1.88833,0.0888046,1.08648
63.251156463,0.357656,0.158062,0.253126,0.21519,2.89037,0.287802,0.0899048,0.0438982,0.583544,2.10123,0.104424,1.53824
63.297596372,0.90428,0.217821,0.190376,0.0313378,3.16842,0.237379,0.0299854,0.0648336,0.513818,2.24079,0.171361,1.41085
63.344036281,1.80342,0.646616,0.054217,0,2.83641,0.35731,0.0429883,0.394993,0.22023,2.32584,0.213065,0.674639
63.390476190,1.83132,1.00104,0.0915004,0.065987,2.29104,0.978778,0.0528228,0.530189,0.15068,2.23763,0.159719,0.182769
63.436916100,1.69185,1.1662,0.117526,0.0685698,2.15449,1.22306,0.0905996,0.362378,0.0758247,2.23485,0.136183,0.0945079
63.483356009,1.42722,1.08353,0.19917,0.0280841,2.20883,0.890512,0.102684,0.0423603,0.0258523,2.11848,0.0792648,0.0106057
63.529795918,0.479855,0.196264,0.158124,0.0893542,2.31789,0.0169464,0.148181,0.0988006,0.0535531,2.15185,0.121961,0.627281
63.576235828,0.119749,0,0.546915,0.377836,2.03063,0.02719,0.310852,0.0571824,0.45519,2.18238,0.341047,0.773862
63.622675737,0.0136737,0,0.970344,0.542774,1.88185,0.07084,0.335065,0.0938823,0.596823,2.05917,0.432364,0.966162
63.669115646,0.203777,0,0.88108,0.627085,1.92222,0.0566043,0.183462,0.155171,0.636068,2.10294,0.44924,1.15484
63.715555556,0.308011,0.131559,0.398544,0.284628,2.32722,0.105329,0.0709733,0.117285,0.556672,2.24482,0.566464,1.29019
63.761995465,0.253615,1.30628,0.348875,0.0104267,2.12724,0.637169,0.0493362,0.289303,0.237363,1.67458,0.525173,1.41955
63.808435374,0.418249,1.21618,0.280934,0.00135592,1.92971,0.867574,0.757734,0.323286,0.0917665,0.630937,0.283916,1.17466
63.854875283,0.693177,0.794059,0.210872,0.0046508,1.42994,0.605764,1.62642,0.152544,0.0917393,0.479832,0.0463479,1.35532
63.901315193,0.877027,0.614577,0.0883208,0.882756,1.47432,0.148608,1.99476,0.136128,0.0599878,0.348337,0,1.27082
63.947755102,0.436882,0.250224,0.000500922,1.37345,1.53957,0.220932,1.93594,0.136257,0.226411,0.513396,0,1.54089
63.994195011,0.349091,0.330482,0,1.47745,1.91286,0.040869,1.79939,0.00470144,0.233894,0.054395,0.344875,1.93336
64.040634921,0.212468,0.526377,0.000151958,0.953454,2.9143,0.0351026,1.89425,0,0.148176,0.102357,1.16103,1.414
64.087074830,0.020545,0.412318,0,0.172391,3.35297,0.0428391,1.61735,0.0119367,0.0625063,0.170186,1.58544,1.40819
64.133514739,0.167343,0.299706,0.036569,0.0206697,3.3556,0,1.49804,0.0364694,0,0.424716,1.46505,1.71493
64.179954649,0.0356529,0.107442,0.0623126,0.0766385,3.34336,0.0844928,1.75232,0.271577,0,0.692312,0.847029,1.95275
64.226394558,0.303274,0.493063,0.565797,0.187254,2.6904,0.374456,1.63915,0.0152105,0.364825,0.39839,0.313407,1.78164
64.272834467,0.473159,0.342563,0.825987,0.216612,2.58535,0.429492,1.30769,0.00337141,0.515395,0.0658719,0.238797,1.23634
64.319274376,0.661297,0.206819,1.0753,0.204926,2.2361,0.207936,0.55321,1.0781,0.321049,0.81564,0.206154,0.851181
64.365714286,0.72705,0,1.08336,0.156392,2.4497,0.132471,0.119969,2.27621,0.18171,1.06684,0.0842916,1.02575
64.412154195,1.84612,0,0.960133,0.0708699,2.24405,0.0917009,0.0622834,2.37135,0.0942174,1.11607,0.0575575,0.173349
64.458594104,1.94074,0.0796226,0.833043,0.0199838,1.90062,0.165622,0.105852,1.76538,0.573928,1.028,0.180495,0
64.505034014,1.32644,0.120831,0.930101,0,2.18129,0.0931752,0.143152,1.25422,0.494072,0.759944,0.237277,0.656755
64.551473923,0.558896,0.12047,1.0464,0.0400209,1.8639,0.00812165,0.156504,1.35405,0.221951,0.469559,0.229036,0.964741
64.597913832,0.227245,0.0810817,1.351,0.00187397,1.64926,0.000265612,0.0707771,1.90251,0.0567685,0.190012,0.204225,1.69895
64.644353741,0.210988,0.0646843,1.38467,0,1.6977,0.00976166,0.0370735,2.48111,0.0639902,0.0125018,0.0522202,1.87036
64.690793651,0.184839,0.133065,1.30289,0,1.84458,0.0232964,0.0484363,2.65258,0.0439226,0.0065724,0.0370888,1.85311
64.737233560,0.0475273,0.152537,1.26739,0,2.14908,0.00925863,0.0422752,2.83795,0.0475501,0.00577146,0.0686013,1.96658
64.783673469,0.199284,0.0492258,1.36626,0.00174861,2.10396,0.0124497,0.0272452,2.94563,0.0168234,0.00460657,0.0636682,2.22166
64.830113379,0.20919,0.0980446,1.4783,0.00936565,1.92456,0.0756537,0.0476321,2.97476,0.0319814,0.000689989,0.0430571,2.26996
64.876553288,0.214938,0.0821808,1.28368,0.0146631,2.06048,0.186193,0.0383484,2.5961,0.0928184,0.0557456,0.069161,2.20102
64.922993197,0.132985,0.270444,0.877179,0.0260771,2.64758,0.295533,0.0577388,1.77946,0.228941,0.2494,0.577219,1.64783
64.969433107,0.0427322,0.311283,0.761337,0,2.96343,0.344361,0.153541,1.54235,0.193999,0.132461,0.639308,1.76078
65.015873016,0.0279591,0.12384,0.716097,0,2.71306,0.416401,0.104399,1.98712,0.131395,0.105577,0.210285,2.01246
65.062312925,0.0175972,0.042834,0.993948,0,2.30883,0.441102,0.0149015,2.11563,0.118624,0.043934,0.0418153,2.31938
65.108752834,0.10248,0.0426748,0.873269,0,1.80659,0.171551,0.0435849,2.13187,0.101872,0.175893,0.0379688,2.49681
65.155192744,0.176582,0.0167673,0.708313,0,1.70751,0.0507925,0.239493,1.96274,0.0896872,0.43983,0.0507927,2.49619
65.201632653,0.136568,0.00464765,0.733515,0.0559043,1.75658,0.0399137,0.39982,1.94044,0,0.570142,0.0927576,2.48869
65.248072562,0.161072,0.014046,1.01241,0,2.01147,0.0217897,0.43803,1.86877,0,0.655407,0.0999695,2.54158
65.294512472,0.06784,0.00842782,1.35218,0,2.17776,0.00510777,0.260343,1.67352,0.0909804,0.459928,0.0771362,2.74801
65.340952381,0.26519,0.0215015,1.11968,0,2.24405,0.0252897,0.486282,1.17531,0.110973,0.566883,0.048398,2.58575
65.387392290,0.340401,0.168377,0.734483,0,2.15734,0.025579,0.639862,1.01413,0.116611,0.748029,0.113191,2.22035
65.433832200,0.239514,0.210053,0.130448,0.00759364,2.08106,0.0294485,0.539309,1.36378,0.0907116,0.97496,0.185535,1.92702
65.480272109,0.150087,0.267894,0.0626166,0.126065,2.10386,0.0313929,0.0371329,1.88991,0.0905771,0.921877,0.137387,2.67641
65.526712018,0.0545539,0.19478,0.513696,0,2.08465,0.0288881,0.00210006,2.2882,0.0823707,0.680161,0.0836334,2.80005
65.573151927,0.0280602,0.0830488,0.829919,0,2.08638,0.00632804,0.00420955,2.28202,0.0993742,0.487333,0.0452844,2.87803
65.619591837,0.017087,0.141412,0.341429,0,2.07008,0.38665,0.0589857,2.11969,0.119999,0.609458,0.0509118,2.87023
65.666031746,0.0205013,0.392944,0.290683,0,2.17928,0.464355,0.0482607,1.91173,0.146733,0.354614,0.113359,2.95504
65.712471655,0.0291887,0.522822,0.313046,0,1.6331,0.240597,0.136207,1.94566,0.106044,0.428795,0.180748,3.12534
65.758911565,0.033495,0.49487,0.35307,0.01489,1.67014,0.0204841,0.150358,1.91707,0.0688301,0.650663,0.127854,3.02815
65.805351474,0.00924862,0.1672,0.278594,0.0235714,2.28193,0.0124176,0.0105604,1.92962,0.0696107,0.833188,0.105023,2.54278
65.851791383,0.0272645,0.0366085,0.283882,0.0214722,3.04798,0.0233138,0.0379749,2.0527,0.109496,0.73944,0.067666,1.81784
65.898231293,0.0260267,0.000503684,0.229537,0.00292176,2.98522,0.0475539,0.140562,2.21619,0.126695,0.891634,0.0776767,1.72693
65.944671202,0.0275972,0,0.151223,0.00596029,2.75515,0.0406981,0.25068,2.31678,0.111612,1.0372,0.0993373,1.92468
65.991111111,0.180991,0,0.300431,0.00386165,2.37828,0.021382,0.338172,1.97384,0.0957786,1.13586,0.082187,1.97109
66.037551020,0.320347,0.124197,0.347816,0.000528744,2.04626,0.0152177,0.859198,1.53285,0.0906247,1.05006,0.0148776,2.07612
66.083990930,0.284666,0.159195,0.34956,0,2.17922,0.0130459,0.896275,1.71748,0.0890268,0.855639,0.0908231,2.461
66.130430839,0.204945,0.216614,0.40336,0,2.1677,0.0328195,0.287859,2.36189,0.0889215,0.824502,0.159363,2.44194
66.176870748,0.25209,0.250523,0.425382,0,2.14722,0.106367,0.174251,2.90388,0.0854795,0.843755,0.167455,1.62241
66.223310658,0.561535,0.203034,0.469353,0,1.99946,0.193613,0.00520419,3.26424,0.120635,0.765866,0.157751,0.680482
66.269750567,0.552101,0.182464,0.538172,0,1.76338,0.275476,0.0253213,3.1177,0.164931,0.715488,0.190983,1.01919
66.316190476,0.41974,0.321432,0.289476,0.0984269,1.91273,0.23814,0.0528991,2.8893,0.174181,0.810612,0.288621,1.26336
66.362630385,0.20567,0.389351,0.349028,0.717886,1.79217,0.0136304,0.130785,2.68802,0.261965,1.07646,0.282456,1.462
66.409070295,0.0721503,0.161179,0.85304,0.554812,1.23459,0.0224178,0.131065,2.37754,0.612778,1.10738,0.255895,1.205
66.455510204,0.054988,0.0754046,0.842014,0.0791869,0.841309,0.0122427,0.353928,2.02454,0.75174,1.46842,0.201261,0.635416
66.501950113,0.0610633,0,1.17875,0.191477,0.845642,0,0.817613,1.17994,0.576062,1.624,0.332395,0.446842
66.548390023,0.059814,0,1.46388,0.0365356,1.09766,0.00901709,1.1469,0.581555,0.434784,2.05058,0.455579,0.352515
66.594829932,0.0530779,0.108783,1.53408,0,1.56184,0.508978,0.801786,1.19769,0.115382,2.32982,0.566192,0.452917
66.641269841,0.18292,0.176225,1.45302,0.00593238,1.84918,0.490379,0,1.74562,0,2.14464,0.201325,1.25901
66.687709751,0.218642,0.0974956,1.19029,0.00117265,2.55959,0.159315,0.0980227,1.83912,0,2.15559,0.234829,0.770327
66.734149660,0.521768,0.109188,0.661639,0,2.73059,0.0941623,0.929408,1.31917,0.780102,1.88966,0.210784,0.390846
66.780589569,0.108693,0.152885,0.654801,0.0499956,2.46153,0.0374119,1.42223,0.596577,1.51,0.674415,0.440646,0.627938
66.827029478,0.111238,0.194853,0.527199,0.414506,1.87194,0.0225497,1.57574,0.536395,1.72826,0.273535,1.05285,0.699683
66.873469388,0.0773139,0.171893,0.432865,0.891883,1.64538,0.0187402,1.59131,0.946655,1.55881,0.112707,1.17809,0.520706
66.919909297,0.0200838,0.222892,0.911128,0.957497,1.30728,0.0424055,1.32999,1.30901,1.39465,0.000378813,1.15005,0.545769
66.966349206,0.00584428,0.160211,1.32332,0.683099,0.478013,0.14869,1.36332,1.2345,1.36864,0,0.703829,1.20085
67.012789116,0.0457552,0.0491875,1.72338,0.875469,0.18167,0.182184,1.41674,0.773608,0.82673,0,0.189357,1.56469
67.059229025,0.0192259,0.0046427,1.2528,0.341275,0.629373,0.119435,1.54244,0.927524,0.430738,0,0.395758,1.41083
67.105668934,0.072407,0,0.414778,0.391672,0.78952,0.110545,1.39064,1.46323,0.729324,0.0243673,0.702484,1.25979
67.152108844,0.116558,0.042584,0.0411077,0.624873,0.752315,0.0388725,1.21116,1.67124,1.1863,0.0438922,0.652443,1.45475
67.198548753,0,0.247931,0.105258,0.829288,0.720345,0.0701152,0.427827,2.05663,1.31704,0.0779845,0.495493,1.6577
67.244988662,0.0206455,0.352453,0.97536,0.536455,0.57771,0.222396,0.0441691,2.11936,0.670997,0,0.45012,1.88877
67.291428571,0.133007,0.0485926,1.28338,0.518812,0.732785,0.16837,0.350415,2.41527,0.144423,0.0330682,0.550345,1.67859
67.337868481,0,0.00717621,1.42449,0.185069,0.665905,0.169547,0.0758104,2.77122,0.309653,0.688496,0.692158,1.60596
67.384308390,0.157069,0.145829,1.61632,0.235314,0.513387,0.088058,0.147496,2.0439,0.509288,0.839512,0.57054,1.35378
67.430748299,0.23484,0.37414,1.46824,0.245695,0.803182,0.0386723,0,1.5272,0.767057,1.03923,0.820988,1.20578
67.477188209,0.0120672,0.439543,0.817888,0.231494,1.37414,0.0916926,0,1.1049,1.07386,0.953308,0.770893,1.31221
67.523628118,0.000181541,0.622836,0.614557,0.0746731,2.15918,0.161375,0,1.11301,1.02679,0.612701,0.453105,1.49945
67.570068027,0.0969812,0.385234,0.276658,0.118347,2.63816,0,0.0118338,1.20949,2.14508,0.107069,0.330117,1.41589
67.616507937,0.140358,0.0999328,0.156397,0.479128,2.61383,0.00242052,0.0279394,1.25929,2.75356,0.016437,0.156542,1.11674
67.662947846,0.283754,0.0426159,0.180783,0.623398,2.48994,0.00300931,0.0378639,1.21376,2.85236,0.0166571,0.40343,1.05671
67.709387755,0.223836,0.221416,0.394289,0.661108,2.60109,0.00150893,0.024869,1.1604,2.28155,0,0.377624,1.20328
67.755827664,0.193024,0.161528,0.238085,0.139052,2.98807,0.08301,0.218235,1.25049,1.57981,0,0.134686,1.57328
67.802267574,0.261762,0.17986,0.207301,0.0562115,3.0278,0.0915965,0.198823,1.57778,0.326159,0.240046,0.500197,1.61425
67.848707483,0.159721,0.20532,0.347692,0.0701499,2.95325,0.0899336,0.150726,0.978177,0.81276,0.309107,0.534326,1.36148
67.895147392,0.267972,0.267574,0.242937,0.0948919,2.92653,0.166657,0.0948249,0.770831,1.12815,0.130996,0.108101,1.60796
67.941587302,0.350502,0.196051,0.159652,0.0733329,2.73706,0.229484,0.0241062,0.842967,0.422051,0.0755725,0.0287914,1.87385
67.988027211,0.41929,0.732485,0.119364,0.0861484,2.21587,0.579666,0.0322706,0.885655,0.122962,0.242611,0.0302102,1.56666
68.034467120,0.497073,1.00746,0.00310627,0.0738263,1.92939,0.479729,0.372667,0.975455,0.110077,0.263709,0.165587,0.871544
68.080907029,0.486571,1.11271,0,0.114103,2.00899,0.211061,0.445118,1.07918,0.163243,0.269137,0.390951,0.425901
68.127346939,0.699996,0.989796,0,0.40796,1.90236,0.00370007,0.466449,1.1345,0.220249,0.39116,0.496477,0.127949
68.173786848,0.837822,0.733629,0.135713,0.689654,1.73577,0,0.068335,1.54185,0.198967,0.946255,0.182777,0.134667
68.220226757,0.482131,0.354324,0.257103,0.536213,1.67739,0.0237563,0.131496,2.26504,0.127723,0.674407,0.202554,0.922492
68.266666667,0.310021,0.33049,0.44032,0.0878934,1.82549,0,0.287266,2.41807,0,0.0429542,0.501433,1.2636
68.313106576,0.00029123,0.364013,0.573386,0.00492122,2.6065,0,0.286577,2.12775,0,0,0.663636,1.52264
68.359546485,0.0358266,0.420445,0.524677,0.114084,2.90882,0.0574644,0.087403,0.974611,0.0165615,0.183037,0.568882,1.60813
68.405986395,0.180949,0.209685,0.382353,0.0572674,2.91987,0.509962,0.302088,0.936935,0,0.00918608,0.392437,1.39811
68.452426304,0.104857,0.596346,0.405627,0.0473796,2.64235,0.458078,0.175989,1.01213,0.472287,0.0241693,0.28245,1.60725
68.498866213,0.0921421,0.413349,0.361972,0.669986,2.05375,0.302449,0.113519,1.03594,1.42706,0.349559,0.161356,1.54729
68.545306122,0.080532,0.238449,0.320062,0.963645,1.6072,0.259306,0.0523915,1.36761,1.56827,0.907772,0.0950549,1.14308
68.591746032,0.0223393,0.130796,1.14337,1.13057,0.934244,0.217338,0.0232656,1.85003,0.901199,1.23049,0,0.688803
68.638185941,0.296352,0.136357,1.69962,0.351011,1.1236,0.213205,0.513094,1.19932,0.841285,0.846177,0,0.721786
68.684625850,0.486579,0.0837101,1.51343,0,1.00006,0.14245,0.588002,0.814476,1.1924,0.607065,0,0.583126
68.731065760,0.618511,0.106093,1.20937,0.214784,0.481602,0.0441396,0.640507,0.554007,1.75768,0.706782,0,0.244311
68.777505669,0.681517,0.430607,1.16943,0.5545,0.180607,0.0381284,0.628358,0.644135,1.97896,0.655429,0.0535951,0.148437
68.823945578,0.933429,0.302791,1.1973,0.703308,0.167757,0.0345561,0.633221,0.836482,2.08508,0.422993,0.0644721,0.190771
68.870385488,0.825317,0.427007,2.17726,0.15134,0.116115,0.140459,0.668354,1.44825,1.02672,0.156169,0.566391,0.416775
68.916825397,0.734183,0.381066,1.84377,0.550068,0.204991,0.324573,0.119724,1.45338,0.125434,0.534863,1.19947,0.347027
68.963265306,0.786046,0.301367,1.78403,0.933319,0.132603,0.352346,0.286334,0.987544,0.131114,0.583904,1.11711,0.311132
69.009705215,0.613101,0.295271,1.7058,1.05159,0.0469162,0.465119,0.0530808,1.054,0.121865,0.373044,1.01471,0.636196
69.056145125,0.263671,0.197176,1.47481,0.816843,0.0825122,0.33891,0.0538274,1.75892,0.283653,0.386281,0.944585,0.755243
69.102585034,0.0507309,0.0418881,1.63293,0.365555,0.0991998,0.347959,0.633005,2.00709,0.0958348,0.348834,0.323757,1.22735
69.149024943,0.0412378,0,1.3584,0.0385751,0.118291,0.474706,0.552751,2.44509,0.0278254,0.0594274,0.403646,1.92329
69.195464853,0.104731,0.00977083,1.19546,0.20937,0.0728286,0.468051,0.719522,2.70273,0.0300824,0.000444184,0.728305,2.26259
69.241904762,0.165028,0.0362039,1.33838,0.253205,0.0285147,0.509318,0.724398,2.08667,0.057077,0,1.06401,2.15526
69.288344671,0.241957,0.0303551,1.50076,0.23526,0,0.678797,0.392361,1.20583,0.0246666,0,1.29982,2.00429
69.334784580,0.147748,0.0470952,1.65206,0.0713505,0.0987388,0.567504,0.095172,0.869365,0,0.0871701,1.48389,1.95093
69.381224490,0.212216,0.159048,1.8926,0.000366615,0.184772,0.338123,0.0888907,0.566478,0,0.629889,1.48954,1.73741
69.427664399,0.318738,0.185142,1.94222,0.0921478,0.162236,0.653337,0.327715,0.670357,0.157276,1.20373,0.34256,1.60244
69.474104308,0.268651,0.0954462,1.62954,0.457487,0.261886,0.532217,0.264802,1.27133,0.333575,0.629402,0.348258,2.04127
69.520544218,0.24416,0.22496,1.51213,0.107862,0.154364,0.735124,0.122669,1.90846,0.038479,0,0.179512,2.7254
69.566984127,0.171288,0.270783,1.18206,0.327247,0.402989,0.572981,0.199331,2.73417,0,0.0348481,0.288718,2.89547
69.613424036,0.161771,0.192889,1.09905,0.597803,0.523187,0.421668,0.0937566,3.36364,0.0524686,0.0808992,0.313144,2.88422
69.659863946,0.175343,0.179446,1.34716,0.605522,0.390912,0.652089,0.0653618,3.17345,0.165982,0.126549,0.0395247,2.60579
69.706303855,0.180312,0.168025,1.5191,0.522175,0.0354498,0.642826,0.0759885,3.20963,0.256667,0.0727707,0.00208447,2.00907
69.752743764,0.744303,0.694208,0.633016,0.25718,0.000798847,0.333382,0.606172,2.88319,0.119464,0.444931,0.226769,2.07781
69.799183673,0.869428,0.345119,0.227474,0.167245,0,0.0187369,1.10619,2.0031,0.12169,0.73209,0.776549,2.01745
69.845623583,0.556799,0.172593,0.0277242,0.268234,0.0143858,0.0422217,1.19282,1.69835,0.124138,0.720583,1.16115,1.41776
69.892063492,0.468628,0.0619039,0.552169,0.351183,0.0362312,0.0288086,0.936189,2.07263,0.0804344,0.645121,1.40564,1.28016
69.938503401,0.443291,0.0254111,1.00223,0.18144,0.0465239,0.0946951,0.144509,2.44324,0.0351637,0.749429,1.48667,1.42327
69.984943311,0.406732,8.45931e-05,0.942132,0.212433,0.403192,0.172372,0.229484,1.98757,0.0162717,1.55145,0.427434,1.35903
70.031383220,0.41266,0.0115486,0.954135,0.131819,0.695992,0,0.495236,1.0848,0.0925943,2.24815,0.151183,1.0123
70.077823129,0.691338,0.00072871,0.994318,0.0367785,0.61125,0,0.52312,0.567484,0.803618,2.23309,0.00251891,0.595802
70.124263039,0.855539,0.0111387,1.07863,0.0283904,0.553022,0,0.497303,0.49219,1.69733,1.56182,0.0272568,0.598545
70.170702948,0.734346,0.142442,1.55715,0.218393,0.749178,0,0.646677,0.418397,2.45053,0.30154,0.0319606,0.658359
70.217142857,0.528176,0.158852,1.46538,0.801666,0.31127,0.126936,0.34867,0.614547,2.67999,0.488894,0.0797787,0.436761
70.263582766,0.531741,0.309296,1.20436,1.53082,0.356034,0.583831,0.0883011,1.11345,1.60796,1.25357,0.126632,0.294718
70.310022676,0.391595,0.927383,1.3212,0.727843,0.867987,0.937399,0.0174759,1.30171,0.344334,1.67973,0.0879665,0.446942
70.356462585,0.784307,0.837811,1.28577,0.419628,1.06821,0.80357,0.00535379,1.7697,0.281586,1.91368,0.0182394,0.488682
70.402902494,1.54268,0.312194,1.0412,0.283728,1.3955,0.580085,0.0132148,1.92223,0.338125,1.80175,0.0048703,0.470235
70.449342404,2.19377,0.00119316,0.867298,0,1.71418,0.289326,0.0271798,1.98574,0.249127,1.55681,0.0128268,0.542917
70.495782313,2.75897,0.0132719,0.366212,0.0353176,1.85634,0.0869757,0.117157,1.92746,0.056571,1.73512,0.000783522,0.62914
70.542222222,2.02985,0.257168,0,0,1.89808,0.0412362,0.169518,1.75868,0.0424112,1.72761,0,1.74032
70.588662132,1.316,0.307651,0.0172355,0.00352209,1.55827,0.427378,0.0396938,1.32488,0.202729,1.47355,0.0939313,2.28049
70.635102041,1.82574,0.457729,0.082523,0.0103139,1.42938,0.203375,0.0657714,0.977961,0.269353,1.01834,0.0312583,1.84408
70.681541950,2.06183,0.720848,0.0712675,0.00209219,1.40835,0.153559,0.0935658,1.11922,0.433782,0.575167,0.106029,1.49496
70.727981859,1.82498,0.770409,0.00426382,0.0552968,1.38683,0.212375,0.112794,1.27177,0.598937,0.534593,0.223164,1.23475
70.774421769,1.71269,0.643401,0,0.184163,1.62741,0.121332,0.101125,1.44834,0.525949,0.569541,0.242394,0.732756
70.820861678,1.49953,0.631263,0.00137407,0.230712,2.31522,0.0186444,0.219439,1.91053,0.387837,0.143376,0.142552,0.96239
70.867301587,2.43632,0.181775,0.190384,0.0949553,2.03587,0.00674344,0.627643,1.99568,0.11839,0.401373,0.326823,0.469388
70.913741497,2.68358,0.0697175,0.338717,0.287441,1.48555,0.00661794,0.364765,1.68122,0.0330932,1.77398,0.519132,0.51979
70.960181406,2.35927,0.19896,0.204716,0.0718733,1.72175,0.0420581,0.0623583,1.88285,0.0414634,1.83727,0.622404,0.811102
71.006621315,2.15736,0.269602,0.171993,0,1.79092,0.0248622,0.349728,1.88584,0.273287,1.54359,0.434574,1.18451
71.053061224,2.12695,0.165778,0.29148,0.00308378,1.8491,0.0314546,0.786843,1.86049,0.448191,0.723088,0.350303,1.64819
71.099501134,2.32815,0.157955,0.34995,0.067108,1.92056,0.0305789,0.722833,1.844,0.609098,0.410059,0.492891,1.26125
71.145941043,2.35657,0.0420978,0.13304,0.457606,1.27248,0.0333367,0.703938,1.47721,0.55863,0.768139,0.78918,0.86367
71.192380952,2.4156,0.0908892,0.148939,0.834066,1.01476,0.0338672,0.667222,1.00625,0.823051,1.52122,0.568775,0.59722
71.238820862,2.57246,0,0.330903,0.836681,0.941354,0.0267738,0.354397,0.731405,0.994244,1.61326,0.138807,0.612334
71.285260771,1.76534,0.177311,0.272144,0.707437,0.832583,0.134595,0.367553,1.09097,1.20952,0.908446,0.0379528,0.965351
71.331700680,1.62351,0.270147,0.213856,0.498627,0.75016,0.36423,0.332165,0.949716,1.60108,0.774411,0.10524,1.0783
71.378140590,1.66901,0.288023,0.237974,0.648664,0.633496,0.41459,0.140161,1.03643,1.71062,0.902268,0.172379,0.954315
71.424580499,1.982,0.242349,0.257724,0.67984,0.884166,0.487099,0.0292816,1.00731,1.51794,0.720481,0.0760218,0.590302
71.471020408,2.12857,0.171719,0.18796,0.389098,1.47491,0.887039,0.0266571,0.963934,0.816642,0.357454,0.914783,0.651376
71.517460317,2.0363,0.105576,0.19398,0.167037,0.927385,0.833568,0.0212077,1.31344,0.199709,0.737314,1.40747,0.797915
71.563900227,1.80377,0,0.249369,0.322892,0.583343,0.745459,0.315439,1.56828,0.217336,0.355222,1.06865,0.593457
71.610340136,1.62565,0.0178245,0.16647,1.1045,0.507355,0.601138,0.606262,1.79472,0.302209,0.0591714,0.335966,0.775367
71.656780045,1.85153,0.0320779,0.123366,1.37164,0.857169,0.0636585,1.06498,1.73119,0.320561,0.105346,0.00123324,0.763174
71.703219955,2.34238,0.0396429,0.239523,0.719452,1.36973,0.0146242,1.32681,1.46604,0.424964,0.250973,0.0804974,0.834344
71.749659864,2.74146,0.0141803,0.546254,0.008259,1.68004,0.0529818,1.47599,1.33134,0.469243,0.163483,0.349237,0.818417
71.796099773,2.24297,0.00229291,0.523803,0.0833417,1.56369,0.00956975,1.46758,1.21858,0.061662,0.304871,0.500059,1.80175
71.842539683,1.44125,0.000861678,0.274953,0.00969688,1.35462,0.210978,0.202361,0.896811,0.38242,0.481097,0.520922,2.31936
71.888979592,1.29873,0.0199496,0.239339,0,1.51391,0.27634,0.17941,0.476056,1.25163,0.376602,0.192657,2.18963
71.935419501,1.88933,0.300496,0.317076,0.0567263,1.68707,0.371459,0.132145,0.623979,1.5946,0.182629,0.0539859,1.66264
71.981859410,2.57322,0.259627,0.106014,0.0833044,1.98674,0.238541,0.247943,1.1502,1.57767,0,0.601461,0.731313
72.028299320,2.13588,0.238201,0.311947,0.354485,1.68162,0.320354,0.225,1.08472,1.13896,0.0866009,1.06271,0.70237
72.074739229,1.84945,0.28799,0.184672,0.285124,0.728215,0.766603,0.305196,0.908647,0.38676,0.30169,1.88023,0.934354
72.121179138,1.56948,0.210841,0.134336,0.111602,0.841828,0.671038,0.192503,0.687652,0.108081,0.413406,2.277,0.850423
72.167619048,1.11538,0.151926,0.400531,0.0522432,0.987872,0.614393,0.0924551,0.620943,0.114844,0.98568,1.77397,0.665689
72.214058957,0.624437,0.058489,1.1082,0.0135461,0.968706,0.523059,0.0730327,0.344062,0.912682,1.60284,1.02586,0.652203
72.260498866,0.33927,0.0120968,1.73428,0.0750107,0.770253,0.223174,0.0726872,0.191405,1.77684,2.05833,0.146331,0.539675
72.306938776,0.631998,0.0678423,1.90843,0.119872,0.86114,0.124371,0.0716008,0.0698215,1.78389,2.46969,0.278015,0.297075
72.353378685,0.344595,0.453721,1.65772,0.271306,0.892326,0.638459,0.0477393,0.239268,0.994214,2.09439,1.08482,0.0813507
72.399818594,0.15531,0.702457,0.902727,0.0938092,0.87144,0.432222,0.441619,0.277572,0.107913,1.46506,1.71583,0.137459
72.446258503,0.411597,1.07956,0.433745,0,0.656096,0.545685,0.410019,0.327406,0.181927,0.717709,1.32029,0.441007
72.492698413,0.484242,1.11935,0.748417,0.00715185,0.651442,0.687425,0.38723,0.303654,0.412928,0.321227,0.873411,0.54157
72.539138322,0.569373,0.839269,1.1064,0.0252858,0.832512,0.578942,0.377133,0.377167,0.448125,0.375392,1.09459,0.553084
72.585578231,0.358437,0.321122,1.54468,0.0348272,1.0961,0.498414,0.443385,0.720715,0.302727,0.263752,1.97333,0.269343
72.632018141,0.380363,0.316835,1.86022,0.0970757,0.974358,0.520247,0.0970349,0.694027,0.300394,0,2.375,0.282861
72.678458050,0.49931,0.386513,1.67623,0.130856,0.811855,0.523902,0.0861332,0.924516,0.0757833,0.0475746,2.30915,0.289243
72.724897959,0.569534,0.203382,1.77584,0.151505,1.04402,0.405293,0.115187,0.571948,0.0406738,0.986636,1.37714,0.0561717
72.771337868,0.62959,0.232922,2.05425,0.961362,0.649565,0.0865856,0.415376,0.241039,0.829699,1.22902,0.370291,0.233942
72.817777778,0.915249,0.529105,2.04551,1.08793,0.164214,0.0207501,0.392594,0.286325,0.795053,0.613019,0.132363,0.279238
72.864217687,0.864632,0.425338,2.10066,1.09579,0.0667847,0.0228443,0.332503,0.630931,0.64385,0.196521,0.076792,0.332252
72.910657596,0.759469,0.313357,2.31077,0.888496,0.044028,0.0317059,0.192123,0.520103,0.576645,0.780006,0.0686554,0.563178
72.957097506,0.299292,0.0478025,2.42807,0.546349,0.0386366,0.15055,0.594887,0.472803,0.430646,1.77996,0.152837,0.449699
73.003537415,0.155907,0.081375,2.43791,0.325738,0.068643,0.402224,0.617713,0.300874,0.507678,2.21095,0.275077,0.188339
73.049977324,0.513325,0.211033,2.65008,0.39428,0.167359,0.583677,0.639067,0.0575423,0.259389,2.70329,0.132654,0.0393489
73.096417234,0.874768,0.336811,2.39051,0.205151,0.440892,0.368936,0.456142,0.0201465,0.144543,3.20464,0.199088,0.0998502
73.142857143,0.72,0.41571,2.10671,0.338793,0.748595,0.228683,0.850728,0.0989678,0.00498585,2.85858,0.190316,0.136091
73.189297052,0.535464,0.392477,2.22348,0.303103,0.933472,0.256337,0.977061,0.157941,0.0302132,2.72532,0.310673,0.387742
73.235736961,0.311775,0.276536,2.45968,0.0706491,1.23018,0.265871,0.908119,0.147539,0.154438,2.51439,0.258021,0.425448
73.282176871,0.519257,0.149171,1.91258,0.0506452,0.585952,0.354893,0.363862,0.675498,0.102055,2.34329,0.0581307,1.24414
73.328616780,1.14325,0.0203005,1.55534,0.111607,0.137888,0.727699,0.208349,1.07642,0.200502,1.01417,0.320655,1.22155
73.375056689,1.12587,0.126744,1.60935,0.0726512,0.467849,0.988824,0.39725,1.11414,0.278638,0.219828,0.570033,1.05899
73.421496599,0.831942,0.196856,1.691,0.0969236,0.926576,1.1295,0.460577,1.192,0.235895,0.0271712,0.533358,0.794815
73.467936508,0.385559,0.252885,1.83398,0.0389309,1.49093,1.16105,0.114394,1.26248,0.315694,0.378286,0.627615,0.750942
73.514376417,0.0188904,0.260077,1.74795,0.0082721,1.51633,0.9611,0.0342465,1.4223,0.619402,0.885501,0.289333,0.799019
73.560816327,0.033246,0.242469,1.62299,0.107841,1.12464,0.336003,0.0041141,1.25385,0.529682,1.14765,0.264379,0.574999
73.607256236,0.174425,0.00627684,1.49541,0.721567,0.655272,0.000800885,0.249297,1.30455,0.151377,1.33447,0.251911,0.284698
73.653696145,0.016134,0.0196948,1.77397,0.508489,0.516531,0,0.49678,1.32361,0.378009,1.3096,0.388009,0.135756
73.700136054,0.150208,0,2.35995,0.0248685,1.01342,0.0107795,0.523659,0.979879,0.400224,1.14046,0.544119,0.368614
73.746575964,0.656655,0.113159,2.25658,0.0113914,1.17727,0.292639,0.674065,0.833943,0.0349967,1.4332,0.624309,0.650952
73.793015873,0.998255,0.235189,1.83852,0.265351,1.61385,0.5357,0.405834,0.355103,0.4773,0.879231,0.429584,0.628823
73.839455782,0.599003,0.0847072,1.41743,0.38719,1.82873,0.579405,1.0344,0.334708,1.4916,0.461618,0.213086,1.26898
73.885895692,0.314155,0.0361593,0.912713,0.325099,1.7706,0.329988,1.26553,0.263581,2.11557,0.147008,0.157768,1.48207
73.932335601,0.270279,0.0876114,0.562232,0.222542,1.58859,0.119069,1.57586,0.43818,2.35865,0.0648098,0.23034,1.19631
73.978775510,0.217318,0.198214,0.882777,0.262875,1.39813,0.028798,1.42764,1.01896,2.39522,0.00594633,0.267135,0.929321
74.025215420,0,0.322095,1.1556,0.683441,0.661104,0.0534072,1.56405,1.89585,2.17906,0,0.178597,0.510743
74.071655329,0,0.443786,1.5153,0.621032,0.176687,0.0657291,1.32337,2.06577,1.84313,0.0683391,0.63287,1.10621
74.118095238,0,0.199571,1.93907,0.709923,0.346441,0.137232,0.564016,1.8094,1.58378,0,0.944597,1.61247
74.164535147,0,0.122187,2.02198,0.577395,0.493386,0.0339735,0.654776,1.33239,1.38083,0,1.02348,1.5737
74.210975057,0,0.329923,1.48144,0.672135,0.59168,0.025297,0.562833,1.19943,1.49244,0,1.02285,1.44892
74.257414966,0.24788,0.542662,0.816429,0.483716,0.613648,0.0349541,0.69234,1.39951,1.58497,0,0.990821,1.28725
74.303854875,0.404851,0.684157,0.536038,0.222109,0.520518,0.0515262,0.74691,1.68432,1.37894,0.000381426,1.22339,1.18392
74.350294785,0.277697,0.612213,0.356409,0.146399,0.540606,0.0828326,0.678849,1.94199,1.51295,0.00143877,1.40574,1.00277
74.396734694,0.271392,0.747433,0.502726,0.0594397,0.672626,0.0380916,0.174617,2.11944,1.6325,0.052085,0.986971,1.01527
74.443174603,0.351791,0.62534,0.324326,0.0158607,0.969312,0,0,2.17219,2.22616,0.401642,0.866381,0.683931
74.489614512,0.481509,0.378459,0.110177,0.468568,1.3287,0,0.0209277,1.4166,2.74104,0.400675,0.69029,0.593644
74.536054422,0.393156,0.00943211,0.128155,0.943358,1.48667,0.0335546,0.0300743,0.775598,2.582,0.20133,0.424487,1.20953
74.582494331,0.301953,0.000516206,0,1.20328,1.35318,0.0372006,0.0375416,1.87963,1.89066,0.0211517,0.2491,1.61813
74.628934240,0.232958,0.00101004,0.0168265,1.1226,1.32364,0.116372,0.0256997,2.44033,0.823133,0,0.258615,1.69006
74.675374150,0.119487,0.000574219,0.0774278,0.425273,1.28492,0.0738393,0,2.38675,0.71774,0.067947,0.67938,1.54102
74.721814059,0.00691294,0.306394,0.170331,0.45498,1.45899,0.183512,0,1.7267,0.702946,0.969205,1.109,0.180116
74.768253968,0.225735,0.283868,0.178446,0.531402,1.80154,0.0395037,0.0220771,1.33041,1.06762,1.64989,1.14151,0.0483809
74.814693878,0.323929,0.358813,0.376323,0.737936,1.8305,0,0.641857,1.1632,1.04856,1.73318,0.744062,0.175699
74.861133787,0.467112,0.321504,0.329361,0.527942,1.80038,0.0917497,1.083,1.32328,0.790141,1.03892,0.333383,0.331018
74.907573696,0.459235,0.377993,0.413634,0.415536,1.96869,0.141779,1.07709,1.57029,0.516803,0.0890223,0.444708,0.457193
74.954013605,0.301829,0.29183,0.493085,0.297877,1.99796,0.111803,0.717055,1.60403,0.304443,0.1707,0.515571,1.3765
75.000453515,1.36335,0.576286,0.171275,0.00556554,2.01435,0.199242,0.462515,1.05782,0.280839,0.180568,0.265676,1.07458
75.046893424,1.34064,0.654124,0.338485,0.046157,1.89984,0.187351,0.32323,0.9501,0.274591,0.106954,0.109513,1.00567
75.093333333,1.51131,0.741399,0.469846,0.114228,1.13661,0.110138,0.915239,0.817367,0.0844553,0.0469643,0.257871,1.02953
75.139773243,1.30855,0.329139,0.51488,0.0854116,1.01911,0.400179,1.34638,0.718768,0.102966,0.142382,0.556737,1.09302
75.186213152,0.872208,0.00620748,0.444648,0.165754,0.929399,0.751062,1.28233,0.713046,0.142395,0.317034,0.840414,1.07459
75.232653061,0.291416,0.0384221,0.44126,0.33339,0.948233,0.689285,0.799157,1.24568,0.12807,0.680873,1.27249,1.10394
75.279092971,0.638664,0.098551,0.342753,0.392059,0.920818,0.448288,0.0594636,1.89741,0.059545,1.01588,1.03995,0.951056
75.325532880,0.225092,0.0839804,0.389796,0.266956,1.28643,0.0798618,0.0303307,2.54333,0.0178138,0.633039,0.36858,1.57891
75.371972789,0.119407,0.145194,0.285205,0.1823,1.86265,0.00746736,0.00266914,2.77936,0.195933,0.0644732,0.494453,1.59083
75.418412698,0.205333,0.228173,0.584838,0.192132,2.11029,0,0.000104787,2.29695,0.128514,0.14331,0.579159,1.65899
75.464852608,0.133736,0.196817,1.85136,0.194484,1.40823,0.00576406,0.278845,0.967915,0.170914,0.68425,0.572866,1.63473
75.511292517,0.401919,0.265522,2.17946,0.115497,1.13637,0,0.764252,0.910595,0,1.45642,0.36574,0.772505
75.557732426,0.179464,0.219026,2.19734,0.106886,1.10679,0.145552,0.879595,0.901501,0,1.6435,0.379358,0.636695
75.604172336,0.186517,0.202431,1.57799,0.326328,1.65994,0.175023,0.579783,0.96028,0,1.45251,0.685881,0.735728
75.650612245,0.196978,0.231637,0.880455,0.479826,2.46037,0.140694,0.0878343,1.01429,0.0286212,0.999938,0.896778,0.934182
75.697052154,0.215217,0.149125,0.701564,0.395472,2.42988,0.142119,0.112082,1.29347,0.106835,0.624166,0.881143,1.16611
75.743492063,0.138459,0.0866585,1.34118,0.400974,2.01131,0.185774,0.170191,1.98588,0.0953935,0.20725,0.851412,1.04033
75.789931973,0.106145,0.06331,1.4517,0.0642076,0.988271,0.307179,0.0859811,1.93987,0.403515,0.241063,0.84832,1.45903
75.836371882,0.202985,0.0366138,1.54765,0.140649,0.719915,0.0929171,0.213563,1.42318,0.744284,0.126194,0.639957,1.14863
75.882811791,0.253081,0.0386146,1.722,0.404728,0.120269,0.413307,0.0930984,1.29745,0.848418,0.106316,0.000334568,1.34146
75.929251701,0.158867,0.133544,1.75369,0.646262,0.108051,0.388692,0.134729,1.4484,0.63382,0.097122,0.0456167,1.12513
75.975691610,0.231284,0.157241,1.84962,0.661221,0.109983,0.339982,0.221355,0.938282,0.583061,0.365876,0.016174,1.49126
76.022131519,0.361083,0.531967,1.42161,0.564038,0.0519816,0.285301,0.64091,0.881041,0.630392,1.2379,0.00784252,0.857067
76.068571429,0.348828,0.606332,1.50616,0.354721,0.0947794,0.152159,0.725494,1.25677,0.288499,1.65384,0.0926688,0.606034
76.115011338,0.661517,0.373249,1.58677,0.305907,0.276767,0.0264065,0.608732,1.57217,0.135434,1.76571,0.267604,0.5738
76.161451247,1.0161,0.22623,1.61096,0.307545,0.342289,0.0134655,0.0512536,2.14811,0.184813,1.48687,0.405676,0.623291
76.207891156,1.04214,0.0848553,1.34017,0.414481,0.153842,0.00267783,0.0661303,2.69577,0.444913,0.281611,0.447429,0.393164
76.254331066,0.932669,0.181527,1.25028,0.521525,0.0340167,0,0.0416786,2.70619,0.476073,0.212187,0.532349,0.970332
76.300770975,0.288609,0.235628,1.05672,0.332893,0,0.312292,0.0668808,2.82487,0.214561,0.165286,0.365146,2.23647
76.347210884,0.944077,0.222436,0.480567,0.290197,0.206188,0.321226,0.140758,1.88553,0.0413505,0.105593,0.792377,2.14983
76.393650794,0.975575,0.443124,0.0708056,0.261359,0.385458,0.236878,0.227636,1.78568,0.00502658,0.143801,1.09352,1.60387
76.440090703,0.970839,0.615936,0.18824,0.185225,0.164737,0.274337,0.572949,1.22889,0.0038463,0.0556141,1.01538,1.55831
76.486530612,1.26332,0.391852,0.690211,0.503204,0.0551885,0.269579,0.663778,0.762365,0,0.187878,0.768464,1.83787
76.532970522,0.965441,0.192366,0.924818,0.885783,0.0327051,0.0918768,0.751597,0.872358,1.96838,0.338732,0.292136,1.61455
76.579410431,0.77884,0.207432,0.779401,0.744829,0.297724,0.0195719,0.819101,1.2246,1.65165,0,0.348422,1.48553
76.625850340,1.06437,0.12929,0.609213,0.900152,0.219689,0.152561,0.793754,1.53265,0.852419,0.000907122,0.0239097,1.66564
76.672290249,0.764305,0.273606,0.631218,1.02358,0.261162,0.194057,0.593069,2.03869,0.164733,0.0290022,0.102069,2.29003
76.718730159,0.146881,0.229587,0.768878,0.660714,0.390505,0.480284,0.105021,3.13516,0.0170324,0.121635,0.125678,2.93757
76.765170068,0.146047,0.18462,1.44322,0.516828,0.283849,0.656807,0.0729396,3.26552,0.0539958,0.174665,0.169818,2.73764
76.811609977,0.143573,0.124489,1.9201,0.292299,0,0.587958,0.080013,3.21083,0.108853,0.147222,0.286488,2.18903
76.858049887,0.44067,0.6988,1.20872,0.046871,0.00295004,0.662319,0.138718,2.2315,0.114464,0.805801,0.672692,1.89573
76.904489796,0.633421,0.490206,0.449769,0.00690526,0.0360245,0.311287,0.728092,1.36702,0.123621,1.37443,0.719453,1.37492
76.950929705,0.994221,0.140124,0.440736,0.121808,0.148036,0.247623,0.764398,1.20647,0.1498,1.30893,0.551662,1.22138
76.997369615,1.2324,0,0.758507,0.199115,0.19889,0.230141,0.577048,1.54741,0.196567,1.22579,0.435993,1.20958
77.043809524,1.13469,0,1.01892,0.189661,0.114785,0.313208,0.0700294,2.44321,0.226937,1.0074,0.348771,1.34093
77.090249433,0.673462,0.00059426,0.924551,0.394872,0.118233,0.493529,0.109653,2.63419,0.214669,0.84295,0.232292,1.22253
77.136689342,0.000713831,0.000459553,1.00156,0.56183,0.210357,0.325314,0.514263,1.53364,1.34182,1.38505,0.157807,1.13876
77.183129252,0.0690968,0.00158569,1.21238,0.466904,0.195146,0.242721,0.4499,0.842303,2.51086,0.891864,0.0426709,0.768569
77.229569161,0.162026,0.000157307,1.27952,0.3455,0.198877,0.223783,0.394901,0.765662,2.8098,0.248974,0.021744,0.821634
77.276009070,0.39019,0.0970972,1.91286,0.475652,0.280141,0.216165,0.41871,0.641322,2.42718,0.243892,0.0356285,1.07496
77.322448980,0.164252,0.168106,2.01749,0.403533,0.168789,0.115091,0.319835,1.2853,1.37288,1.00548,0.068747,0.783947
77.368888889,0.161215,0.255334,1.82043,0.736694,1.0529,0.205405,0.0924224,1.45605,0.0547748,1.77298,0.277505,0.230572
77.415328798,0.382109,0.167713,1.6621,0.828198,0.926179,0.276287,0.0112549,1.51421,0.00898049,2.27025,0.297181,0.514239
77.461768707,0.574028,0.172998,1.94003,0.526814,0.534567,0.661312,0.00808175,1.50234,0.3372,1.84445,0,0.630712
77.508208617,1.20061,0.20618,1.99428,0.38429,0.42507,0.838947,0.0196019,1.80319,1.02948,0.90037,0,0.531618
77.554648526,1.59187,0.148213,1.86369,0,0.639898,0.838899,0.0274383,1.8935,1.38986,0.704292,0,0.554525
77.601088435,2.07095,0.354094,1.31389,0,1.22061,0.341954,0.136843,1.32928,1.53484,1.33488,0,0.454197
77.647528345,2.25788,0.328783,0.331947,0.020371,1.14957,0.0404879,0.147613,0.572344,1.9319,1.45421,0.272589,0.00304924
77.693968254,2.16531,0.368837,0,0.418263,0.860609,0.0392998,0.0643062,0.770849,2.17469,0.94838,0.326857,0.101002
77.740408163,1.70821,0.525023,0.0561362,0.787554,0.732399,0,0.0996348,1.27949,1.74217,0.521769,0.313524,0.642442
77.786848073,1.77281,0.607751,0,0.98811,0.980703,0.00534983,0.071372,1.78497,0.585746,0.339937,0.330173,1.41945
77.833287982,1.60648,0.487814,0,0.31282,1.46449,0.0631324,0.210487,1.82646,0.43824,0.371848,0.567406,1.73995
77.879727891,1.50499,0.361286,0.000131786,0.246107,2.02106,0.0326352,0.110278,1.70225,0.31117,0.279568,0.663898,1.84613
77.926167800,1.26543,0.162548,0.145071,0.254454,2.24971,0.0240196,0.0590157,1.27659,0.711863,0.269218,0.376335,1.87264
77.972607710,0.896122,0.0384891,0.313203,0.0747938,2.01763,0.0473439,0,1.98368,0.717793,0.124374,0.147834,2.24573
78.019047619,1.93066,0.135654,0.598549,0.01097,1.34458,0.106661,0,2.11097,0.633475,0.13387,0.124951,1.18566
78.065487528,2.08757,0.201719,0.613289,0.015265,1.31887,0.110573,0.000974761,2.17534,0.310257,0.149316,0.173787,1.63698
78.111927438,2.1614,0.075645,0.450967,0.00523415,1.42872,0.0739635,0.20419,2.21149,0.0181126,0.110003,0.6428,1.62026
78.158367347,2.31895,0.0804695,0.401968,0,1.62326,0.0386185,0.232509,1.83735,0.0136403,0.255765,0.961799,1.03153
78.204807256,2.38731,0.0942851,0.419444,0.225987,1.31779,0.0292642,0.0875531,1.66032,0.00408059,0.777694,0.62094,0.940097
78.251247166,2.22779,0.0978886,0.285649,0.317462,1.03078,0.232433,0.0901549,1.89565,0.0112923,1.494,0.440189,0.897343
78.297687075,2.26563,0.246907,0.314011,0.261457,1.01226,0.0485817,0.0678935,1.81718,6.02263e-05,1.7936,0.548463,0.91442
78.344126984,2.63711,0,0.451547,0.0971986,1.01674,0.33088,0.198409,1.54634,0.167925,1.76917,0,0.793536
78.390566893,2.25851,0.11301,0.415917,0.106966,1.26483,0.379184,0.244035,2.02516,0.00945344,1.71705,0.19423,0.864408
78.437006803,2.19425,0.174547,0.182206,0.00593771,1.31004,0.336065,0.275974,2.09574,0.00458547,1.81277,0.797046,0.927589
78.483446712,1.70002,0.262329,0.192571,0.0445273,1.62723,0.460274,0.188739,2.07125,0,1.68098,1.51329,0.826266
78.529886621,1.25983,0.322935,0.115669,0.156017,1.78201,0.754347,0.0512902,1.82333,0.00647805,1.53484,1.90893,0.647758
78.576326531,1.76591,0.334217,0.0525981,0.10603,1.5151,0.525644,0.0288178,1.65305,0.1139,1.69638,1.86457,0.459072
78.622766440,2.40856,0.357895,0.0348374,0.201515,1.36762,0.310026,0.0525236,1.83025,0.121153,1.34344,1.11487,0.448076
78.669206349,2.40274,0.183968,0.230977,0.0534511,1.53255,0.154857,0.429789,2.01658,0.287042,1.08573,0.862519,0.197682
78.715646259,1.93994,0.0201777,0.224831,0.436625,1.46023,0.0306931,0.642773,1.78248,0.239775,0.709028,0.852252,0.0903681
78.762086168,1.54707,0.00268179,0.18955,0.538128,1.41787,0.0410245,0.599848,1.81072,0.123257,0.777154,0.996814,0.125284
78.808526077,1.82433,0.00234488,0.321565,0.353233,1.49436,0.120649,0.148795,1.27685,0.172311,1.06765,1.2013,0.36093
78.854965986,2.12119,0.00596698,0.603043,0.0687413,1.60008,0.541734,0.0305412,1.11731,0.726811,1.10149,0.808829,0.341261
78.901405896,2.46121,0.0263382,0.581084,0.15011,1.82085,0.230157,0.140836,1.52282,0.867065,0.235243,0.54024,0.345616
78.947845805,1.7247,0.203525,0.811307,0.0914096,2.03618,0.0277352,0.151571,2.02973,0.423007,0.047992,0.730652,0.615721
78.994285714,1.21125,0.578208,0.662703,0.292858,1.48158,0.0396402,0.496057,1.95795,0.0686063,0.235135,1.43487,1.17576
79.040725624,1.17588,0.628277,0.390026,0.653735,0.508432,0.110885,0.843323,1.74542,0.114189,0.261766,1.61141,1.33996
79.087165533,1.09114,0.64272,0.481651,0.553701,0.279473,0.124045,0.738522,1.70868,0.224108,0.228508,1.76546,1.34071
79.133605442,1.22996,0.623074,0.729303,0.341012,0.515486,0.122285,0.178756,1.8521,0.252624,0.744122,1.61934,1.03489
79.180045351,1.91764,0.186626,1.12969,0.116887,0.935831,0.124122,0.0945331,1.81262,0.22219,1.53292,1.16052,0.069145
79.226485261,1.87329,0.210069,1.11854,0.078102,1.2646,0.0184056,0.0886692,1.54815,0.0653786,1.70819,1.01834,0.531822
79.272925170,0.681475,0.183429,0.722188,0.0381323,1.54197,0.11862,0.507181,1.84039,0.0785316,1.85401,0.758905,0.866902
79.319365079,0.684421,0.179243,0.629849,0.00676096,1.38384,0.125541,0.482891,1.10011,0.547029,2.2683,0.390612,1.01648
79.365804989,0.617462,0.30331,0.714939,0,1.3111,0.25253,0.398296,0.884081,0.742812,2.26726,0.35128,1.1177
79.412244898,0.433777,0.307207,1.32237,0,1.37635,0.368469,0.29975,0.757302,0.918298,2.33917,0.178167,0.923844
79.458684807,0.865613,0.130424,2.11422,0,1.16782,0.918616,0.109923,0.343373,0.62186,2.88551,0.123505,0.167771
79.505124717,1.07734,0.193465,1.28456,0,0.621431,1.2223,0.327627,0.289334,0.292748,3.07699,0.382469,0.440773
79.551564626,0.859252,0.222843,0.470153,0.307759,0.956961,0.747729,0.625121,0.104758,0.113388,2.19984,1.2461,0.810007
79.598004535,0.526666,0.0808805,0.344728,0.675089,1.05563,0.309325,0.937396,0.554976,0.148929,0.863117,1.59955,0.946153
79.644444444,0.393865,0.160098,0.795528,0.481708,1.33357,0.0299491,1.01067,0.58544,0.104635,0.547517,1.38695,1.0804
79.690884354,0.270256,0.210306,1.27169,0.118218,1.24573,0.0152293,0.528437,0.516049,0.0565214,1.01294,1.50835,1.36893
79.737324263,0.189522,0.226183,1.89604,0.0378507,1.37242,0.0359895,0.215269,0.308759,0.468511,1.56086,1.55442,0.908854
79.783764172,0.281491,0.312225,1.97377,0.0699209,1.48739,0.146437,0.292414,0.261783,1.0291,1.87104,0.860563,0.187615
79.830204082,0.314909,0.185843,1.97428,0.134079,1.5726,0.13164,0.294571,0.372713,0.654938,2.13174,0.523138,0.209903
79.876643991,0.335591,0.0730069,1.79958,0.625132,1.34384,0.0437677,0.170538,0.511977,0.100314,1.49181,1.19057,0.459541
79.923083900,0.51677,0.197867,1.5488,0.722304,0.602431,0.0724528,0.393593,0.665123,0.115447,0.537423,1.09433,1.00089
79.969523810,0.639634,0.224732,1.32342,0.529908,0.316247,0.0716881,0.538487,0.69683,0.199569,0.234207,0.936946,1.1976
80.015963719,0.677048,0.531997,1.41903,0.2267,0.0292616,0.0803449,0.553524,0.710237,0.249962,0.208705,0.675173,1.34869
80.062403628,0.780741,0.670897,1.68001,0.224519,0.0350165,0.0726724,0.674289,0.719562,0.326587,0.605948,0.282914,1.32521
80.108843537,0.341425,0.407585,1.90574,0.132563,0.532678,0.0406796,1.46517,0.530175,0.345805,1.90025,0.0174161,0.6917
80.155283447,0.282665,1.01081,1.61862,0.252414,0.818808,0.10601,1.32378,0.115114,0.0102868,1.87783,0.108086,1.07255
80.201723356,0.551623,1.20092,1.1994,0.00900184,0.601732,0.459687,1.20752,0.131055,0,1.85149,0.15283,1.1119
80.248163265,0.679355,1.2039,1.12277,0.223097,0.466271,0.689843,1.14289,0.17857,0,2.14103,0.265108,0.816091
80.294603175,0.776326,0.941307,1.26773,0.419635,0.258648,0.727658,1.03763,0.253506,0.0159737,2.51944,0.62393,0.683107
80.341043084,0.742249,0.420662,1.87277,0.311755,0.847785,0.497381,0.592854,0.199189,0.108727,2.44306,0.552303,0.634112
80.387482993,0.434732,0.231123,2.5046,0,1.21078,0.377775,0.59087,0.045884,0.207826,2.44041,0.0826745,0.570737
80.433922902,0.533265,0.244831,2.43395,0.0508017,0.801514,0.942573,0.0357342,0.0843077,0.274867,2.43962,0.0504526,0.875075
80.480362812,0.588596,0.192872,1.98401,0.0484219,0.119663,1.26242,0,0.130133,0.471414,2.1458,0.00717146,0.96872
80.526802721,0.431094,0.114091,1.74638,0.0797796,0.97818,0.942118,0.0100232,0.12386,0.72565,1.15669,0.0939173,0.762123
80.573242630,0.587416,0.0527909,1.59458,0.227358,2.057,0.481033,0.0894372,0.0650133,0.608509,0.625274,0.0751148,0.580786
80.619682540,0.612777,0.0503664,1.45932,0.484522,2.1519,0.0160384,0.044054,0.0689616,1.69994,0.593097,0.0118368,0.574059
80.666122449,0.724227,0.0217439,1.20772,0.686107,1.96797,0.0245717,0.0285355,0.130272,2.40874,0.542374,0.012146,0.491445
80.712562358,0.862298,0.0078949,1.14084,1.08958,1.60825,0.044819,0.0513282,0.177981,2.40597,0.708647,0.0378095,0.326781
80.759002268,0.555183,0.0120132,1.51816,0.998205,1.06132,0.0504025,0.0642312,0.236471,2.20439,0.859493,0.00604271,0.676579
80.805442177,0.160812,0.0746786,1.82795,0.831007,1.32532,0.035939,0.1582,0.285017,1.7563,0.59446,0.0976206,0.818528
80.851882086,0.412332,0.117165,1.6525,0.0109236,1.2473,0.415571,0.0820449,0.146604,1.14865,1.28418,0.940352,0.982357
80.898321995,0.832066,0.115386,1.04113,0.713615,0.385489,0.911947,0.00409232,0.566429,0.250679,1.38769,1.05935,0.867535
80.944761905,0.971224,0.0949591,0.987776,1.24284,0.505467,0.685597,0.551261,1.05272,0.440906,0.741634,0.939869,0.859272
80.991201814,0.545659,0.0233429,1.18969,1.25739,0.560158,0.406221,1.20607,1.2722,0.943254,0.469885,0.75557,1.189
81.037641723,0.281361,0,1.32453,1.12704,1.0264,0.126575,1.39652,1.17616,1.85144,0.0711027,0.321214,1.56936
81.084081633,0.135974,0,1.6595,0.169963,1.22322,0.0211352,1.56821,0.852333,2.13466,0,0.0847999,1.74339
81.130521542,0.210563,0,1.01456,0.189588,1.16866,0.0345089,1.54389,1.22595,1.83267,0,0.0974264,1.59616
81.176961451,0.0493292,0.336654,0.719393,0.407341,1.29101,0.188608,0.831684,1.33296,1.07283,0,0.367447,1.38552
81.223401361,0.0713191,0.722454,0.617345,0.343549,1.30956,0.258778,0.563674,1.4537,0.802529,0,0.326624,1.357
81.269841270,0.01813,0.703135,0.765508,0.287038,0.819636,0.403891,0.948094,1.44897,1.16124,0.0123367,0,1.34435
81.316281179,0.246885,0.668574,1.27836,0.00829711,0.44504,0.800013,1.09904,0.78694,1.68218,0.0127105,0.00778007,1.54965
81.362721088,0.929076,0.735624,0.711028,0.00554079,0.521816,0.594267,1.14991,0.838716,1.37912,0,0.23011,1.40955
81.409160998,1.1401,0.788056,0.311241,0.0292261,0.584376,0.986223,1.43043,0.617057,0.576968,0,0.748141,1.31058
81.455600907,1.03198,0.550416,0.198307,0.0243885,0.859419,0.996372,1.12066,0.553772,0.0418949,0,1.22406,1.20981
81.502040816,0.892164,0.503394,0.144145,0.585074,1.34387,0.90721,0.601683,0.676543,0.374731,0,1.20124,0.942333
81.548480726,0.258453,0.0782177,0.359222,0.47139,1.15411,0.57562,0,1.25997,1.3893,0.435783,0.510743,1.31255
81.594920635,0.118444,0.0426537,0.579491,0.305322,0.707748,0.131168,0,2.07064,1.19767,0.283332,0.0225365,1.72024
81.641360544,0.184421,0.044768,0.934982,0.214324,0.49716,0.197797,0.387157,2.02784,0.109826,0.266165,0.0174857,1.91353
81.687800454,0.176426,0.0824491,1.00431,0.0134861,0.844839,0.575378,0.609596,1.71723,0,0.15534,0.0628975,1.92261
81.734240363,0.12834,0.107688,0.653632,0.027216,1.47432,0.986838,0.422195,1.44471,0.0366963,0,0.0774981,1.95331
81.780680272,1.24328,0.0976173,0.109954,0.306592,1.68139,0.253223,0,1.96654,0.426332,0,0.0545038,1.7021
81.827120181,1.66431,0.0553072,0.0193824,0.367898,1.97882,0,0.00305654,1.77179,0.514734,0.000550294,0.551574,1.38644
81.873560091,1.77174,0.064341,0.00457031,0.471093,1.96594,0,0.141191,1.54206,0.447925,0.060263,0.96084,1.20285
81.920000000,1.82586,0.198144,0.169012,0.682958,1.81273,0,0.299625,1.52116,0.176567,0.0347894,1.11082,0.948393
81.966439909,1.36346,0.204225,0.126183,0.366897,1.90279,0.0772244,0.473591,1.67049,0.235591,0,0.977121,1.44625
82.012879819,0.724063,0.230611,0.269615,0.17188,2.3726,0.113488,0.498383,1.0477,0.699487,0.0327614,0.996604,1.14264
82.059319728,0.237549,0.259273,0.421696,0.0200865,2.83675,0.118283,0.175096,1.02464,0.967305,0.241965,0.678875,0.787212
82.105759637,0.0371396,0.205071,0.588236,0.0082455,3.13927,0.101015,0.0255807,1.0458,0.76181,0.168324,0.829663,0.92717
82.152199546,0.102288,0.117442,0.452504,0.0187842,3.21073,0.13258,0.0379546,1.00294,0.160906,0.0885909,1.48974,0.813735
82.198639456,0.355492,0.463448,0.0892955,0.0791934,2.48092,0.0580755,0.390329,0.849814,0.0887408,0.895876,1.64905,0.521104
82.245079365,0.525254,0.421487,0.195462,0.0959549,1.94879,0.0234523,0.916999,0.840136,0.110302,1.19032,1.46361,0.0921869
82.291519274,0.484176,0.418563,0.35096,0.0672354,1.58152,0.0466464,0.95293,0.948066,0.12329,1.6452,1.17434,0.148006
82.337959184,0.555209,0.34268,0.451583,0.0204699,1.2942,0.0357902,0.835105,1.21259,0.347027,1.89904,0.202266,0.329489
82.384399093,0.706547,0.380763,0.314176,0.0381268,0.923296,0.0115194,0.415165,1.60343,1.11316,0.997626,0.731001,0.236452
82.430839002,0.0779378,0.232808,0.336835,0.0429938,1.17378,0,0.75106,1.91088,1.03216,0.136161,1.04562,0.416437
82.477278912,0.238258,0.123416,0.641632,0.00639448,1.69985,0,1.01487,1.61574,0.278295,0.0783742,0.977732,0.760427
82.523718821,0.590858,0.00171909,0.921727,0.0127821,2.19749,0,1.14738,1.14937,0,0.220299,0.837129,0.83745
82.570158730,0.444402,0,1.06456,0.00334409,2.60582,0,0.775801,1.01964,0.152847,0.0856856,0.488054,1.12702
82.616598639,0.151501,0.0941084,1.09323,0.0976099,3.27946,0,0.271137,0.931017,0.474678,0,0.0949226,1.35972
82.663038549,0.396269,0.153453,0.782682,0.0069397,2.82209,0.0956798,0.299121,1.84635,0.253012,0.00566208,0.095615,1.25039
82.709478458,1.00869,0.148957,0.310095,0.278753,1.84251,0.237359,0.0462788,2.54719,0,0.0735904,0.108414,1.53836
82.755918367,1.07788,0.136912,0.112787,0.937106,1.74319,0.297126,0.00158513,2.63191,0.031219,0.299602,0.0432839,1.76975
82.802358277,1.09021,0.125797,0.0912917,0.500738,1.97321,0.320586,0.00181698,2.49941,0.12547,0.471513,0.00330738,1.7823
82.848798186,0.860842,0.123378,0.461004,0.228995,2.04909,0.290133,0.0139397,2.13464,0.704386,0.447763,0.0439565,1.62495
82.895238095,0.109506,0.04111,1.51868,0,1.96969,0.242414,0.0256942,1.78352,1.23519,0.72505,0.0238818,1.19303
82.941678005,0.131256,0,2.28291,0,1.77007,0.158157,0.114156,1.76704,1.18589,0.514582,0.0130846,0.696899
82.988117914,0.191119,0,2.50774,0.00390137,0.910333,0.209617,1.05861,0.991364,0.68047,0.468336,0.104517,1.02556
83.034557823,0.137711,0,1.90675,0.00365334,0.261548,0.0590357,1.02868,1.18141,0.268232,0.0317279,1.16088,1.55624
83.080997732,0.483727,0.0205879,1.68036,0.0154657,0.14518,0.187696,0.918868,1.14677,0.356985,0.0370157,1.58516,1.44994
83.127437642,0.933653,0.0303439,1.36485,0.00495094,0.108373,0.0578864,1.17515,0.875021,0.436127,0.105177,1.77323,1.34579
83.173877551,1.05696,0.0567892,1.31002,0.118631,0.132054,0.0481176,1.14986,1.12703,0.377403,0.0686259,1.61993,1.23228
83.220317460,1.02136,0.132954,1.36593,0.446358,0.18854,0.0284673,0.511563,1.83442,0.286774,0.175185,0.894409,1.08804
83.266757370,0.793014,0.184179,1.29189,0.424223,0.533579,0.0157789,0.342792,2.26558,1.01432,0.351077,0.475232,0.846578
83.313197279,0.149469,0.0499099,1.12261,0.566226,0.471718,0.55304,0.465244,2.38624,1.54687,0.278846,0.597068,0.79388
83.359637188,0,0.121671,1.22978,0.349196,0.222421,0.449395,0.425673,2.30079,1.50827,0.31839,0.609058,1.32155
83.406077098,0.375644,0.131818,1.12342,0.0308654,0.333932,0.330814,0.345795,2.22407,0.0881467,0.332263,0.391956,2.00477
83.452517007,0.435668,0.1061,1.08475,0.0403246,0.34813,0.145881,0.474629,1.37052,0.0151022,0.799592,0.448995,1.83357
83.498956916,0.291596,0.103933,1.2378,0.183072,0.12653,0.202639,0.507552,0.795727,0.00492011,1.45317,0.322805,1.95104
83.545396825,0.00028044,0.0320273,1.47595,0.23474,0.110732,0.249226,0.769016,0.470136,0.00190687,1.81507,0.158779,2.18176
83.591836735,0,0.0763616,1.54955,0.0377781,0.293411,0.0321932,1.45055,0.675173,0,1.40939,0.387547,2.36567
83.638276644,0,0.164688,1.58515,0.0222572,0.550657,0.0331237,1.48567,0.794938,0,0.922977,0.589315,1.87171
83.684716553,0.0476093,0.393082,1.46117,0.0504174,0.646497,0.00880354,1.21832,0.865651,0,0.652684,0.801764,1.92086
83.731156463,0.209071,0.677044,1.47107,0.0118108,0.926748,0.0888478,0.606017,0.814885,0,1.11737,0.382894,2.05038
83.777596372,0.202596,0.840004,1.59022,0.173701,0.664819,0.170201,0.301593,0.635306,0,1.91514,0.173462,1.54329
83.824036281,0.191415,0.647041,1.16594,0.487336,0.764553,0.216514,0.488822,0.760511,0.111254,2.06095,0.295812,0.923816
83.870476190,0.203598,0.309985,1.11053,0.424151,0.931474,0.245181,0.42196,1.33113,0.566726,1.45727,0.299783,1.44302
83.916916100,0.183518,0.153806,1.3507,0.180539,1.09956,0.255694,0.391021,1.97531,0.866247,0.31235,0.0365533,1.41345
83.963356009,0.437314,0.768871,0.47188,0.0683275,0.886661,0.267684,0.643888,2.30172,0.721454,0.24719,0.0301126,1.61887
84.009795918,0.826036,0.591917,0.169907,0.104225,0.152585,0.0314692,1.0204,2.2864,0.56781,0.131224,0.235047,1.78425
84.056235828,0.931614,0.356492,0.0411587,0.342861,0.00472067,0.132642,1.20172,1.92817,0.229704,0.385884,0.140826,1.9192
84.102675737,0.643472,0.106277,0.000916598,0.646541,0.33062,0.0329228,1.39356,1.65728,0.0965753,0.353941,0.595304,1.37727
84.149115646,0.646802,0.209502,0.254978,0.731621,0.183968,0.0435664,0.53927,1.71604,0.0940481,0.918899,0.864146,0.842173
84.195555556,0.960927,0.00518295,0.896159,0.404796,0.0533964,0.35203,0.165861,1.57646,0.882399,0.792588,0.749053,0.958943
84.241995465,0.584697,0.000856702,1.10523,0.283127,0.0296104,0.222375,0.457777,1.817,1.122,0.541327,0.427199,1.36149
84.288435374,0.304146,0.00180805,1.45322,0.306534,0.17561,0.0584977,0.493894,1.93422,1.05702,0.425566,0.0496163,1.37249
84.334875283,0.351111,0.0159303,1.64911,0.169431,0.530976,0.0782029,0.399966,2.03645,0.562728,0.0942462,0.057883,1.79082
84.381315193,0.375199,0.105673,2.02467,0.119699,0.554734,0.196381,0.278078,2.40687,0.00276671,0.208308,0.0736585,2.55647
84.427755102,0.240692,0.12104,1.76555,0.387054,0.0724684,0.0719623,0.243264,2.59428,0.00473337,0.559146,0.078525,2.63323
84.474195011,0.344101,0.209031,0.917009,1.32896,0.0784512,0.139416,0.338102,2.02382,0.298899,1.18456,0.103389,1.27037
84.520634921,1.06492,0.268332,0.669513,1.61451,0.215053,0.221057,0.278245,1.45833,0.324578,1.41857,0.0512632,0.582648
84.567074830,1.50524,0.222765,0.846617,1.23427,0.998197,0.272108,0.271932,0.993399,0.102067,1.4057,0.102789,0.288754
84.613514739,2.45699,0.117932,0.655035,0.865872,1.4976,0.251268,0.250981,0.801044,0.102808,1.52285,0.105507,0.0424535
84.659954649,2.8178,0,0.00534118,0.425484,1.81453,0.276778,0.476905,1.58897,0.0855988,1.685,0.387146,0.151283
84.706394558,2.44622,0.0801313,0.161117,0.419155,1.65082,0.0566829,0.41246,1.70929,0.0537113,1.65638,0.632071,0.535612
84.752834467,1.69781,0,0.634019,0.362467,1.6014,0.0272142,0.411187,1.3155,0.0011552,1.27793,0.755473,0.558114
84.799274376,0.777909,0.0426885,0.430991,0.202072,1.75327,0.25178,0.246158,1.82186,0.00958936,1.42132,0.62799,0.7535
84.845714286,0.923519,0.254441,0.0386348,0.0126815,1.2713,0.82433,0.081827,1.83443,0.00771134,1.15261,0.340199,1.65628
84.892154195,1.34823,0.364255,0,0.00483477,0.597345,0.762491,0.0234812,1.80947,0.0129172,0.127123,0.543912,1.91066
84.938594104,0.967942,0.261978,0.00851309,0.00737914,0.639696,0.810063,0.0887607,1.73573,0.0822238,0.377803,0.4431,1.76243
84.985034014,0.716619,0.275606,0.0482292,0.11979,1.20476,0.561847,0.216274,1.742,0.111898,0.550128,0.281739,1.10794
85.031473923,0.934856,0.119805,0.364334,0.308603,1.84396,0.0855362,0.188458,1.47251,0.360305,0.424016,0.210962,1.04919
85.077913832,1.7345,0.00294406,0.366108,0.128633,2.03731,0.0344783,0.261428,1.48789,0.51804,0.120021,0.0842968,0.761767
85.124353741,2.4422,0,0.083951,0.047125,1.75176,0.160731,0.517714,1.79751,0.316536,0.58059,0.0883793,0.696965
85.170793651,2.56729,0,0.137859,0.0126825,1.70884,0.337715,0.428485,1.97535,0.640804,0.911908,0.0560854,0.449676
85.217233560,2.43696,0.032194,0.15786,0.0108645,1.74797,0.578716,0.306518,2.08608,0.828523,0.814756,0.0379169,0.568492
85.263673469,2.77017,0.0281666,0.180974,0.00394203,1.45154,0.598477,0.213779,1.9445,0.551982,0.686894,0.0881016,0.501
85.310113379,3.04371,0.134405,0.177394,0,0.783041,0.238088,0.139609,1.55702,0.242588,0.544629,0.133948,0.551515
85.356553288,3.27167,0.0182811,0,0.00215741,1.05789,0.186348,0.229671,1.53647,0.0588126,0.875079,0.336076,0.232385
85.402993197,2.97797,0.0562406,0.020874,0.0712802,1.29488,0.0411225,0.215504,1.4692,0,2.13432,0.376102,0.154983
85.449433107,2.44096,0,0.306221,0.0655538,1.26002,0.0321111,0.252202,1.27332,0.00835773,2.62959,0.250108,0.532632
85.495873016,1.84854,0.183268,0.35825,0.131809,1.02516,0.0254599,0.273212,1.45045,0,2.60704,0.180201,0.930103
85.542312925,1.51576,0.200992,0.174585,0.0500433,0.723566,0.212682,0.393208,1.47623,0,2.61843,0.186818,1.0398
85.588752834,1.56468,0.276569,0.183865,0.39284,1.05074,0.198683,0.337974,1.28217,0,2.3121,0.311708,0.720395
85.635192744,1.59171,0.254456,0.18844,0.768451,1.42998,0.22206,0.161575,1.41793,0.15401,1.73976,0.250648,0.611692
85.681632653,1.93112,0.183958,0.138343,0.837262,1.1242,0.426621,0.0911031,1.36435,0.889632,1.22098,0,0.704054
85.728072562,1.99145,0.141629,0.260146,0.837809,1.03415,0.449097,0.0843517,1.38667,1.27454,0.420561,0.000143498,0.742705
85.774512472,1.75004,0.0639589,0.175084,0.50927,0.601278,0.73121,0.259499,1.30952,0.898762,0.546809,0.922104,0.406972
85.820952381,1.15852,0,0.133356,0.216389,0.611264,0.574722,0.552718,1.32578,0.371529,0.742173,1.56032,0.60048
85.867392290,1.08582,0.0296408,0.0907685,0.430876,0.860504,0.536917,0.530086,1.25255,0.243908,0.555582,1.61684,0.725516
85.913832200,1.7984,0.0368904,0.0441648,0.567521,1.10051,0.319516,0.527139,1.25028,0.12555,0.350283,1.74381,0.939754
85.960272109,2.24613,0.00413927,0.00419232,0.829569,1.1672,0.650957,0.58328,1.16314,0.437808,0.335369,1.32372,0.961325
86.006712018,2.49112,0.00214363,0.0673918,0.964313,0.99742,0.829721,0.609234,1.15999,0.743292,0.271594,0.393483,0.521896
86.053151927,2.10317,0.00186987,0.185737,0.611651,1.26589,0.701916,0.66137,1.49908,0.264366,0.219565,0.237758,0.993991
86.099591837,2.07871,0.100519,0.195089,0.0237477,1.86075,0.0659093,0.543311,1.73409,0,0.0840381,0.300832,1.06845
86.146031746,2.01402,0.00410492,0.975727,0.0892852,1.71102,0.00198248,0.399557,2.29209,0.0827653,0,0.269793,0.717085
86.192471655,1.81285,0.0049767,1.99831,0.174658,1.10218,0,0.314418,2.19989,0,0.0345722,0.195157,0.558054
86.238911565,1.45487,0.367901,2.13532,0.36999,1.05217,0.00141165,0.0863711,1.89426,0,0.823444,0.19695,0.139384
86.285351474,1.3631,0.472948,2.20144,0.473203,1.1965,0.0191631,0.160507,1.04645,0.0603409,1.28283,0.171408,0.605381
86.331791383,1.14508,0.205569,2.39961,0.403534,1.38566,0.0390525,0.648603,0.238523,0.258994,1.56456,0.0363429,0.720877
86.378231293,0.836651,0.175192,2.22485,0.336653,1.16668,0.0629223,0.771289,0.225918,0.206912,1.71476,0.000945635,0.714892
86.424671202,0.667548,0.157,2.02192,0.0833574,1.09812,0.0645067,0.981648,0.389571,0.355087,1.74337,0.37728,0.401321
86.471111111,0.4924,0.103113,2.09245,0.157517,1.20712,0.062945,0.694697,0.265077,0.392438,1.65493,0.787823,0.0615385
86.517551020,0.218499,0.0826589,2.27316,0.272983,1.34576,0.107218,0.319722,0.332991,0.178159,1.57342,0.928692,0.000191032
86.563990930,0.147537,0.139984,2.3402,0.111518,1.19688,0.438789,0.864186,0.349475,0.26675,1.94497,0.221544,0.305819
86.610430839,0.246087,0.192641,2.38758,0.0239088,0.98746,0.373597,1.34465,0.155623,0.269244,1.95064,0.0391402,0.518112
86.656870748,0.583483,0.167645,1.86112,0.0264953,1.02518,0.0321366,1.34973,0.128453,0.129212,1.76561,0.114843,0.416277
86.703310658,0.855407,0.386572,1.28378,0.139059,0.804837,0.0169538,1.02524,0.0940497,0.0341464,1.72387,0.199114,0.444476
86.749750567,0.817862,0.667992,1.18404,0.128077,1.15689,0.00147501,0.338936,0.212404,0.0323546,1.7439,0.260863,0.721066
86.796190476,0.406088,0.536025,1.36224,0.0474749,1.51001,0.288761,0.487569,0.475579,0.0257923,1.55184,0.258258,0.815248
86.842630385,0.142034,0.170598,2.19858,0.0147187,1.75728,0.43187,0.609838,0.791423,0.294771,1.38298,0.197408,0.977679
86.889070295,0.0633684,0.16228,2.28398,0.0300875,1.97292,0.113503,0.572919,1.0152,0.0487036,0.524724,1.13455,0.418911
86.935510204,0.239,0.21284,2.18584,0.0388947,1.84098,0.0150125,0.30302,1.05905,0.0024008,0.581208,1.68729,0.302233
86.981950113,0.79462,0.173084,2.03394,0.454527,0.866642,0.458137,0.745734,0.217657,0.0568538,0.321487,1.76668,0.325044
87.028390023,0.817207,0.317848,1.77045,0.781369,0.221379,0.727501,0.925996,0.181379,0.100413,0.232722,1.42133,0.0959204
87.074829932,0.759288,0.649273,1.70117,0.803482,0.185103,0.860282,0.677871,0.121093,0.245755,0.122277,1.01036,0.10415
87.121269841,0.962258,0.599182,1.78715,0.568762,0.19841,0.762689,0.532839,0.202082,0.559345,0.149963,0.516145,0.29906
87.167709751,1.18064,0.365254,2.14626,0.381826,0.205494,0.0147195,0.67271,0.783423,0.631036,0.384657,0.185023,0.446024
87.214149660,1.02044,0.107009,1.95479,0.3194,0.362945,0.0780507,1.07711,0.958931,0.435911,0.710936,0.050195,0.51647
87.260589569,0.78349,0.310541,1.25606,0.284373,0.582243,0.287346,0.95807,0.754396,0.228694,1.41228,0.00932453,0.600694
87.307029478,0.507782,0.447256,0.697537,0.042518,0.946459,0.302464,0.997836,0.326423,0,2.06192,0.0318413,0.378713
87.353469388,0.164207,0.419652,0.792569,0,1.42262,0.270676,0.727525,0.162083,0,2.08922,0.121989,0.376498
87.399909297,0.0406552,0.309665,1.12321,0.148053,1.08774,0.453957,0.358941,0.3635,0.0578112,1.70678,0.165925,0.661186
87.446349206,0.0763093,0.22393,1.28733,0.298945,0.402913,0.75239,0.381491,0.49795,0.149563,1.46138,0.129887,0.948738
87.492789116,0.419363,0.162765,1.25203,0.099407,0.0605705,0.910883,0.462593,0.755985,0.208868,0.734866,0.0482132,1.67395
87.539229025,0.60832,0.272283,0.647024,0.0123007,0.350422,0.819005,0.128908,0.879089,0.225226,1.16693,0.470876,1.70728
87.585668934,0.937009,0.31996,0.827807,0.0024837,0.156179,0.682362,0.213749,0.80665,0.224721,0.676687,0.859856,1.46489
87.632108844,0.962976,0.248077,0.843907,0.114783,0.0978581,0.336235,0.159737,1.01849,0.172813,0.381553,0.945368,1.00722
87.678548753,0.797601,0.172302,0.713789,0.126954,0.178077,0.163137,0.137685,1.01343,0.2124,0.608895,0.88643,1.36986
87.724988662,0.698507,0.0099895,0.619476,0.0497451,0.308151,0.3114,0.117721,1.09565,0.198351,1.00395,0.73445,1.70245
87.771428571,0.38895,0,1.20338,0,0.437104,0.523194,0.779402,0.92848,0.085831,1.4205,0.549754,1.79799
87.817868481,0.572624,0,2.02178,0.0317151,0.685461,0.436214,1.23109,1.1398,0.196112,1.62707,0.43109,0.991601
87.864308390,0.750782,0.0010942,2.31671,0.0169961,0.693271,0.308314,1.17367,1.54397,0.0652172,1.30361,0.311048,0.62057
87.910748299,0.89559,0.338084,2.51562,0,0.690752,0.159564,1.37813,1.12579,0.00623237,1.38282,0.184465,0.879269
87.957188209,0.969654,0.231909,2.51302,0.112533,1.11885,0.0234602,1.64452,0.287759,0.0105152,1.41334,0.611883,0.922905
88.003628118,0.673802,0.21114,2.57654,0.248564,0.924622,0,1.50189,0.0567332,0.319008,1.60126,0.759882,0.431037
88.050068027,0.408625,0.00159938,2.90088,0.185098,0.82835,0.0532828,1.33573,0.421224,0.88084,1.63579,0.13206,0.131515
88.096507937,0.387675,0.00106633,2.94665,0.103284,0.60966,0.051604,1.14816,0.423393,0.837763,1.53574,0.151879,0.28434
88.142947846,0.252912,0,2.85587,0.019,0.45895,0.0452567,1.21893,0.716926,0.410461,1.80518,0.143,0.2747
88.189387755,0.239038,0,3.36516,0.0184013,0.177536,0.0274647,1.32209,0.588411,0.165892,2.13669,0.0608915,0.281189
88.235827664,0.26644,0,3.63383,0.0152214,0.321915,0.00473853,1.54117,0.433039,0.00277752,2.30672,0.042974,0.254939
88.282267574,0.198584,3.97189e-05,3.44259,0.0118483,0.864291,0.0115,1.14755,0.396147,0.00548876,2.24913,0.0584182,0.374206
88.328707483,0.353185,0.000970349,3.2459,0.0139853,1.06529,0,1.04959,0.344474,0.00471978,2.18996,0.0670435,0.263344
88.375147392,0.608276,0.00169476,3.18288,0.000819424,1.09644,0,1.3432,0.387385,0,2.20053,0.0687172,0.181526
88.421587302,0.697248,0.00223545,3.00601,0.0168543,1.05287,0.110985,1.51814,0.409578,0.241074,2.06702,0.0805325,0.048568
88.468027211,0.281749,0.971551,2.32332,0.0543239,0.705338,0.017697,1.72293,0.491652,0.300141,1.72584,0.0921775,0.0489983
88.514467120,0.154017,1.18164,1.95287,0.123008,0.693098,0.0237408,1.70703,0.476251,0.114909,1.59485,0.114892,0.236595
88.560907029,0.172504,0.998446,1.75791,0.198903,0.554447,0.0221838,1.66999,0.490002,0.0267009,1.59668,0.135752,0.446677
88.607346939,0.234896,0.769062,2.00544,0.192736,0.419645,0.0207844,1.82856,0.529164,0.335112,1.66515,0.124718,0.493009
88.653786848,0.462355,0.280755,2.80954,0.259966,0.474411,0.0166096,1.76321,0.222436,0.472388,1.76334,0.13007,0.459391
88.700226757,0.621147,0.00252056,2.96479,0.0342115,0.818729,0.00915789,1.39931,0.0437937,0.252048,1.79101,0.122355,0.392894
88.746666667,0.475496,0,2.78663,0.0316607,1.48536,0.000967523,1.55835,0.00351777,0.120202,1.38978,0.113223,0.273624
88.793106576,0.523651,0.311948,2.62073,0.0304097,1.63227,0.00579007,1.80886,0.24877,0.115408,0.843718,0.212675,0.0212898
88.839546485,0.673955,0.655699,2.37474,0.032703,1.28145,0.00302843,1.91499,0.423212,0.219628,0.697749,0.481702,0
88.885986395,0.608683,1.04296,2.16466,0.0188813,1.11507,0.118199,1.90962,0.50662,0.46336,0.669642,0.497067,0.0134346
88.932426304,0.402759,1.13777,2.16906,0.0149889,1.31643,0.182797,1.51203,0.431063,1.20035,0.389115,0.225954,0
88.978866213,0.803296,0.76921,2.16393,0.131313,1.87669,0.176821,0.910316,0.0340289,1.24243,0.627686,0.0959044,0.111317
89.025306122,0.885083,0.452483,2.07577,0.116239,2.16762,0.230915,0.401389,0.0169705,1.20518,0.892343,0.0918608,0.38877
89.071746032,0.809734,0.0293997,1.96912,0.0179508,2.22714,0.0374076,0.33571,0.21089,1.56383,0.979026,0.118294,0.422562
89.118185941,0.819046,0.082673,1.90038,0.0151234,1.97204,0.189804,0.434068,0.784697,1.76756,1.09342,0.123052,0.371207
89.164625850,0.685701,0.185797,2.13691,0.00226269,1.679,0.575644,0.677408,0.681965,1.66555,0.956571,0.273044,0.657402
89.211065760,0.350811,0.150044,2.0704,0,1.94549,0.623275,0.753432,0.444442,1.65659,0.825341,0.490684,0.740861
89.257505669,0.218919,0.0842023,1.89571,0.0226356,2.415,0.66033,0.900815,0.327444,1.56729,1.02523,0.29729,0.714375
89.303945578,0.164583,0.218603,1.41068,0.0249463,2.73993,0.422902,1.04587,0.314446,1.36646,1.3895,0.237425,0.566972
89.350385488,0.206746,0.943308,0.876925,0.0210589,2.29034,0.172554,1.31431,0.233236,1.1453,1.04709,0.292703,0.135839
89.396825397,0.217443,0.973226,0.684859,0.0167794,1.66611,0.0314505,1.68243,0.318279,1.26159,0.251493,0.599869,0
89.443265306,0.286585,0.807643,0.223224,0.0133879,1.82005,0.00886868,1.60741,0.472511,1.33654,0.179619,0.543417,0.0644086
89.489705215,0.298423,0.562689,0.0341975,0.09132,2.14778,0.0277037,1.42541,0.533656,1.29417,0.159454,0.194453,0.5698
89.536145125,0.384666,0.235506,0.020752,0.0886527,2.67154,0.0474443,0.955665,0.468404,1.26636,0.168763,0.369971,1.17839
89.582585034,0.685928,0.475151,0.103705,0.230515,3.12827,0.0532915,0.789146,0.425302,1.09028,0.207227,0.293473,1.33517
89.629024943,0.496872,0.429427,0.229357,0,3.6462,0.056497,0.761754,0.448833,0.940306,0.154027,0.23107,1.34688
89.675464853,0.38346,0.0918483,0.439141,0.190223,4.01223,0.0929788,0.339381,0.41922,0.992522,0.216386,0.200898,1.26805
89.721904762,0.17652,0.496849,0.44334,0.071943,3.64312,0.408983,0.355864,0.19807,0.854235,0.403983,0.122045,1.30509
89.768344671,0.268544,0.815056,0.525991,0.00574541,3.07129,0.388514,0,0.222913,1.28281,0.282344,0.197596,1.2305
89.814784580,0.32688,0.87301,0.582603,0,3.15105,0.187787,0,0.340681,1.44968,0.0845733,0.250407,1.21095
89.861224490,0.417448,0.566217,0.656262,0,3.22916,0.183518,0.0039937,0.336893,1.39261,0.0908262,0.142004,1.64603
89.907664399,0.155182,0,0.408998,0,3.6025,0.117374,0.216649,0.300059,1.26944,0.00311535,0.0957874,2.14894
89.954104308,0.0441384,0,0.492503,0.146058,3.51807,0.0199248,0.379256,0.276386,1.12682,0,0.0618995,2.26419
90.000544218,0.0403659,0,0.772258,0.223577,2.98818,0.0134692,0.415073,0.290938,1.14904,0,0.0621685,2.34181
90.046984127,0.0248571,0,0.90919,0.0842167,2.89734,0.346342,0.364092,0.348672,0.899983,0,0.0797487,2.51373
90.093424036,0.000976312,0,1.01622,0.295339,2.80989,0.504928,0.251031,0.290566,1.22891,0,0.129448,2.32236
90.139863946,0,0,1.08372,0.104608,2.56527,0.362957,0.13638,0.0784977,1.3473,0,0.245958,1.7747
90.186303855,0.62314,0.187372,1.1419,0.0282325,2.10169,0.615857,0.0787726,0.078999,1.1696,0.000865863,0.409081,0.833122
90.232743764,0.654905,0.474545,1.01878,0.0210722,1.69203,0.916306,0.0939707,0.310631,1.14313,0,0.740238,0.437347
90.279183673,0.686235,0.476245,0.69232,0,1.44295,1.0828,0.231955,0.372985,0.724777,0.321766,0.926563,0.322376
90.325623583,0.678127,0.223898,0.562784,0,2.02872,0.703792,0.168844,0.258504,0.550765,0.577996,0.92865,0.722728
90.372063492,0.256377,0.0798214,0.43453,0,2.95291,0.270846,0.160699,0.162125,0.840871,0.643,0.665583,1.08714
90.418503401,0.366848,0.0448744,0.402636,0.00914818,3.29387,0.258438,0,0.0524751,1.38534,0.25685,0.399148,2.12659
90.464943311,0.959657,0.117778,0.528346,0.14357,2.97914,0.085364,0.495607,0.0142247,1.37296,0,0.0973261,2.12828
90.511383220,1.0608,0.0610092,0.335299,0.561637,2.56225,0.0840502,0.901938,0.0219249,1.01607,0,0.1035,1.72363
90.557823129,1.03744,0,0.000568265,0.763672,2.33217,0.18521,0.983123,0.0603153,0.537758,0,0.0850257,1.61261
90.604263039,0.563592,0.00591681,0.000443974,0.706515,2.23258,0.154018,0.844356,0.133745,0.76305,0.0336289,0.057567,2.03139
90.650702948,0.200247,0.00367126,0.0758236,0.519366,2.09143,0.19332,0.651939,0.14258,1.08865,0.0399139,0,2.21282
90.697142857,0.0580109,0,0.12995,0.34898,2.69512,0.0584769,0.601693,0.0432338,1.11335,0.0831013,0.00044476,2.27881
90.743582766,0.00210832,0,0.0425305,0.258556,3.31385,0.152564,0.544788,0.093569,0.556433,0.0933187,0.000431885,2.34096
90.790022676,0,0,0.166663,0.239252,3.58622,0.276233,0.517909,0.0352201,0.0941245,0.0641927,0.0458909,2.59025
90.836462585,0.143371,0.0729193,0.432221,0.247505,3.50923,0.0941646,0.752633,0.0303381,0.0191261,0,0.759454,2.30189
90.882902494,0.122215,0.215159,0.63575,0.39904,2.65146,0,0.911142,0.159232,0.0299441,0.0206549,1.57193,1.83828
90.929342404,0.0265545,0.369917,0.486828,0.9577,2.34479,0,0.870731,0.183478,0.0292108,0.317237,1.9465,1.6536
90.975782313,0,0.533477,0.478735,0.783133,2.8526,0.0453594,0.46549,0.197852,0.0258047,0.690339,1.88371,1.47578
91.022222222,0,0.952695,0.259581,0.507766,3.01519,0.173585,0.356025,0.0669021,0.08902,1.5513,1.37866,1.48112
91.068662132,0.132678,0.953719,0.215829,0.0136047,3.02236,0.455484,0.583746,0.0652895,0.10074,2.27906,0.271223,1.25587
91.115102041,0.377472,0.5025,0.748483,0,2.63342,0.453645,0.790925,0.127614,0.373171,1.81963,0.0436395,0.938378
91.161541950,0.287658,0.445377,0.65415,0,2.54006,0.319666,0.866355,0.142037,0.506095,0.90867,0.466747,0.703083
91.207981859,0.0792557,0.328866,0.393103,0.0196645,2.50357,0.15884,0.784833,0.0934049,0.719947,0.483656,0.385507,1.31132
91.254421769,0,0.179076,0.0884306,0.205423,2.75797,0.104727,0.327718,0.0875693,0.928322,0.781505,0.114771,2.07145
91.300861678,0.0218408,0.148329,0.100865,0.294385,2.6748,0.0601929,0.251968,0.0706832,0.738695,1.25017,0.0405458,2.53543
91.347301587,0.0443202,0.0769376,0.275476,0.185329,2.68382,0.0336953,0.390912,0.0669578,0.413769,1.45503,0.0213359,2.38874
91.393741497,0.0328464,0.0532804,0.308116,0.197038,2.94684,0.0336608,0.279044,0.0593731,0.309217,1.52691,0.0432858,2.34043
91.440181406,0.0147953,0.0620614,0.3916,0.201267,3.02541,0.0602868,0.0619398,0.045405,0.262174,1.62936,0.0612599,2.37372
91.486621315,0.0306727,0.0395562,0.412857,0.289801,3.20114,0.462773,0.125989,0.00810704,0.17519,1.73319,0.00786201,2.24568
91.533061224,0.113131,0.0719235,0.328458,0.46347,3.17621,0.280137,0.150791,0,0.0789857,1.95215,0.0332853,2.02787
91.579501134,0.0452648,0.0893779,0.308515,0.568367,2.94419,0.175967,0.328431,0.000817458,0.193288,1.98223,0.101478,1.6532
91.625941043,0.0113907,0.132398,0.48226,0.565879,2.41388,0.163974,0.326763,0.358961,0.24937,1.9183,0.11043,1.34659
91.672380952,0,0.168468,1.01734,0.254514,1.16292,0.250785,0.118792,0.87374,0.389683,1.64576,0.0757215,1.17679
91.718820862,0.184464,0.083912,0.990786,0.157277,0.829119,0.314103,0.424063,1.01298,0.368782,1.5354,0.160684,1.06776
91.765260771,0.977807,0.00728399,0.728014,0.411566,0.70101,0.35204,0.590423,1.15469,0.242663,1.64818,0.165107,1.11468
91.811700680,1.33201,0,0.846267,0.677247,0.821457,0.333322,0.510948,1.38083,0.373785,1.44032,0.0507676,1.09123
91.858140590,1.32515,0,0.88549,0.524757,0.883756,0.107425,0.351229,1.68216,0.402153,0.928254,0.0527883,0.966477
91.904580499,1.25328,0,0.949238,0.204077,1.2388,0.0283668,0.256183,1.68757,0.149701,0.890571,0.0275147,1.27885
91.951020408,0.46651,0.0182703,0.972057,0.182371,1.574,0.0549159,0.143548,1.46467,0.128362,0.925003,0.04518,2.0032
91.997460317,0.148302,0.216568,0.48804,0.256489,1.80437,0.118604,0.225126,1.21988,0.112289,1.00777,0,2.0659
92.043900227,0.330738,0.785717,0.00426076,0.283795,1.7056,0.0453025,0.481961,1.36466,0.105097,1.21277,0,1.58507
92.090340136,0.343664,0.607235,0.451077,0.272877,1.43315,0,0.690052,1.52274,0.112195,1.20849,0.157801,1.45286
92.136780045,0.187806,0.000507865,1.3964,0.177281,0.875221,0.00772705,0.445171,1.79292,0.115428,0.768906,0.375209,1.87961
92.183219955,0.0341544,0.0528246,1.46677,0.169553,0.827874,0.00831663,0.0364724,1.70752,0.105662,0.256803,0.436844,1.89381
92.229659864,0.0692509,0.0827087,1.50232,0.147258,1.37287,0.0162995,0.270045,1.26808,0.02834,0.59361,0.585006,1.57827
92.276099773,0.0620967,0.189296,1.51245,0.0229246,1.79423,0.0658317,0.339422,1.07536,0.0414714,0.938782,0.575452,1.79275
92.322539683,0.0377709,0.308734,1.53182,0,1.64889,0.0175032,0.343115,0.742132,0.0618889,1.28485,0.484669,1.86748
92.368979592,0.044049,0.339431,1.43591,0,1.33585,0.0904785,0.305211,0.566993,0.104425,1.76099,0.248256,1.75981
92.415419501,0.120131,0.385264,1.46591,0,1.31137,0.202962,0.173939,0.561997,0.114085,1.03119,1.05283,1.77419
92.461859410,0.144594,0.300469,1.6851,0.181058,1.05313,0.190408,0.0815305,0.486644,0.439506,0.549263,1.11527,1.85099
92.508299320,0.134058,0.328653,1.68762,0.289134,0.707597,0.307502,0.159572,0.53717,0.397505,0.655494,0.876321,1.65682
92.554739229,0.0832591,0.195866,1.38943,0.0518721,0.750246,0.231451,0.320992,0.468356,0.323594,0.575936,0.985374,1.55273
92.601179138,0.136677,0.242402,1.02843,0.0398182,0.966978,0.284677,0.240458,0.65972,0.21785,0.00198466,0.840457,1.87834
92.647619048,0.191608,0.19534,0.998367,0.0538072,0.986627,0.268457,0.101758,1.05294,0.151868,0.0905126,0.196613,2.8382
92.694058957,0.119733,0.112427,0.837912,0.406899,0.889504,0.150573,0.14975,1.62368,0.291067,0.0631823,0.135643,2.47707
92.740498866,0.0223711,0,1.02919,0.565483,0.874805,0.223277,0.157939,1.80749,0.452214,0.319487,0.130569,2.22047
92.786938776,0,0,0.945699,0.616712,0.820031,0.139113,0.359828,1.89141,0.219225,0.670306,0.0789808,2.44536
92.833378685,0.0601708,0,0.464469,0.456185,1.13162,0.0659496,0.478091,2.18434,0.100637,0.940122,0.000688265,2.54574
92.879818594,0.126619,0.00429071,0.260617,0.57641,0.842102,0.013787,0.592027,2.33744,0.115708,0.625519,0.000982464,2.7234
92.926258503,0.44324,0.493247,0.364368,0.382977,0.459778,0.0484792,0.515657,2.21347,0.131779,0,0.334448,2.28413
92.972698413,0.52709,0.719393,0.461307,0.186578,0.455776,0.0791038,0.590871,1.90321,0.129,0,0.341438,2.26405
93.019138322,0.268115,0.37728,1.33269,0.0971187,0.418506,0.0222333,0.294295,2.19747,0.0775703,0.150504,0.0284432,2.23687
93.065578231,0.103217,0.0276231,1.39897,0.25025,0.593843,0,0.269548,2.63684,0.0398265,0.792358,0.00482637,2.05252
93.112018141,0.000753455,0.00208912,1.32174,0.197911,0.806732,0.00299025,0.207914,2.88615,0.0739228,1.07248,0.00415299,2.20805
93.158458050,0.000669162,0.00277919,1.25988,0.0511939,0.886416,0.0351144,0.154256,2.94797,0.0564991,1.28131,0.029792,2.41697
93.204897959,0.000517211,0.00289902,1.28996,0,1.06988,0.0487134,0.195313,2.97863,0.0626873,1.32472,0.048086,2.42374
93.251337868,0.0378146,0.0239009,1.43162,0.00937084,1.18869,0.0503418,0.214355,2.95207,0.0990366,1.17493,0.0432804,2.17875
93.297777778,0.189673,0.127833,1.24467,0.0517483,1.24888,0.132542,0.0165213,2.75235,0.334862,0.843593,0.127737,1.95539
93.344217687,0.608124,0.186405,1.03267,0.371364,1.91993,0.1303,0.0460063,2.68401,0.717296,0.280777,0.324559,1.18766
93.390657596,1.72506,0.0772807,0.607613,0.232631,2.70191,0.182117,0.0240072,1.92284,0.970963,0.25076,0.538745,0.362242
93.437097506,2.19028,0.0557491,0.369527,0,3.23274,0.296996,0.00607553,1.92306,0.716674,0.133534,0.337047,0.496139
93.483537415,2.48416,0,0.402293,0,3.4674,0.25216,0.0849655,2.03813,0.500033,0.0860109,0.196226,0.363064
93.529977324,3.39759,0.191059,0.226275,0,3.31769,0.217587,0.109028,2.00583,0.63179,0.024618,0.152574,0.0373441
93.576417234,3.42255,0.390617,0,0,2.90247,0.106798,0.280801,1.9296,0.252861,0,0.0586575,0.0114072
93.622857143,3.07808,0.500914,0,0,2.68614,0.0427267,0.517978,1.85932,0.0274931,0,0.0434758,0.106843
93.669297052,2.75252,0.444948,0,0,2.77892,0.044083,0.559832,1.62218,0.00766663,0.0563427,0.0255419,0.108636
93.715736961,2.90797,0.0192322,0.00315684,0,3.09467,0.0227442,0.528611,1.22136,0.0264108,0.260691,0.404277,0.312584
93.762176871,1.8849,0.0401933,0,0,2.92269,0.0320677,0.655571,1.30423,0.120629,0.461257,0.996057,0.745105
93.808616780,2.26257,0.0321567,0,0,2.51039,0.0342724,0.557939,1.01835,0.431377,0.350555,0.887115,0.755263
93.855056689,2.36788,0.11105,0,0.0539592,2.13426,0.0273639,0.69368,1.08853,0.39232,0.135965,0.616173,1.08914
93.901496599,2.43193,0.0407075,0,0.0753859,2.21445,0.0322629,0.689932,1.47607,0.206841,0,0.209781,1.3124
93.947936508,2.39749,0.0553147,0,0,2.65379,0.0632843,0.553168,1.75783,0.0447061,0.232385,0.000223933,1.25295
93.994376417,1.90477,0.195621,0,0,2.65326,0.0741942,0.417063,1.91203,0.0254975,1.18377,0.0163785,0.881407
94.040816327,1.82326,0.19084,0,0.0206534,2.31953,0.0398193,0.319818,1.75822,0.0517301,2.40314,0.0910631,0.185005
94.087256236,2.10869,0.171028,0.151061,0,1.79726,0.0250202,0.269039,1.46174,0.096085,2.67103,0.0616107,0.397983
94.133696145,2.5531,0.152043,0.0647206,0.22617,1.14181,0.143723,0.242396,1.21802,0.215124,2.83999,0,0.589699
94.180136054,2.63217,0.169732,0,0.537728,0.55465,0.233726,0.285439,1.39163,0.190934,2.68821,0.00051352,0.896057
94.226575964,2.62514,0.293887,0,0.469105,0.760004,0.0561993,0.422464,1.5814,0.033568,1.48588,0.290531,1.18741
94.273015873,2.42982,0.799573,0.0314542,0.0157153,1.36786,0.0394494,0.482597,1.92571,0,0.00064787,1.2415,1.18403
94.319455782,2.33641,0.998259,0.0459877,0.00534102,1.5915,0.172443,0.302369,1.86154,0,0.182712,1.03319,1.65804
94.365895692,1.95554,0.970068,0.0219823,0.00572575,2.07089,0.0688939,0.170522,1.97586,0.00104597,0.25858,0.458671,1.78718
94.412335601,1.54898,0.641984,0.00129277,0.0131212,2.33615,0.0449794,0.369301,2.17807,0,0.263568,0.267676,2.00665
94.458775510,1.28177,0.127483,0,0.193048,2.27273,0.0259063,0.420251,2.32294,0.0023917,0.20038,0.152697,1.95682
94.505215420,1.70334,0.0870035,0,0.21473,1.67873,0.053119,0.493316,1.96578,0.101816,0.283186,0.0826501,1.82352
94.551655329,2.61446,0,0.0189367,0.107055,1.14761,0.150296,0.615039,1.52917,0.093801,0.549831,0.0241053,1.32731
94.598095238,2.67763,0,0.0564505,0.125028,1.19031,0.177744,0.489313,1.72433,0.12294,0.758069,0.00571004,1.16829
94.644535147,2.80719,0.0472703,0.087201,0.196162,0.967482,0.208548,0.41492,1.54742,0.514884,0.562004,0.00021842,0.985313
94.690975057,2.90017,0,0,0.137932,0.849886,0.268537,0.367346,1.22771,0.710087,0.580527,0.000938154,0.894992
94.737414966,2.46275,0,0,0,1.26655,0.0591049,0.224395,1.11598,0.663422,0.544478,0.00768426,0.814855
94.783854875,1.71785,0,0.512711,0.00462363,1.35693,0.0406319,0.276691,1.06431,0.475163,0.658907,0.00435627,0.950278
94.830294785,1.18584,0.0764161,0.310311,0.0139221,1.47005,0.0246339,0.367133,1.84764,0.0818117,1.42612,0.00110389,0.892015
94.876734694,1.50845,0.0877237,0.0830668,0.0301745,1.81669,0.0345475,0.37741,2.06501,0.0225506,1.56411,0.00075331,0.772678
94.923174603,1.80283,0.0958613,0,0.0143074,2.10103,0.0457564,0.38367,1.986,0.0274509,1.50372,0.000171567,0.773775
94.969614512,2.05083,0.0474141,0.111911,0.0438794,2.18563,0.034019,0.281183,1.79664,0.0302084,1.58631,0.175986,0.558043
95.016054422,2.08626,0.034026,0.182216,0.270383,1.60629,0.0451878,0.0317359,1.63178,0.0286202,1.72809,0.42553,0.210326
95.062494331,2.05135,0.0180543,0.427636,0.651126,1.10043,0.0581574,0.226605,1.62635,0.123778,2.11554,0.55987,0.0103701
95.108934240,2.13272,0.0996489,0.553921,0.745197,1.1234,0.145578,0.26933,1.80072,0.331342,2.11292,0.533211,0.0870881
95.155374150,1.67989,0.2603,0.869649,0.639925,1.9812,0.0472799,0.178904,1.67362,0.485281,1.88113,0.120825,0.723682
95.201814059,0.932176,0.219292,0.938278,0.35192,2.59969,0.206126,0.28567,0.625053,0.369031,1.91187,0.0828768,1.15704
95.248253968,0.143948,0.0852902,0.245995,0.0534831,2.52089,0.328593,0.544301,0.0585806,0.443358,1.98527,0.0282034,1.45989
95.294693878,0.0474569,0,0.196921,0.0300498,2.84503,0.325772,0.621754,0.112799,0.439594,1.95997,0.00344445,1.56668
95.341133787,0,0.475728,0.021082,0,3.13474,0.212667,0.432591,0.236251,0.249195,2.10515,0.0852072,1.33521
95.387573696,0.029671,1.19791,0.108606,0,2.39869,0.543908,0.651448,0.212622,0.0167348,2.26993,0.170026,0.669314
95.434013605,0,1.49295,0.195601,0,1.94912,0.866343,0.730569,0.0835905,0.0212849,2.27996,0.163204,0.276645
95.480453515,0,1.36035,0.222954,0.00611862,1.93018,0.557136,0.524941,0.0977583,0.0260826,2.1145,0.0800632,0.746839
95.526893424,1.36062e-06,0.336005,0,0.136656,2.0199,0.0129716,0.533341,0.0956426,0.00958716,2.17736,0.345194,1.3642
95.573333333,0.0175716,0.0804766,0.279541,0.231211,1.81213,0.00988404,0.757956,0.13543,0.00427734,2.08529,1.01559,1.15743
95.619773243,0.0527911,0.031434,0.433164,0.491878,2.13138,0.0178278,0.743364,0.34204,0,1.92005,1.29447,0.970073
95.666213152,0.171691,0.0487618,0.186486,0.733874,2.32388,0.00939707,0.532159,0.511693,0,2.19948,1.26267,1.20951
95.712653061,0.324715,0.287012,0.159224,0.572612,2.34561,0.0701911,0.16747,0.371023,0.355814,2.62594,0.893993,0.983924
95.759092971,1.0467,0.324196,0.290815,0.158321,2.14056,0.450384,0.115281,0.196582,0.594079,1.63442,0.58482,0.68088
95.805532880,1.62399,0.199249,0.387869,0.179707,1.95818,0.844887,0.436363,0.0481261,0.413853,0.514506,0.369175,1.12071
95.851972789,1.98147,0.114111,0.273918,0.415369,2.00528,0.569563,1.48081,0.0378556,0.2624,0.225335,0,1.51876
95.898412698,1.80622,0,0.0989738,0.923416,1.93132,0.528308,2.16283,0.0328054,0.0475926,0,0,1.86615
95.944852608,1.28386,0,0,1.26817,1.62304,0.634881,2.30634,0.0184221,0.00546104,0,0.173025,2.20864
95.991292517,0.238281,0.14898,0,1.39996,2.19774,0.423768,1.88146,0.000285517,0.0184069,0,0.843469,2.0579
96.037732426,0.169401,0.1909,5.3034e-05,1.31717,2.8064,0.125771,1.96721,0.00518592,0.090765,0.0121573,1.73176,1.25878
96.084172336,0.0668699,0.263526,0,1.011,2.91399,0.136315,1.65803,0.00996605,0,0.215843,1.99489,1.35218
96.130612245,0.163282,0.26706,0.00884969,0.580549,2.63422,0.0504881,1.54198,0.0284682,0,0.885269,1.66282,1.85385
96.177052154,0.477436,0.142555,0.0906266,0.0396835,2.78754,0.104697,1.56809,0.160533,0,1.03499,0.98285,2.1202
96.223492063,0.650481,0.0850214,0.564226,0.15604,2.85557,0.281254,1.4129,0.0386478,0.427576,0.608259,0.342297,1.94041
96.269931973,0.485533,0,0.771185,0.228334,2.83047,0.348139,1.14924,0.0320854,0.590546,0.0545863,0.201177,1.75655
96.316371882,0.73243,0.000621952,0.999999,0.22168,2.33279,0.185134,0.803038,1.19243,0.389468,0.100578,0.165828,1.67085
96.362811791,1.08811,0,0.94032,0.200469,2.45583,0.137201,0.357765,2.37118,0.237737,0.451077,0.0468929,1.24986
96.409251701,2.46499,0,0.801121,0.122659,1.88897,0.0161056,0.227767,2.37815,0.0930267,1.13467,0.0257116,0.115387
96.455691610,2.52776,0.367067,0.647343,0.0205191,1.48942,0.100052,0.133921,1.87449,0.259409,1.25949,0.159532,0
96.502131519,1.88037,0.543841,0.714779,0,1.91319,0.106067,0.214536,1.4464,0.241621,0.916885,0.23785,0.370864
96.548571429,0.892568,0.332237,0.658733,0.00357964,2.00646,0.0389696,0.380261,1.5434,0.0658911,0.529582,0.236,1.14447
96.595011338,0.377126,0.042839,1.02829,0.011791,1.85308,0.0110651,0.351047,2.14964,0.0311917,0.0111213,0.286779,2.23041
96.641451247,0.131142,0.0162027,1.1641,0.0092951,1.55141,0.256851,0.19968,2.95663,0.078439,0.00748945,0.187804,2.46587
96.687891156,0.0132677,0.00136161,1.24816,0,1.29601,0.376983,0.00153633,3.27804,0.062007,0.0011144,0.243637,2.37315
96.734331066,0.0599291,0.00379733,1.06877,0,1.56213,0.363097,0.0125415,3.54495,0.0550235,0,0.598389,2.01392
96.780770975,0.206732,0.0169778,0.93609,0,1.23266,0.330455,0.0182901,3.64293,0.0303614,0,1.00492,1.80743
96.827210884,0.263916,0.1705,1.38982,0.0068873,1.06717,0.251306,0,3.77855,0.0210937,0,1.11093,1.74956
96.873650794,1.37957,0.25822,1.18605,0.0113786,0.924909,0.115848,0,3.71272,0.117665,0,0.119151,1.78095
96.920090703,1.45887,0.800221,0.27174,0,1.78739,0.225584,0,3.37525,0.152287,0.250058,0.271957,1.09969
96.966530612,1.83742,1.05706,0,0,2.62498,0.120028,0.00165248,1.88599,0.469406,0.306683,0.302067,0.963864
97.012970522,1.92875,0.758443,0,0.016209,3.00524,0.0135192,0.198739,0.50713,0.675846,0.105509,0.0913522,0.563928
97.059410431,1.25285,0.339843,0.213008,0.0150411,3.33528,0.00365888,0.0346621,0.452255,1.29153,0.0604445,0.00327679,0.9124
97.105850340,0.472248,0.0279886,0.525313,0,3.291,0.00861841,0.348559,0.515223,1.14839,0.00824266,0.00332829,1.29556
97.152290249,0.0471686,0.0359076,0.545268,0,2.9259,0.352338,0.39489,0.410391,0.904144,0,0.00322765,2.38297
97.198730159,0,0,0.622173,0,2.4818,0.596441,0.361502,0.198956,1.02714,0,0.053361,2.85419
97.245170068,0,0,0.999139,0,2.22276,0.492262,0.291602,0.0170844,1.04801,0,0.153597,2.90482
97.291609977,0.525073,0.0350455,1.32997,5.48713e-05,2.12522,0.310079,0.259498,0.0171065,0.898317,0,0.415508,2.21901
97.338049887,0.502472,0.0878271,1.25588,0.00763705,2.00055,0.557473,0.345129,0.366229,0.900066,0,1.22605,1.47438
97.384489796,0.541799,0.0894054,0.987205,0.00587145,1.74046,0.637182,0.515215,0.460595,0.434353,0,1.60162,0.482157
97.430929705,0.810705,0.000453221,0.717496,0.0117624,1.65613,0.557306,0.682884,0.140282,0.061415,0,1.63467,0.346153
97.477369615,0.361476,0.0942102,0.391986,0.0271865,2.37235,0.293496,0.558275,0.0825634,0.0570168,0.0794069,1.39404,0.754473
97.523809524,0.47019,0.618967,0.672581,0.0232667,2.84707,0.19006,0.0741499,0.17777,0.370549,0.427044,0.805775,0.896126
97.570249433,0.8125,0.798879,0.828264,0.019212,2.78384,0.205236,0.175581,0.265135,0.591244,0.548629,0.26487,1.29483
97.616689342,0.641122,0.553747,0.804824,0.344288,2.60847,0.241324,0.31091,0.351226,0.551432,0.132073,0.0167658,1.47915
97.663129252,0.645574,0.148315,0.218674,0.747719,2.21526,0.262766,0.274925,0.348055,0.522246,0.00328552,0.000847646,1.49409
97.709569161,0.528746,0,0.0588615,0.817062,1.73382,0.233778,0.325511,0.376618,0.625961,0.00413405,0.0328129,2.06571
97.756009070,0.241377,0,0.0173398,0.69349,1.48166,0.230233,0.637603,0.341779,0.724073,0.0337857,0.0524349,2.63579
97.802448980,0.189877,0,0.0658302,0.32349,2.26372,0.0926017,0.750924,0.290706,0.926721,0.120337,0.00232939,2.8947
97.848888889,0.110712,0,0.0268868,0.106218,3.01302,0.0633741,0.770903,0.49444,0.402181,0.121357,0.0022539,2.76373
97.895328798,0.12856,0.00186893,0.305983,0.0949458,3.17758,0.0521412,0.47009,0.431045,0,0.128057,0.0208721,2.98564
97.941768707,0.22909,0.0170611,0.551456,0.163207,3.00914,0.370655,0.459835,0.148424,0.00681709,0.0280001,0.560351,2.91235
97.988208617,0.127472,0.0398129,0.659377,0.0866736,2.27041,0.481854,0.339513,0.149104,0.0218617,0.0164925,1.66674,2.28141
98.034648526,0.0275534,0.21126,0.643779,0.278713,2.07922,0.680359,0.2687,0.250925,0.0756004,0.072038,1.75136,1.82841
98.081088435,0,0.721693,0.276001,0.426852,2.55253,0.575091,0.248432,0.284531,0.124106,0.526048,0.901745,1.51544
98.127528345,0.000174786,0.939515,0.278887,0.309744,2.87983,0.385153,0.165445,0.174497,0.0935503,1.63114,0.134225,1.45949
98.173968254,0.730943,0.81212,0.186223,0,3.08458,0.375305,0.450477,0.0615567,0.107771,2.47695,0.08828,1.183
98.220408163,1.78832,0.173588,0.169385,0,2.6909,0.433758,0.813493,0.0541444,0.362418,2.1961,0.018085,0.758191
98.266848073,2.06989,0.163463,0.14276,0,2.40813,0.34867,0.822129,0.0534916,0.446203,1.54721,0.118632,0.596545
98.313287982,1.94742,0.14001,0.123505,0.00241579,2.23141,0.214078,0.898139,0.0309006,0.747298,1.09374,0.193859,0.442757
98.359727891,1.59674,0.108936,0.0962682,0.0780182,2.50596,0.0878409,0.541108,0.0417559,1.09746,0.994035,0.13824,0.692997
98.406167800,0.857745,0.152468,0.262895,0.224608,2.48631,0.0339116,0.352232,0.0346468,0.984573,1.49979,0.142625,0.799752
98.452607710,0.0490756,0.134308,0.373704,0.245377,2.63266,0.0376934,0.602102,0.0477582,0.748141,1.58912,0.102429,1.33605
98.499047619,0.0135909,0.158609,0.254294,0.193249,2.76915,0.0282992,0.585773,0.00870742,0.577967,1.75667,0.0331073,1.78899
98.545487528,0,0.146814,0.250508,0.153339,2.85005,0.024542,0.50083,0.00182767,0.405267,1.90083,0.0492828,1.97268
98.591927438,0.0672083,0.0985152,0.17199,0.233522,3.02766,0.372209,0.403871,0.023194,0.149587,1.8599,0.0503847,2.32975
98.638367347,0.153769,0.0716155,0.0953186,0.390753,3.06846,0.297242,0.281235,0.0231693,0.0188473,1.95832,0.0325573,2.56158
98.684807256,0.0800171,0.099894,0.280103,0.480629,2.92307,0.13361,0.281338,0.00548666,0.175058,1.88779,0.0976199,2.5054
98.731247166,0.0167985,0.102863,0.768406,0.55234,2.60166,0.101028,0.29689,0.161623,0.253318,1.7121,0.110622,2.14841
98.777687075,0,0.0733891,1.31691,0.248211,1.89144,0.1277,0.413811,0.632594,0.270068,1.58103,0.10878,1.51232
98.824126984,0.0699154,0.107515,1.27643,0.348514,0.802269,0.303936,0.65973,0.905413,0.228828,1.80038,0.120923,1.39146
98.870566893,0.273612,0.120235,1.10293,0.30092,0.970771,0.349969,0.442357,0.943635,0.20678,1.85283,0.00283733,1.33806
98.917006803,0.629694,0.0835033,1.17783,0.472744,1.03849,0.276144,0.0385086,0.815333,0.440458,1.78227,0.00700789,1.46272
98.963446712,0.633263,0.0781,1.11619,0.294824,1.20478,0.0206575,0.0373513,1.06898,0.613266,1.38543,0.0450959,1.66916
99.009886621,0.626447,0.109803,1.01765,0.137682,1.31093,0.0109675,0.038956,1.06232,0.402372,1.45558,0.0563391,1.59855
99.056326531,0.103869,0.615808,1.05776,0.165624,1.61674,0.0163491,0.044319,0.944808,0.326806,1.6119,0.0538983,1.65588
99.102766440,0.0187827,1.21857,0.549605,0.372528,1.27499,0.113316,0.3968,0.777957,0.130334,1.95374,0.0709354,1.47802
99.149206349,0.167644,1.57362,0.0397366,0.40188,0.835206,0.153561,0.709552,0.675734,0.122105,1.7972,0.187423,1.254
99.195646259,0.169718,1.39149,0.296894,0.327112,0.869152,0.183727,0.946989,0.586695,0.108922,1.26081,0.210919,1.58968
99.242086168,0.11121,1.10299,1.06538,0.232979,0.632955,0.13422,0.720847,1.02322,0.101493,0.971152,0.307379,2.03084
99.288526077,0.062508,0.17421,1.56139,0.231507,0.64532,0.0870427,0.279561,1.43125,0.10923,0.86128,0.445657,1.88249
99.334965986,0.0211745,0.0675591,1.51993,0.151078,1.21218,0.0326402,0.319909,1.24256,0.0457487,0.5753,0.817469,1.48151
99.381405896,0.0197423,0.208884,1.56981,0.0745051,1.42286,0,0.332079,0.84671,0.173364,0.360604,0.838855,1.81488
99.427845805,0.000126105,0.317977,1.3078,0.0584011,1.44612,0.00243743,0.397616,0.623591,0.140859,0.476388,0.564612,1.74375
99.474285714,4.36023e-05,0.365718,1.05526,0.0617048,1.31966,0.0397635,0.403468,0.509487,0.0735843,0.720627,0.175976,1.77238
99.520725624,0.122872,0.292928,1.02141,0.108599,1.26896,0.0496176,0.362165,0.766844,0.0670296,1.05569,0.103998,2.15394
99.567165533,0.16574,0.131288,0.99696,0.225417,1.45097,0.0504391,0.155996,1.12705,0.2469,1.15243,0.274693,2.91997
99.613605442,0.0481376,0.171977,1.13216,0.421955,1.37412,0.0119856,0.0192179,0.984427,0.429604,0.301077,0.657409,2.97545
99.660045351,0.0774512,0.270164,1.14257,0.169129,1.3978,0.00962785,0.262878,0.539852,0.305721,0.194,0.959819,2.87577
99.706485261,0.0765716,0.305512,1.0665,0.0594485,1.71624,0.243836,0.0609868,0.599214,0.137199,0.0226317,0.885584,2.84952
99.752925170,0.188018,0.360215,0.990008,0.0317155,2.04908,0.374319,0.0172783,0.695785,0.0210003,0.286922,0.658211,2.89533
99.799365079,0.156365,0.294059,0.961807,0.0155119,2.07988,0.178816,0.138079,1.1499,0.108979,0.464465,0.336084,2.96892
99.845804989,0.0639866,0.0621015,1.07841,0.0957689,1.72463,0.0932414,0.427107,1.80045,0.307129,0.504433,0.132982,2.94675
99.892244898,0.0473341,0.000122166,1.13126,0.147859,1.50323,0.16446,0.519067,1.9046,0.161275,0.205984,0.0849355,3.0672
99.938684807,0.027109,0,0.730239,0.174114,1.36269,0.00301506,0.461057,1.98286,0.0999361,0.217884,0.0062932,3.03178
99.985124717,0.1908,0,0.539245,0.183548,1.14788,0.00500703,0.388504,2.00952,0.14216,0.0270028,0.0287882,2.86203
100.031564626,0.497714,0.536484,0.366832,0.0507363,0.968608,0.0287919,0.323358,1.91033,0.205806,0.00227231,0.156599,2.4336
100.078004535,0.507724,0.96354,0.418282,0,0.79553,0.0498268,0.0744308,1.92401,0.121505,0,0.293746,1.82842
100.124444444,0.235674,0.754262,1.42994,0.0174183,0.798028,0.0215137,0.0712813,1.87484,0.0632287,0,0.356435,1.68002
100.170884354,0.249497,0.109928,1.49478,0.0291935,1.24503,0.00425676,0.0801678,2.85437,0.0341306,0.475081,0.26854,1.84732
100.217324263,0.124768,0.00265353,1.32088,0.0142653,1.56673,0.00847188,0.0782509,3.19044,0.043374,0.781858,0.136275,1.91348
100.263764172,0.131931,0.0367937,1.24831,0,1.6475,0.0106772,0.0856333,3.11594,0.0162283,1.08108,0.045938,2.35097
100.310204082,0.0280037,0.0274714,1.05182,0,1.56445,0.0247273,0.0809427,3.09964,0,1.19276,0.0758442,2.59604
100.356643991,0.0764211,0.0143915,1.13829,0.000604697,1.46372,0.0784004,0.00200867,3.10493,0.0775056,0.992249,0.155225,2.53818
100.403083900,0.137592,0.075303,1.02862,0.0147317,1.30091,0.202734,0,2.97571,0.288745,0.833164,0.208222,2.20129
100.449523810,0.661489,0.0961975,1.1018,0.210189,1.789,0.110337,0.0882306,2.79611,0.67313,0.383032,0.297256,1.24878
100.495963719,1.76076,0.15746,0.807953,0.0319562,2.53267,0.133183,0.068289,2.03667,0.88689,0.352213,0.511127,0.056691
100.542403628,2.12389,0.269058,0.436357,0,3.2098,0.264809,0.00257207,1.88125,0.713564,0.137232,0.405425,0.230664
100.588843537,2.36301,0.087713,0.272673,0,3.48136,0.236369,0.134204,2.03174,0.521291,0.0955102,0.3036,0.384767
100.635283447,2.08384,0.654028,0.292449,0,3.12746,0.172077,0.185661,2.09303,0.680473,0.033407,0.267805,0.224858
100.681723356,1.55646,1.08601,0.109533,0,2.47852,0.0824666,0.126661,2.27555,0.427058,0,0.201272,0.0254403
100.728163265,1.76266,0.99364,0.0414926,0,2.27928,0.105076,0.0965097,2.39504,0.0201576,0.000616062,0.132131,0.113905
100.774603175,1.91358,0.810675,0.0892343,0.000678972,2.10036,0.0674971,0.130499,2.30562,0.010982,0.0325821,0.0370062,0.0707177
100.821043084,2.01804,0.848346,0,0.00678179,2.5471,0.0241331,0.192776,2.25344,0.0255088,0.487911,0.0293183,0.0562613
100.867482993,2.05305,0.311379,0,0.111487,2.73339,0.0343555,0.50423,1.69805,0.0121268,1.26505,7.77135e-05,0.228949
100.913922902,1.58597,0.362101,0,0.164011,2.4028,0.0382624,0.614663,1.08216,0.107902,1.16832,0.000261374,0.489636
100.960362812,1.83252,0.191801,0,0.125956,2.08309,0.0303606,0.547276,0.922141,0.13384,0.85909,0.00466157,1.05524
101.006802721,2.04629,0.0502856,0,0.0903743,2.25463,0.0332463,0.443094,1.23479,0.0444233,0.17756,0,1.31775
101.053242630,1.92632,0.0408794,0,0,2.81757,0.040197,0.464932,1.55726,0.0294149,0,0.481138,1.02964
101.099682540,1.59782,0.119289,0,0,2.68811,0.0534928,0.495988,1.58059,0.0181798,0.209363,1.02228,0.415399
101.146122449,1.40664,0.234673,0.0170732,0.0784481,2.17491,0.0422121,0.485101,1.76439,0.00331565,0.323209,1.27697,0.344018
101.192562358,1.73706,0.234911,0.39767,0.109647,1.56316,0.0234992,0.492166,1.61023,0.0679528,0.386244,1.2187,0.574815
101.239002268,2.40622,0.201685,0.257411,0.264769,0.733248,0.00437448,0.519422,1.37469,0.224411,0.669412,0.635458,0.646001
101.285442177,2.40809,0.181892,0.000233225,0.550911,0.671727,0.0580132,0.651629,1.25207,0.206696,0.749664,0.298735,0.639362
101.331882086,2.50599,0.163572,0,0.577553,0.921771,0.0392238,0.703198,1.00928,0.143808,0.226538,0.596803,0.836295
101.378321995,2.54571,0.190412,0,0.121704,1.77745,0.16465,0.52705,0.862937,0.0124558,0.163701,0.770971,0.858273
101.424761905,2.35275,0.230271,0.000510899,0.0135463,2.36171,0.00246542,0.218475,1.37095,0.0121264,0.115868,0.633088,1.19388
101.471201814,1.59663,0.154437,0.00196806,0.0126845,2.63238,0.0305923,0.00867544,2.02899,0.00628813,0.00457775,0.636766,1.62866
101.517641723,1.19635,0.12904,0.00261126,0.0163657,2.65871,0.0760409,0.0944541,2.35594,0.0027922,0.0114353,0.570122,1.81671
101.564081633,1.6387,0.434844,0,0.00643737,2.29924,0.0218102,0.377529,2.32336,1.62425e-05,0.228139,0.328093,1.57289
101.610521542,1.74467,0.418553,0,0.0157339,1.6546,0.0623363,0.414655,1.96998,0.0662803,0.546307,0.217663,1.13105
101.656961451,2.4356,0.263626,0.0509903,0.180873,1.14727,0.127824,0.449157,1.52713,0.0726851,0.817834,0.111325,0.197534
101.703401361,3.04432,0.0748805,0.0823062,0.0183877,1.10639,0.147382,0.249366,1.63258,0.128894,1.14182,0.0248706,0.00977782
101.749841270,3.14349,0.0439111,0.102707,0,1.17132,0.124475,0.183417,1.49829,0.399325,0.948189,0.000108246,0
101.796281179,3.05515,0,0.00565706,0,1.0773,0.0720646,0.360066,1.12159,0.631974,0.599059,0.00141341,0.133693
101.842721088,2.49695,0,0.0135661,0,1.13987,0.0914388,0.19917,0.8255,0.521624,0.42997,0.00202199,0.702676
101.889160998,1.87706,0,0.216508,0.00356403,1.40018,0.0558984,0.318904,0.92794,0.34805,0.547031,0.00210067,0.979993
101.935600907,1.16879,0.0632663,0.500828,0.0170046,1.54106,0.0333516,0.030824,1.71853,0.175354,1.3394,0.00194159,1.05065
101.982040816,1.31255,0.0594682,0.270197,0.0178326,1.88323,0.0419349,0.0311473,2.3071,0.105125,1.63857,0.00158162,1.03345
102.028480726,1.6983,0.0939403,0.16085,0,2.17637,0.0379805,0.0964813,2.12095,0.0196718,1.59258,0.000863209,1.06534
102.074920635,2.11754,0.140077,0.288675,0,2.11245,0.0288213,0.0723947,1.64834,0.0284187,1.74031,0.0134139,1.16262
102.121360544,2.27624,0.267099,0.408073,0.0169715,1.65797,0.0104455,0.310659,1.26699,0.122472,2.06989,0.193747,1.01416
102.167800454,2.44225,0.198652,0.693354,0.0327213,1.35903,0.225355,0.728122,0.879428,0.60936,2.33176,0.318356,0
102.214240363,2.46277,0.0815726,0.881233,0.10563,1.35745,0.21567,0.446279,1.0807,0.672075,2.40496,0.297353,0.0613689
102.260680272,1.85459,0.178884,0.920994,0.160106,1.9827,0.0790295,0.220644,1.21075,0.519957,2.00358,0.134404,0.445858
102.307120181,0.846258,0.215754,0.858851,0.258239,2.33112,0.246763,0.350799,0.529315,0.577276,1.85345,0.122286,1.03247
102.353560091,0.223524,0.249247,0.270863,0.287164,2.74517,0.302832,0.130833,0.046433,0.599468,2.06846,0.123321,1.44976
102.400000000,0.745359,0.171285,0.211792,0.100058,3.12452,0.259512,0.0579204,0.0792986,0.456949,2.20323,0.254462,1.40162
102.446439909,1.81143,0.75251,0.0795035,0,2.87231,0.333861,0.0428524,0.382488,0.16801,2.2838,0.22033,0.680627
102.492879819,1.92191,1.10151,0.0442861,0.0827387,2.20739,0.862394,0.0710277,0.430852,0.0231898,2.27164,0.157051,0.154635
102.539319728,1.75875,1.25389,0.156821,0.104022,2.00319,1.17741,0.101629,0.332212,0.0480763,2.27169,0.163773,0.0967667
102.585759637,1.48298,1.19231,0.252359,0.0269505,1.9621,0.938482,0.0848454,0.10489,0.0306441,2.13708,0.0954154,0.000251271
102.632199546,0.550569,0.600825,0.0431612,0.0868598,2.1426,0.0165653,0.194137,0.101758,0.0133225,2.23794,0.125665,0.630256
102.678639456,0.237222,0.00952434,0.365086,0.303104,1.93839,0.00744043,0.370288,0.0818716,0.422606,2.22112,0.32893,0.781119
102.725079365,0.0969583,0.0266525,0.810987,0.509399,1.78951,0.0398865,0.446808,0.116607,0.539992,2.20113,0.382324,0.937984
102.771519274,0.207886,0.0149772,0.846777,0.564755,1.86926,0.0601772,0.288147,0.117585,0.610985,2.22344,0.384207,1.06083
102.817959184,0.307327,0.160012,0.448802,0.300026,2.48655,0.00690162,0.0892091,0.0798036,0.590866,2.30699,0.660643,1.07123
102.864399093,0.287592,1.36574,0.283555,0.00837851,2.05235,0.563078,0.0530765,0.287205,0.152114,1.78832,0.65692,1.42339
102.910839002,0.388104,1.32983,0.236204,0,1.88704,0.913144,0.788625,0.276579,0.0892008,0.679117,0.330372,1.20277
102.957278912,0.591782,0.925084,0.137067,0.00383569,1.48296,0.680027,1.61395,0.155428,0.0921612,0.489121,0.0238937,1.36396
103.003718821,0.774814,0.627876,0.0863857,0.784056,1.51374,0.183929,1.9662,0.172838,0.0672773,0.416336,0,1.33259
103.050158730,0.354238,0.355074,0.000486909,1.40393,1.6456,0.193981,1.86938,0.201558,0.0819065,0.563775,0,1.52131
103.096598639,0.33378,0.280454,0,1.55407,1.94227,0.0278887,1.80535,0.0335137,0.18643,0.125984,0.339392,1.92001
103.143038549,0.178978,0.508698,0.000370826,0.925901,3.01004,0.0304669,1.98741,0,0.139271,0.0470003,1.09514,1.41044
103.189478458,0.000426454,0.401853,0.000193895,0.200377,3.46721,0.0289094,1.77188,0.0132633,0.0865043,0.124323,1.63193,1.18768
103.235918367,0.125711,0.280949,0.011603,0.0104178,3.42948,0,1.54795,0.0426764,0.0409835,0.421903,1.62931,1.57986
103.282358277,0.0038638,0.166071,0.0582222,0.041785,3.43525,0.085026,1.67982,0.244488,0,0.690617,1.02633,1.90824
103.328798186,0.184987,0.42124,0.449037,0.171509,2.86034,0.419086,1.67425,0.0627976,0.201444,0.43697,0.478988,1.82576
103.375238095,0.354034,0.251183,0.740551,0.191711,2.68071,0.470927,1.35563,0.00540227,0.468173,0.0599478,0.382139,1.29101
103.421678005,0.548227,0.215887,0.982264,0.170039,2.31657,0.259465,0.644587,1.04339,0.273077,0.846246,0.224104,0.896784
103.468117914,0.617745,0,1.07555,0.133461,2.46128,0.192202,0.282944,2.12118,0.215089,1.09028,0.102111,0.870558
103.514557823,1.87274,0,0.880154,0.0736373,2.42399,0.000962662,0.0977071,2.26385,0.0917594,1.11672,0.0455468,0.185414
103.560997732,2.0209,0.0511615,0.758776,0.0100958,2.01284,0.178684,0.0612274,1.75678,0.425584,1.04017,0.106909,0
103.607437642,1.47917,0.0938393,0.838801,0,2.17402,0.13878,0.191621,1.25567,0.324981,0.783643,0.182409,0.587974
103.653877551,0.753629,0.098137,0.978615,0.0309182,1.872,0.0403647,0.236875,1.2985,0.138224,0.511786,0.200453,0.88615
103.700317460,0.25414,0.115213,1.39354,0.00648774,1.61509,0.0162844,0.134421,1.79181,0.0351522,0.163708,0.211429,1.58949
103.746757370,0.225897,0.0637347,1.43253,0,1.74737,0.0300848,0.0503268,2.48055,0.0549411,0.00534783,0.0644315,1.86439
103.793197279,0.199012,0.0539913,1.28314,0,1.95238,0.0705355,0.0350073,2.67682,0.0432314,0.00423869,0.024851,1.88712
103.839637188,0.0701385,0.0828549,1.23728,0,2.27016,0.0684905,0.0385096,2.84199,0.0452623,0.00560456,0.050419,2.03059
103.886077098,0.197728,0.0275259,1.28084,0,2.20962,0.141004,0.0465256,3.00722,0.0248813,0.00616513,0.0487317,2.20005
103.932517007,0.130561,0.0822341,1.43543,0.00665923,2.08407,0.192488,0.00689121,3.03753,0.0599884,0.00541955,0.0311702,2.28648
103.978956916,0.243929,0.0700583,1.1853,0.0133242,2.14517,0.28002,0,2.59603,0.216032,0.251486,0.0482258,2.28463
104.025396825,0.13893,0.414986,0.841343,0,2.51141,0.334391,0,1.94449,0.474076,0.484299,0.377181,1.91744
104.071836735,0.0525461,0.460106,0.807428,0,2.8509,0.387161,0.0611286,1.54019,0.340752,0.103313,0.540613,2.02188
104.118276644,0.0371515,0.38939,0.560672,0,2.55017,0.291659,0.13941,1.96293,0.116287,0.104178,0.410973,2.42153
104.164716553,0.0199981,0.065572,0.705186,0,2.22742,0.221517,0.124199,2.13755,0.116669,0.07692,0.258502,2.76724
104.211156463,0.0950719,0.0548777,0.806593,0,2.04824,0.212331,0.107299,2.17832,0.125018,0.186148,0.00463721,2.71224
104.257596372,0.169713,0.0342107,0.708193,0,2.24752,0.0429268,0.231185,2.01166,0.107909,0.56151,0.0323387,2.33683
104.304036281,0.0912496,0.0202211,0.766984,0.00243484,2.31933,0.0294608,0.35976,2.03563,0.057075,0.607654,0.0501119,2.14723
104.350476190,0.140297,0.0261737,1.04023,0.000658472,2.21355,0.00983461,0.40251,1.96109,0.0167359,0.605054,0.0680895,2.4458
104.396916100,0.053185,0.0193484,1.35267,0,2.11554,0.00715477,0.324383,1.66906,0.101333,0.471044,0.0596996,2.80021
104.443356009,0.0117673,0.0671056,1.12014,0,2.11314,0.0272674,0.42275,1.42998,0.11083,0.479916,0.039775,2.80595
104.489795918,0.0479039,0.185494,0.892707,0,2.06825,0.0236782,0.584169,1.51516,0.171907,0.508005,0.11799,2.54106
104.536235828,0.052459,0.195077,0.306548,0.0171293,2.03454,0.0138671,0.514779,1.93271,0.192208,0.779578,0.0938638,2.17296
104.582675737,0.0172531,0.116848,0.200072,0.227625,2.10543,0.00970817,0.0943246,2.33647,0.0978014,0.719689,0.0608367,2.84724
104.629115646,0.0348992,0.00178349,0.799482,0,2.18298,0.0267415,0.00145817,2.44629,0.0858198,0.382037,0.0133711,2.88176
104.675555556,0.048888,0.0138549,0.938262,0,2.18235,0.0127737,0.00264329,2.40004,0.0956451,0.25927,0.0236841,2.59088
104.721995465,0.04621,0.146018,0.393232,0.0953407,2.14937,0.00236595,0.17514,2.24055,0.122892,0.353895,0.0622747,2.90479
104.768435374,0.0656926,0.428917,0.433751,0,1.9752,0.0672314,0.297349,1.6804,0.131528,0.0308138,0.0835314,2.84782
104.814875283,0.0674751,0.447512,0.423143,0,1.06343,0.000596832,0.651105,1.49433,0.111399,0.113045,0.125794,3.04436
104.861315193,0.0727917,0.327376,0.349687,0.00705167,0.933786,0.0109457,0.722365,1.80721,0.06369,0.108026,0.0732774,2.94961
104.907755102,0.0520797,0.199166,0.189393,0.00899152,1.95071,0.0112279,0.380802,2.20068,0.0537005,0.476304,0.049119,2.42278
104.954195011,0.016589,0.113527,0.270621,0,2.72366,0.00558769,0.33638,2.26843,0.102464,0.499865,0.0388935,2.00883
105.000634921,0.01129,0.0932351,0.348667,0.00808414,2.76758,0.0322736,0.301387,2.29809,0.125479,0.433237,0.0681982,2.0899
105.047074830,0.0127189,0.0557427,0.676989,0.0448143,2.35857,0.0449905,0.315398,2.47135,0.141746,0.362967,0.128683,2.19119
105.093514739,0.0428905,0,0.590087,0.0254645,1.48836,0.0341169,0.38885,2.39955,0.204309,0.247672,0.132507,2.41283
105.139954649,0.00676916,0.239815,0.415224,0,1.82928,0.0277649,0.783461,1.70951,0.171187,0.0761643,0.0762115,2.70285
105.186394558,0.014207,0.421979,0.267045,0,1.84587,0.031352,0.93208,1.65107,0.0922676,0,0.187438,2.97335
105.232834467,0.00365278,0.451957,0.349195,0,1.63925,0.0330479,0.848808,1.90266,0.0856998,0.177383,0.401227,2.76998
105.279274376,0.19207,0.202884,0.404219,0,1.75217,0.0575399,0.389685,2.31603,0.107581,0.294733,0.138778,2.61255
105.325714286,0.407457,0.420048,0.573372,0.0891113,1.70696,0.0182033,0.504619,2.13498,0.142018,0.172861,0.381801,1.8918
105.372154195,0.220656,0.577983,0.279261,0.107004,1.711,0.0269407,0.53562,1.87192,0.223429,0.0558522,0.657258,1.79437
105.418594104,0.245134,0.471362,0.0101172,0.332077,1.59511,0.0266309,0.498749,1.648,0.226042,0.807641,0.543175,1.73023
105.465034014,0.278232,0.519127,0.0574044,0.602723,1.63353,0.0149659,0.234723,1.59484,0.169232,1.14991,0.328903,1.65148
105.511473923,0.3141,0.221776,0.23359,0.504998,1.9778,0.0121998,0.179831,1.57094,0.36131,1.23354,0.184844,1.57469
105.557913832,0.509744,0.0550771,1.13883,0.00993794,1.80825,0.0317505,0.918933,1.19881,0.736298,1.30543,0.112608,1.07692
105.604353741,0.0973107,0,1.71552,0,2.08228,0.0490327,1.22558,1.2209,0.872141,1.27021,0.0181153,1.02471
105.650793651,0.0325186,0.00645631,1.82217,0,2.15912,0.0538374,0.89917,1.20643,0.887015,1.5295,0.0516048,0.997731
105.697233560,0.155961,0.455966,0.780731,5.76319e-05,2.28496,0.436888,0.529668,1.21384,1.05375,1.41572,0.705738,0.67261
105.743673469,0.584432,1.84021,0.427448,0.00574581,2.36115,0.381685,0.0295269,0.937402,1.27966,0.946698,0.840062,0.153065
105.790113379,0.458143,2.00765,0.246191,0.0122912,2.56284,0.0244607,0,0.758243,1.43321,0.841685,0.840473,0.140067
105.836553288,0.524904,1.92762,0.063773,0.118881,2.44577,0.039677,0,0.913723,1.31049,0.880272,0.50005,0.184724
105.882993197,0.646459,1.46311,0.147414,0.107767,2.2893,0.0396548,0.0128761,0.589106,1.67499,0.420939,0.14783,0.690006
105.929433107,0.532019,0.545329,0.557616,0.332224,1.82851,0.0254353,0.235544,0.760116,2.08646,0.0397807,0.573148,1.09826
105.975873016,0.640388,0.424408,0.7763,0.172206,1.69857,0.0174271,0.403775,0.825624,2.25888,0.0425688,0.730795,1.07746
106.022312925,0.651599,0.577678,0.694302,0.322175,1.23736,0.0282016,0.591353,0.893992,1.98687,0.106518,0.385435,1.28633
106.068752834,0.539603,0.492502,0.556308,0.686023,0.71879,0.0512744,1.31022,0.868594,1.4493,0,0.0264771,1.62414
106.115192744,0.333516,0.506427,0.247311,0.890088,0.312185,0.0509118,2.00164,1.00166,0.379717,0,0.217294,1.97129
106.161632653,0.244846,0.723975,0.068183,0.699145,0.22405,0.063914,2.43894,0.751001,0.0603516,0,0.395417,1.82915
106.208072562,0.323042,0.602186,0.803362,0.531733,0.170162,0.059931,2.28659,0.657938,0.182288,0.165254,0.255237,1.60182
106.254512472,0.250512,0.721413,1.64072,0.0244363,0.106571,0.433484,1.29376,1.18353,0.280154,0.119348,0.0756029,1.60665
106.300952381,0.23824,0.511052,1.89037,0.0368815,0.06678,0.658061,0.608854,1.95855,0.274123,0.247588,0,1.59425
106.347392290,0.226461,0.845491,1.92162,0.0206571,0.157249,0.544299,0.0855331,2.83896,0.289523,0.0670189,0,1.58135
106.393832200,0.146842,0.934861,1.85315,0.0187384,0.157939,0.133564,0.0229025,3.39223,0.261641,0,0,1.43879
106.440272109,0.160068,0.968778,2.04347,0,0.115994,0.0886541,0.0237763,3.1313,0.261998,0,0.364765,0.949707
106.486712018,0.202427,1.15782,1.52394,0.0561478,0.0873588,0.0452339,0.241143,2.86883,0.157961,0.0114306,0.904643,0.682739
106.533151927,0.226117,1.23533,0.815941,0.013077,0.714057,0.112947,0.59509,1.55893,0.579594,0.05739,1.32272,0.143163
106.579591837,0.613928,1.35361,0.71281,0,0.727782,0.0192456,1.20209,0.757092,0.806393,0,1.13056,0.0918084
106.626031746,0.542736,1.45333,0.715617,0.136164,0.515733,0.0074111,1.18709,0.733826,0.989681,0.0997556,0.997604,0.177251
106.672471655,0.427824,1.63652,0.794771,0.128995,0.369097,0.00980134,1.10873,0.684089,0.950928,0.00906525,0.931612,0.151937
106.718911565,0.153329,1.26052,1.45716,0,0.116449,0.0037937,0.873212,1.84874,0.892111,0.0533001,0.942189,0.629484
106.765351474,0.0577878,0.33996,2.40534,0.0679094,0.093671,0.102793,0.682234,2.4831,0.632854,0.117857,0.100766,1.53247
106.811791383,0.014439,0.487748,2.33861,0.0274792,0.145356,0.17628,0.0544501,3.32239,0.556705,0.0674711,0.0985772,1.96417
106.858231293,0.0580837,0.805346,2.01412,0,0.242913,0.170048,0.00450981,3.42182,0.646905,0.0291878,0.000325082,1.90393
106.904671202,0.257884,0.848119,1.71953,0.0598871,0.163877,0.144239,0.220264,2.44646,0.888671,0.125333,0.000524121,1.77734
106.951111111,0.193906,1.44026,1.08343,0.0427021,0.221583,0.186957,0.617555,1.86264,1.11786,0.134068,0.0386415,1.51265
106.997551020,0.134854,1.77845,0.622189,0.0258077,0.267006,0.156579,0.969376,1.25625,1.20653,0.139995,0.0357704,0.951177
107.043990930,0.142165,1.85,0.958946,0.00456756,0.581283,0.0215968,1.6167,0.71476,0.915836,0.0462228,0.00206559,0.190296
107.090430839,0.158743,2.04972,0.681321,0,0.525011,0.0262429,1.84317,0.787745,0.545368,0.652602,0.645711,0.12377
107.136870748,0.513983,2.04748,0.582134,0,1.19561,0.0103713,1.43137,0.460046,0.38781,0.826323,0.848124,0.209757
107.183310658,0.631259,1.63514,0.318587,0,1.60147,0.0330186,1.00718,0.69822,0.3137,0.787698,0.871957,0.121804
107.229750567,0.628173,1.12716,0.643711,0.0419319,1.75628,0.0156598,1.02671,0.381315,0.434244,0.713128,0.814181,0.136401
107.276190476,0.814027,0.608714,0.137303,0.0263245,2.05184,0,1.01898,0.249912,0.117858,0.703226,0.620543,0.487568
107.322630385,0.157497,1.0991,0.00125879,0.187246,2.44454,0.215151,0.0325857,0.761327,0.540949,0.389871,0.599688,0.855468
107.369070295,0.0880512,1.07778,0.00257231,0.241852,2.38045,0.115403,0.0883336,0.706878,1.10286,0.681382,0.712904,0.953914
107.415510204,0.217558,0.852173,0.0297817,0.575307,2.8162,0.0364762,0.121277,0.49824,1.32257,0.603465,0.162632,1.24932
107.461950113,0.578972,0.954616,0.0469825,0.760553,2.89803,0.055801,0.634649,0.117256,1.65167,0.402919,0.109847,0.974759
107.508390023,1.33693,0.802458,0,0.747411,2.55764,0.0222117,0.943894,0.0126693,1.722,0.882293,0.137873,0.62013
107.554829932,1.33177,0.389629,0,0.589456,2.49514,0.000493735,1.00319,0.141466,1.6514,1.12042,0.131677,0.872597
107.601269841,1.40256,0.0257297,0.189654,0.341172,2.32107,0.0201693,0.912905,0.242421,1.69788,0.682532,0.125656,1.67699
107.647709751,1.16103,0.0540629,0.137076,0.76547,2.19808,0.118362,0.412088,0.42093,1.32309,0.199654,0.110228,2.14173
107.694149660,0.483132,0.211451,0.0708776,0.868004,1.86246,0.311708,0.149162,0.330386,1.28452,0.0845492,0.0532685,2.49986
107.740589569,0.0887647,0.56242,0.269546,0.691523,1.68798,0.220445,0.34432,0.320636,1.26917,0.0149636,0.00111499,2.96374
107.787029478,0.249601,0.534147,0.628098,0.45137,1.09309,0.145323,1.16006,0.247415,0.955233,0,0.00225042,3.01529
107.833469388,0.299718,0.765682,0.595896,0.579414,0.509337,0.105505,2.10114,0.210674,0.511698,0,0.00225764,2.94235
107.879909297,0.438286,0.964497,0.534068,0.682955,0.061093,0.0986364,2.18339,0.109955,0.101651,0,0.00156291,3.0988
107.926349206,0.858422,0.814909,0.456351,0.564245,0.0777786,0.051327,1.88245,0,0.326418,0,0.000788844,2.96388
107.972789116,1.26738,1.11436,0.207655,0.00374775,0.561239,0.138496,1.2245,0.0418478,0.371105,0.0740625,0.0565313,1.96577
108.019229025,1.14992,0.799027,0.409742,0.297439,0.751913,0.0743654,0.384355,0.784651,0.340955,0.0529772,0.109693,1.57793
108.065668934,1.34857,0.423021,0.515183,0.240595,0.749047,0.0417753,0.316726,1.54182,0.274725,0,0.230526,1.37349
108.112108844,1.35536,0.167033,0.80136,0.0783582,0.519701,0.0317873,0.113801,2.38067,0.246941,0,0.0655891,1.61199
108.158548753,0.864077,0.22363,1.15302,0.0817719,0.27554,0.0590288,0.0468884,2.73142,0.316959,0,0.00614798,1.8664
108.204988662,0.13307,0.488435,0.984464,0.00063948,0.148769,0.856793,0.512242,1.93357,0.51198,0.0282286,0,2.46075
108.251428571,0,0.890289,0.762205,0,0.163888,0.740649,1.04723,0.815728,0.805508,0.0588888,0.605552,2.32468
108.297868481,0.00870528,0.736225,0.526203,0,0.203514,0.601005,1.26064,0.474483,1.24778,0.0587835,1.08348,2.05638
108.344308390,0.34407,0.388914,0.333887,0.00639222,0.186013,0.826653,0.887316,0.601008,1.54323,0,1.2028,2.28775
108.390748299,0.751226,0.575387,0.0197109,0.0145895,0.202404,1.24098,0.743587,0.541293,1.601,0,1.38034,1.77063
108.437188209,1.35278,1.0434,0.0264076,0.00880491,0.0729972,1.23738,0.673683,0.617663,1.29452,0.0329725,1.40669,1.19457
108.483628118,1.89454,1.48498,0.48803,0,0.0115176,0.584514,0.472837,0.770922,0.807558,0.255556,1.23671,0.657205
108.530068027,1.79337,1.11801,1.78949,0.00142178,0,0.275648,0.16375,1.418,0.705194,0.546815,0.889114,0.622804
108.576507937,0.734961,0.635684,2.18272,0,0.000582747,0.0615132,0.371995,2.53957,0.220986,1.05717,0.14071,0.950654
108.622947846,0.271063,0.448254,2.36677,0,0.0553964,0.165428,0.461657,2.52539,0.300366,1.04949,0.161376,1.27161
108.669387755,0.342578,0.51492,2.50269,0,0.144522,0.179654,1.07995,1.63372,0.520986,1.04615,0.147954,1.44846
108.715827664,0.189798,0.917549,2.12085,0.00104192,0.207077,0.413202,1.44273,1.15527,1.25386,0.345023,0.172862,1.25027
108.762267574,0.0778741,1.68502,0.775463,0.121178,0.365641,0.312521,1.88251,1.29696,1.14265,0.122198,0.560811,0.694903
108.808707483,0.223323,2.2922,0.337664,0.22608,0.427581,0.273417,1.97203,0.897816,0.856814,0.0702783,0.53737,0.0845169
108.855147392,0.730511,2.07233,0.00528706,0.334025,0.568796,0.0456528,1.64718,0.453918,1.11594,0.0766321,0.244777,0.238249
108.901587302,1.17466,2.06574,0.102261,0,0.623845,0.10473,1.36952,0.140081,1.19115,0.0552371,0.203304,0.225568
108.948027211,1.29623,1.98814,0.28494,0.0281725,0.726811,0.182243,1.32845,0.117133,1.14391,0,0.192119,0.190279
108.994467120,1.38612,1.5405,0.642326,0.416938,0.519686,0.445799,1.23334,0.237656,0.811495,0,0.0379216,0.195524
109.040907029,1.54211,0.284299,0.305878,0.663261,0.30843,0.894973,0.696403,0.19161,0.38481,0,0.00768553,0.622294
109.087346939,0.917274,0.404434,0.387364,0.535083,0.0691265,1.11872,0.59543,0.668787,0.016928,0.0275944,0.0451002,1.44519
109.133786848,0.479389,0.985397,1.05538,0.378291,0.0762625,1.151,0.482759,0.312345,0,0.310018,0.101372,1.40537
109.180226757,0.110051,1.4108,1.70514,0.321352,0.0767366,1.28586,0.139468,0.263086,0.157144,0.425311,0.13063,0.97306
109.226666667,0.144538,1.71616,1.31046,0.294959,0.178766,0.555482,0.128859,0.626913,0.0505737,0.682055,0.731096,0.919919
109.273106576,0.0037324,2.19468,0.210612,0.455326,0.756011,0.100725,0.109165,1.0087,0.130444,0.990938,0.649015,0.934851
109.319546485,0.00415941,2.34417,0.0995694,0.175017,0.993572,0.101336,0.010121,0.956711,0.243343,0.657272,0.951391,0.865343
109.365986395,0.116144,2.13087,0.0859757,0.371685,1.17739,0.160148,0.0292583,0.75374,0.267205,0.209867,1.07094,1.22512
109.412426304,0.0323621,1.83066,0.0867338,0.419542,1.41512,0.178037,0.0368234,0.545013,0.930607,0.0971231,0.888973,1.60844
109.458866213,0.013858,1.01664,0.0455562,0.529475,1.49828,0.800715,0.04836,0.416007,1.68694,0.147272,0.214913,1.92164
109.505306122,0.080187,0.787077,0.0313926,0.60055,1.66113,0.967966,0.0876562,0.751403,1.81946,0.12513,0.13758,2.09815
109.551746032,0.717599,0.188537,0.340603,0.173222,1.57478,0.535398,0.629306,1.21388,1.57146,0.0855678,0.0429814,1.95511
109.598185941,0.922394,0,0.482336,0.0874628,1.00608,0.238446,1.0489,1.38224,0.79859,0.0286598,0.0162292,1.98019
109.644625850,0.986045,0,0.763659,0.150951,0.547983,0.00792332,1.79997,1.12663,0.0600741,0,0.0418859,1.89604
109.691065760,1.01903,0,0.795064,0.242525,0.118244,0.0210115,2.09526,0.612178,0.00699416,0,0.330011,2.19165
109.737505669,1.28245,0.138032,0.549514,0.35484,0.121986,0.0332697,2.19804,0.484303,0.111085,0.31401,0.539061,1.88019
109.783945578,1.89249,1.01767,0.834795,0.0144871,0.10987,0.0861596,1.9241,0.821194,0.132028,0.954434,0.819936,0.515873
109.830385488,0.877363,1.74193,1.22987,0.0155551,0.0646297,0.256801,1.60168,1.11229,0.0678571,1.03594,0.525281,0.333097
109.876825397,0.644035,1.804,1.57146,0.0122014,0.0564206,0.298249,1.05799,1.51226,0.0929268,0.734311,0.404696,0.266875
109.923265306,0.442363,1.67036,1.72985,0,0.0374031,0.229619,0.010425,2.63409,0.12912,0.439511,0.306101,1.05133
109.969705215,0.0905225,1.06349,1.71793,0,0.0298823,0.0776504,0.00977055,2.9229,0.107391,0.199173,0.368951,1.4186
110.016145125,0.39228,0.988101,1.39531,0.116578,0.0407119,0.0693057,0.0499706,2.32122,0.0863893,0,0.610148,1.4355
110.062585034,0.349182,1.28379,0.859155,0.118153,0.502511,0.0418135,0.302654,1.3332,0.0679112,0.114404,1.04592,1.05553
110.109024943,0.201092,1.58399,0.244615,0.0148083,0.764296,0.0182138,0.772654,0.163548,0.32239,0.162132,1.22236,1.18197
110.155464853,0.133115,1.75818,0.0242536,0.047796,0.766258,0.00738549,0.968406,0.106909,0.608539,0.147023,1.01106,1.45493
110.201904762,0.315183,1.80079,0.0408772,0.232525,0.686559,0.0102591,0.925485,0.464784,0.378835,0.00716377,0.812759,1.36376
110.248344671,1.15774,1.32608,0.286275,0.0701588,0.349252,0,0.839501,1.04085,0.431289,0.0958719,0.712257,0.850251
110.294784580,1.10836,0.815978,1.21148,0,0.0326502,0.0885433,0.44473,1.81677,0.587285,0.113395,0.111225,1.32383
110.341224490,0.655901,0.30122,2.24805,0,0.081957,0.218698,0.390525,1.80454,0.43538,0.107425,0.0464265,2.09186
110.387664399,0.400457,0.319876,1.98214,0,0.159591,0.275754,0.18254,2.60276,0.331157,0.27249,0.00342014,2.25254
110.434104308,0.378197,0.686154,1.94514,0.0010693,0.374657,0.252445,0.146613,2.32294,0.174766,0.251218,0.000677903,2.05732
110.480544218,0.338428,1.49074,1.78299,0.00105904,0.632241,0.202494,0.395681,1.50784,0.480711,0.115971,0.000864023,1.8292
110.526984127,0.349796,2.12539,0.678289,0,0.818762,0.215229,1.08244,1.11598,0.656122,0.135856,0.0552181,1.37219
110.573424036,0.415847,2.40956,0.168905,0.00933404,1.07414,0.0686162,1.4768,0.403483,0.868483,0.109944,0.370995,0.303743
110.619863946,0.329649,2.3829,0.192181,0,0.654081,0.0358868,1.50448,0.184691,0.851329,0.59566,0.29158,0.226927
110.666303855,0.383863,2.36131,0.00296794,0,0.871853,0.0332711,0.808688,0.55328,0.560437,1.27676,0.372398,0.0102221
110.712743764,0.695659,1.93333,0.0348072,0,0.744272,0.0396881,0.435257,0.860552,0.450432,1.43582,0.256146,0.0377531
110.759183673,0.59607,1.54422,0.19508,0,0.879619,0.150194,0.439997,0.890599,0.592676,1.31286,0.0836536,0
110.805623583,0.481776,0.853455,0.61615,0.00175918,1.17819,0.400669,0.48905,0.781605,0.543865,1.05408,0.113384,0.143457
110.852063492,0.882432,0.499788,1.02035,0.10409,1.50541,0.205444,0.469753,0.193284,0.723734,0.663619,0.212829,0.453335
110.898503401,0.552706,0.565514,0.659514,0.125246,2.07886,0.0315472,0.0484474,0.828184,1.11868,0.669327,0.133821,0.58152
110.944943311,0.706448,1.14481,0.164721,0.109949,2.6573,0.00371961,0.102737,0.685048,0.884133,0.6223,0.0780059,0.405487
110.991383220,0.841074,1.02524,0.0469996,0.269035,2.62995,0.015203,0.746081,0.450393,0.88325,0.206302,0.0587528,0.444315
111.037823129,1.06847,0.739298,0.0199919,0.437661,2.39706,0.0158658,0.916996,0.301944,1.00818,0.279074,0.219082,0.608164
111.084263039,1.49326,0.386127,0.0481718,0.572757,2.26808,0.0116818,1.30633,0.328391,1.01052,0.259125,0.300931,0.559863
111.130702948,1.65852,0.046398,0.216361,0.353406,2.39278,0.0178134,1.41174,0.450554,0.835681,0.143184,0.405099,0.733932
111.177142857,1.65819,0.244172,0.251393,0.00630867,2.70108,0.0959177,0.436003,0.639531,1.04874,0.0905354,0.202779,1.16359
111.223582766,0.981256,0.313938,0.0726999,0,2.98236,0.0537974,0.0289359,0.49634,1.56579,0.255478,0.143692,1.39301
111.270022676,0.594767,0.297525,0.208934,0.243541,2.3461,0.5931,0.0209576,0.190971,1.70213,0.301531,0.0166382,1.26909
111.316462585,0.822125,0.545107,0.245827,0.318338,1.34656,0.460515,0.227215,0.121915,1.39746,0.248554,0,1.20323
111.362902494,1.34199,0.425637,0.431123,0.514162,0.558545,0.359666,1.3137,0.170667,0.946842,0.11489,0,1.42246
111.409342404,1.71584,0.13407,0.395454,0.667366,0.219701,0.160929,1.81312,0.0623562,0.356045,0.0990233,0.0056616,1.401
111.455782313,1.69496,0.067647,0.135012,0.821541,0.0157567,0.0588207,1.6801,0.023255,0.133467,0.0616248,0.126951,1.7622
111.502222222,1.26744,0.103743,0.181123,1.01849,0.0179394,0.0385767,1.2885,0.213711,0.155317,0.211929,0.0377964,2.24131
111.548662132,0.444922,0.449342,0.303535,1.03929,0,0.0207817,0.577805,0.464992,0.0476095,0.615001,0.128991,2.09981
111.595102041,0.375564,0.815723,0.649192,0.978505,0.060203,0.0261071,0.0864524,1.46608,0.225303,0.516787,0.282924,1.5383
111.641541950,0.204857,0.606414,1.39828,0.448591,0.0781382,0.0515199,0.137243,2.36402,0.284624,0,0.25491,1.30876
111.687981859,0.110927,0.344981,1.81921,0.0274705,0.118855,0.0614049,0.081398,2.8537,0.284133,0,0.248552,1.5405
111.734421769,0.231378,0.481208,1.69676,0.00433101,0.100198,0.101604,0.0354441,3.10529,0.174219,0,0.195452,1.65471
111.780861678,0.68303,0.257375,1.30237,0.00324114,0.307825,0.459515,0.69916,1.88445,0.444534,0.0319321,0.1498,1.60763
111.827301587,0.842165,0.437834,0.701264,0,0.40985,0.383838,1.1733,1.12708,0.841393,0.108931,0.967219,0.903224
111.873741497,0.946858,0.578663,0.238016,0.00260624,0.29364,0.376881,1.36459,0.384676,1.05386,0.181309,1.20258,0.567767
111.920181406,0.630173,1.03639,0.126545,0,0.122557,0.168132,1.683,0.352636,0.988053,0,1.56547,0.551751
111.966621315,0.519239,1.10585,0.610965,0.119188,0.0560374,0.076094,1.92207,0.482949,0.742021,0.323562,1.89247,0.466644
112.013061224,0.380359,1.14956,1.36122,0,0.0181389,0.0266007,1.74089,0.704699,0.299551,0.65875,1.9113,0.372119
112.059501134,0.196276,0.647734,2.89006,0,0,0.0545963,1.56576,1.42875,0.115698,0.657326,1.57355,0.435004
112.105941043,0.315855,0.509241,2.99194,0,0.0405517,0.0450901,0.807806,2.28689,0.108387,0.520629,0.623349,1.07955
112.152380952,0.159785,0.602517,2.22941,0,0.129899,0.339572,0.068844,2.64443,0.117772,0.397475,0.233151,1.59798
112.198820862,0.146652,1.1968,1.72912,0,0.174618,0.373918,0.502246,2.17556,0.0891951,0.28613,0.183982,2.26763
112.245260771,0.290781,1.95562,0.894899,0.000326321,0.132573,0.546649,0.992778,1.49606,0.140097,0.52273,0.0372986,1.89153
112.291700680,0.263857,2.50761,0.648312,0.44558,0.223694,0.621357,1.19657,0.758197,0.753557,0.134721,0.1628,1.07234
112.338140590,0.469914,2.57335,0,0.487036,0.303744,0.480255,1.30297,0.366279,0.905825,0.182215,0.534307,0.683605
112.384580499,0.882173,1.96783,0,0.267335,0.378459,0.201142,1.69536,0.849524,0.991697,0.0551998,0.546058,1.00717
112.431020408,1.05134,1.60049,0,0.0989839,0.223856,0.0122223,1.7572,1.023,1.26759,0.0624702,0.329782,1.07496
112.477460317,0.554046,1.61161,0.0514304,0.165562,0.223462,0.0163344,1.6917,1.10856,1.14397,0.113937,0.259372,1.20695
112.523900227,0.666212,1.5502,0.251171,0.365318,0.127219,0.370825,1.56675,0.944592,1.06195,0.116032,0.177616,0.833351
112.570340136,0.528413,1.32572,0.175526,0.849706,0.134318,0.613356,1.06464,0.618414,1.07749,0.243406,0.215744,0.532286
112.616780045,0.753371,0.185138,1.42321,0.325855,0.13957,0.334459,0.682408,0.881793,1.61591,0.0193585,0.385642,0.403852
112.663219955,0.613309,0.172212,1.85507,0.144283,0.161831,0.234502,0.515862,1.0741,0.83212,0.228737,0.62762,0.881341
112.709659864,0.324319,0.102151,1.8391,0.614386,0.185985,0.277836,0.252958,1.28289,0.154196,0.32555,1.2423,0.85222
112.756099773,1.18043,0.924959,1.42352,1.14443,0.336246,0.238843,0.133075,0.73217,0,0.565349,1.17005,0.274181
112.802539683,2.08334,1.0861,1.03301,0.691726,0.559215,0.43163,0.473946,0.519723,0.0558541,0.37725,0.876275,0.202731
112.848979592,2.65264,1.04314,0.113126,0.902816,0.631088,0.0230298,0.425044,0.650271,0,0.658961,0.489955,0.209294
112.895419501,2.19927,0.72916,0.0929403,1.30759,0.750546,0.0316842,0.187855,0.751435,0.0415523,0.6162,0.098147,0.317696
112.941859410,1.49053,0.248362,0.0489852,1.19457,0.890934,0.121112,0.279232,0.684492,0.162973,0.319692,0.120142,1.53824
112.988299320,0.535549,0.13703,0.335293,0.834038,0.963843,0.0960079,0.912334,0.45884,0.723515,0.159518,0.0791398,2.04611
113.034739229,0.246465,0.0519574,0.738664,0.130993,1.09406,0.0440588,1.06366,0.373345,1.63708,0.116801,2.21213e-05,2.16462
113.081179138,0.0777087,0.00353187,0.909322,0,1.15102,0.020808,1.02873,0.404619,1.80407,0.0470354,0,2.17589
113.127619048,0.0775358,0,0.858495,0.0949771,1.09938,0.127816,1.0446,0.543821,1.44782,0,0.070954,2.1122
113.174058957,0.309309,0,0.842286,0.428961,0.890461,0.102057,1.48351,0.519791,0.566267,0,0.442932,2.20909
113.220498866,0.499883,0,0.846624,0.963546,0.557443,0.0739325,1.46584,0.367422,0.159272,0,0.610732,2.4288
113.266938776,0.541547,0.000847918,0.398732,1.25457,0.193434,0.11717,1.41483,0.465161,0.232141,0,0.290276,2.59521
113.313378685,0.388881,0.186165,0.538615,0.886806,0.298114,0.0783564,0.957396,0.540917,0.50149,0.551079,0.114853,1.97022
113.359818594,0.31103,0.13551,1.45095,0.46858,0.308589,0.191065,1.09029,0.699644,0.562914,0.578345,0.32322,1.14633
113.406258503,0.368319,0.110465,2.00784,0.232414,0.220283,0.37888,1.06302,0.879561,0.681904,0.741376,0.419799,0.998472
113.452698413,0.361066,0.072783,2.41876,0.00166515,0.105312,0.42158,0.46425,1.99814,0.406356,0.572136,0.616442,1.53579
113.499138322,0.356743,0.500904,2.11998,0.00428137,0.127154,0.0713473,0.053241,3.05256,0.192202,0.219217,0.459911,1.81302
113.545578231,0.175116,0.896352,1.71963,0.0552216,0.209631,0.0758643,0.0995359,3.20018,0.180158,0,0.584299,1.50666
113.592018141,0.0522302,1.05442,1.32777,0.222504,0.0711385,0.0817756,0.860602,2.19539,0.397659,0.0481419,1.11012,0.603638
113.638458050,0.00216756,0.962945,1.07988,0,0.526718,0.0967964,1.65121,0.414674,0.845988,0.0484986,1.47049,0.421298
113.684897959,0.192117,1.06955,0.620372,0,0.737033,0.0356753,1.61121,0.171023,0.913504,0.0210127,1.41822,1.06921
113.731337868,0.352592,1.30418,0.326709,0.0794203,0.886671,0,1.77712,0.30249,1.10791,0.0156949,1.25661,1.17686
113.777777778,0.291346,1.51421,0.520587,0.104536,0.915407,0,1.69502,0.265953,1.06344,0.0141228,1.31533,1.03185
113.824217687,0.152172,1.19839,1.63785,0.0394089,0.357347,0.00826625,1.0655,1.00889,1.14125,0.0623768,1.37716,0.977515
113.870657596,0.241056,0.771864,2.15204,0,0.117768,0.00798755,0.485811,2.06853,0.698143,0.374033,0.523544,1.42092
113.917097506,0.268769,0.800522,2.02768,0,0.126803,0.244782,0.236328,2.75459,0.196072,0.427094,0.0920289,1.82905
113.963537415,0.437477,0.793815,1.84567,0,0.167402,0.358892,0.0567288,2.73861,0.175738,0.429974,0.064185,1.83516
114.009977324,0.688515,0.692249,1.81703,0.00120583,0.157991,0.36116,0.25303,1.9254,0.595504,0.523804,0.267502,1.42492
114.056417234,0.759159,0.805318,1.34442,0,0.158634,0.385125,0.969823,1.089,0.748653,0.526869,0.584413,1.26284
114.102857143,0.836826,1.16049,0.644254,0,0.128117,0.345916,1.32029,0.53039,0.598196,0.440479,0.998195,1.13612
114.149297052,0.804949,1.2653,0.54107,0.0163474,0.0887825,0.171532,1.51516,0.363258,0.426744,0.116757,1.76447,0.35241
114.195736961,0.789282,1.65341,0.430945,0.324042,0.142783,0.0727748,1.47903,0.284308,0.343727,0.427383,1.8102,0.318191
114.242176871,0.33985,1.55757,0.465532,0.12056,1.04997,0.098947,1.03845,0.805206,0.521315,0.703968,1.11554,0.579705
114.288616780,0.0448433,1.02939,0.636372,0.069993,1.62157,0.126113,0.762701,0.819826,0.56477,0.614504,0.873632,0.670021
114.335056689,0.103574,0.918219,0.880714,0.000263258,1.91698,0.0661641,0.550668,1.03936,0.619245,0.481737,0.75313,0.810802
114.381496599,0.272514,0.72294,0.474773,0.185742,1.94104,0.0172522,0.370066,0.670728,0.0184244,0.903272,0.739264,1.10333
114.427936508,0.157493,0.988428,0.0340829,0.243599,2.06088,0.139553,0.0102986,0.854221,0.147261,0.849239,0.989105,0.987037
114.474376417,0.225107,0.973325,0,0.227192,2.32933,0.0623355,0,0.916052,0.887832,0.738241,0.995683,0.500698
114.520816327,0.426351,0.79101,0.0010033,0.396583,2.75735,0.0235802,0.52326,0.324221,0.952013,0.662948,0.812615,0.357088
114.567256236,0.38555,0.803007,0,0.697945,2.72221,0.0200109,0.833908,0.177281,1.16717,0.361816,0.314404,0.722503
114.613696145,0.295631,0.634243,0.00552026,0.924471,2.59625,0.00725584,0.761765,0.133883,1.47403,0.190942,0.285734,1.27494
114.660136054,0.314031,0.500124,0,0.795126,2.53994,0.0123383,0.948943,0.212487,1.42956,0.406329,0.330344,1.4704
114.706575964,0.682387,0.43641,0.210175,0.422789,2.51684,0.0242212,0.785875,0.267188,1.44449,0.614425,0.262377,1.62539
114.753015873,1.09999,0.308596,0.165575,0.109602,2.70219,0.0691824,0.289318,0.225207,1.60882,0.63631,0.110887,1.75411
114.799455782,1.19411,0.396203,0.138769,0,2.64006,0.160637,0.189072,0.073331,2.13483,0.278295,0.0363908,1.48738
114.845895692,1.20754,0.299436,0.0666677,0,2.17791,0.208776,0.359751,0.0861496,2.25961,0.0374364,0,1.49741
114.892335601,1.02632,0.121511,0.0909964,0,1.0079,0.378042,0.439864,0.108286,1.7406,0,0,2.81668
114.938775510,0.720452,0.112927,0.226676,0.0544475,0.355581,0.234655,1.87928,0.0951294,0.761712,0,0.000251234,3.57101
114.985215420,0.304735,0.77171,0.166453,0.680043,0.0893748,0.111719,2.09386,0.0528463,0.0752845,0.0493112,0.00030101,3.6655
115.031655329,0.0555118,1.19437,0.197825,0.884222,0.11542,0.0384954,2.03967,0.102205,0,0.0767946,0,3.30693
115.078095238,0.0925176,1.3047,0.659273,0.92674,0.0823792,0.0201714,1.68799,0.162292,0.0728841,0.803821,0.0303944,2.52987
115.124535147,0.284078,1.17263,0.91828,0.605061,0.0530755,0.0336406,0.615564,1.08335,0.126008,1.08781,0.114088,1.54395
115.170975057,0.69555,0.36541,1.24446,0.273176,0.0485073,0.0296593,0.0521151,2.19378,0.122826,0.647066,0.104265,0.96096
115.217414966,1.12474,0.126672,1.50065,0.10701,0.0750859,0.188517,0.0467674,2.7254,0.134511,0.26912,0.00634206,0.793668
115.263854875,0.992234,0.21457,1.33322,0.0952977,0.105039,0.330065,0.0483781,2.91311,0.105373,0.0207879,0,1.19913
115.310294785,0.735643,0.37848,1.12458,0,0.100453,0.317964,0.286041,2.70235,0.226087,0.0185805,0,1.80917
115.356734694,0.488422,0.555832,0.848636,0,0.193642,0.46989,1.12043,1.19309,0.759335,0,0.223408,1.70363
115.403174603,0.452673,1.15158,0.457747,0.0359694,0.250378,0.39406,1.13888,0.677801,1.27838,0.17513,0.58021,1.31893
115.449614512,0.684532,1.24228,0.00161587,0.0041947,0.219536,0.181383,1.07262,0.540133,1.46644,0,0.78242,0.953303
115.496054422,0.583548,0.527994,0.0279887,0.00361936,0.279634,0.177566,1.21775,0.742256,1.43766,0,1.07522,1.02234
115.542494331,0.720293,0.651209,0.16544,0.495023,0.114264,0.00523186,1.27373,0.797816,1.20203,0.0886808,1.3864,1.30111
115.588934240,0.823855,0.662418,0.6235,0.148574,0.0518687,0.00351448,1.25584,0.663306,0.65111,0.329068,1.39451,0.967928
115.635374150,0.782678,0.71132,1.56703,0.128427,0.0336051,0,1.37863,1.20452,0.182504,0.377359,1.1458,0.771383
115.681814059,0.648792,0.912578,2.20115,0.0226259,0.0661437,0.0411495,0.768503,2.39292,0.102092,0.407965,0.18157,1.12217
115.728253968,0.401052,0.659706,2.41684,0,0.250222,0.213741,0.691884,2.84878,0.163526,0.278235,0,1.1592
115.774693878,0.472025,0.627888,2.27819,0,0.378795,0.308275,1.31227,2.3297,0.27296,0.474757,0.000581736,1.19886
115.821133787,0.201677,1.37476,2.12232,0.000158802,0.331505,0.563418,1.59565,1.57418,0.452615,0.0873884,0.504401,1.10342
115.867573696,0.423362,2.37196,0.988081,0,0.334975,0.395893,2.00043,0.631188,0.901982,0.116081,1.54944,0.266983
115.914013605,0.5537,2.17579,0.259566,0,0.205439,0.286836,2.63555,0.368451,1.08566,0.0834139,1.90539,0.116811
115.960453515,1.0646,2.0988,0,0,0.0838098,0.207133,2.24842,0.588115,0.757428,0.0807828,1.96173,0.195109
116.006893424,1.10166,1.77903,0,0.059894,0.0349451,0.287557,1.86228,0.737522,0.371472,0.0616121,1.56827,0.485136
116.053333333,0.864185,1.78646,0.0950493,0,0.0204289,0.310098,1.64947,0.594256,0.0623205,0,1.37327,0.536445
116.099773243,1.23705,1.60904,0.379959,0,0.228414,0.478564,1.42729,0.474004,0.091556,0,0.912518,0.48958
116.146213152,1.3742,0.777013,1.05417,0.0559483,0.155734,0.565332,0.713446,0.344811,0.0878095,0.466746,0.590761,0.750925
116.192653061,0.741119,0.357489,1.73847,0.487732,0.265598,0.742986,0.441777,0.322987,0.0529642,0.306767,0.014606,1.10019
116.239092971,0.335166,0.711235,1.08322,0.322094,0.315607,0.186121,0.578666,0.699601,0,0.206566,0.508541,0.905181
116.285532880,0.58909,0.766457,0.724331,0.0150169,0.891524,0.10407,0.660819,0.731419,0.58036,0.349085,0.64068,0.505268
116.331972789,0.445386,0.772231,0.93608,0.0113785,0.632347,0.135721,0.153643,0.202556,0.636766,1.22782,0.792013,0.552604
116.378412698,0.681393,0.988073,1.20974,0.424203,0.718241,0.0533064,0.49543,0.0662786,0.30765,1.25772,0.997969,0.613432
116.424852608,0.486018,1.09637,0.898651,0.0456824,0.996389,0.0283028,0.839494,0.358709,0.432917,0.852054,1.08562,0.604836
116.471292517,0.24182,1.10459,0.72738,0.132267,1.20282,0.0448442,1.05104,0.409689,0.521837,0.600076,0.761173,0.998432
116.517732426,0.222613,0.787124,0.416194,0.658022,1.42092,0.11064,1.02762,0.582271,1.04833,0.156371,0.408099,1.74552
116.564172336,0.546082,0.135301,0.175643,0.57743,1.61363,0.764298,1.39142,0.237118,1.34193,0.0181414,0.316701,1.86142
116.610612245,0.576054,0.396686,0.0826755,0.459554,1.77485,1.39187,0.729929,0.176955,1.38101,0.00154192,0.365453,2.0093
116.657052154,0.61081,0.462449,0.0176883,0.438179,1.64312,1.18957,0.87011,0.32963,1.21433,0,0.193682,2.1715
116.703492063,0.176906,0.37807,0,0.510044,1.46742,0.911584,1.33108,0.267518,0.700615,0.0296337,0.0787949,2.38114
116.749931973,0.318098,0.140898,0.427765,0.303312,0.832788,0.282626,2.20369,0.0975619,0.116601,0.10669,0.103649,2.43121
116.796371882,0.346766,0.112013,0.703494,0.340226,0.221373,0.00966822,2.05719,0.0819204,0,0.166326,0.0150163,2.47691
116.842811791,0.449932,0,1.00327,0.567418,0.296225,0.0404773,1.48655,0.163125,0.0563389,0.197046,0.0212885,2.51797
116.889251701,1.79744,0,1.34559,0.660242,0.316973,0.262584,1.22522,0.334527,0.492501,0.362263,0.020945,1.36105
116.935691610,2.33069,0,1.68561,0.0852625,0.24496,0.27916,1.27753,0.528705,0.555924,0.212926,0.0731438,0.612646
116.982131519,2.03175,0,1.978,0.0551129,0.213948,0.140349,1.18481,0.969057,0.402276,0.061498,0.162219,0.578578
117.028571429,0.956488,0.247429,1.95656,0.00125962,0.186354,0.0569657,0.473274,2.65637,0.258239,0,0.0600684,1.56402
117.075011338,0.100002,0.365666,1.71899,0.00371381,0.136673,0.0250363,0.240166,3.07064,0.260238,0,0.153979,2.26632
117.121451247,0.0960707,0.232174,1.48592,0.11707,0.0716185,0.0315154,0.554955,2.56995,0.246898,0,0.576585,2.01922
117.167891156,0.244451,0.532669,1.19158,0.000636404,0.576133,0.0161123,1.11251,1.33904,0.508007,0,1.21036,0.880009
117.214331066,0.283809,0.565087,0.17871,0.002334,1.08618,0.0257884,1.51957,0.320934,0.835504,0,1.27823,0.462435
117.260770975,0.385677,1.0756,0.00935694,0.302379,1.06498,0.0188419,1.59273,0.308533,0.793545,0.000213437,1.1393,0.507027
117.307210884,0.37201,1.4608,0.0492678,0.615997,1.16214,0.000153364,1.28506,0.728103,0.80633,0.000176495,1.0517,0.538068
117.353650794,0.303435,1.27673,0.0343118,0.628607,0.967596,0,0.886029,1.45376,0.602099,0.00742346,0.999083,0.699359
117.400090703,0.412817,0.731686,0.867035,0.38762,0.42744,0,0.637782,1.86,0.594685,0.0478232,0.835046,1.41139
117.446530612,0.374534,0.0388534,1.95335,0.0727655,0.145622,0.198034,0.860098,1.96467,0.43874,0.104667,0.00184677,2.22715
117.492970522,0.277934,0.0507454,2.06841,0,0.34555,0.25726,0.618422,2.52149,0.326891,0.0936195,0.0978048,2.29167
117.539410431,0.54899,0.155681,2.01912,0.000746388,0.37112,0.312429,0.264556,2.64592,0.254232,0.0821462,0.00861476,2.03451
117.585850340,0.722644,0.695429,1.81146,0.000909052,0.10342,0.289711,0.419596,2.07939,0.793146,0.123215,0.270465,1.3814
117.632290249,0.4157,1.31521,0.770763,0,0.0718837,0.210664,1.13654,1.61681,0.79594,0.148676,0.78901,1.23972
117.678730159,0.374279,1.81756,0.134295,0,0.256537,0.110452,1.62194,1.03948,0.548189,0.123105,1.37582,0.365713
117.725170068,0.514747,1.96203,0.108974,0,0.430806,0.00198837,1.26666,0.46619,0.54054,0.031176,1.35514,0.511654
117.771609977,0.762982,1.62409,0.396143,0.692468,0.30003,0.0115833,1.39593,0.762375,0.354548,0.707666,0.116935,0.689218
117.818049887,0.977016,0.705928,0.884879,0.658985,0.378281,0.0224214,0.703917,1.12918,0.440728,0.729052,0.0288624,0.861241
117.864489796,1.04295,0.626052,1.27497,0.654204,0.796576,0.0300198,0.317506,1.15994,0.314277,0.686231,0.0754175,0.7349
117.910929705,1.10441,0.36893,1.55856,0.344775,1.34526,0.119174,0.256841,0.765792,0.554674,0.665757,0.0481575,0.88651
117.957369615,0.848508,0.000898539,0.97314,0.0405223,2.07152,0.0807501,0.1735,0.78244,0.402406,0.295094,0.183288,1.33424
118.003809524,0.8102,0.0435685,0.760999,0.186356,2.71221,0.0408943,0,0.920555,0.766069,0.190686,0.120068,1.0042
118.050249433,0.884067,0.279186,0.244854,0.146419,3.1975,0.00963561,0,0.215323,1.20428,0.0556503,0.196267,0.970734
118.096689342,1.00339,0.483971,0.000767757,0.0242092,3.36478,0.00309329,0.316803,0.178338,0.98201,0.200693,0.211373,0.5046
118.143129252,1.17509,0.694593,0,0.0646887,3.16119,0.00284124,0.459403,0.364115,0.920508,0.371329,0.413188,0.622291
118.189569161,1.33349,0.799545,0,0.159003,3.23381,0,0.58463,0.448784,0.917191,0.398388,0.508841,0.733869
118.236009070,0.831312,0.667737,0.00590617,0.198781,3.10332,0.00399702,0.700005,0.505758,1.17024,0.660972,0.469968,0.763541
118.282448980,0.825595,0.434971,0.499715,0,2.92401,0.0160089,0.436006,0.515505,1.39025,0.482982,0.204409,1.18038
118.328888889,0.620563,0.354726,0.538013,0,2.96389,0.0638147,0.0344863,0.278839,1.57657,0.251184,0.261734,1.27118
118.375328798,0.405747,0.32276,0.650905,0.00101322,2.48007,0.37862,0.0244718,0.432355,1.58443,0.0681115,0.165374,1.35675
118.421768707,0.492995,0.466565,1.2236,0.0059864,1.58574,0.224808,0.0269599,0.529962,1.58368,0.0154376,0.159599,1.29195
118.468208617,0.7125,0.420758,1.18098,0,0.618041,0.373629,1.03757,0.507355,1.1898,0,0.22312,1.89264
118.514648526,0.67801,0.357338,1.10011,0.0543257,0.339644,0.235849,1.6239,0.085694,0.447099,0,0.318825,2.24932
118.561088435,0.585705,0.131699,0.893596,0.524016,0.0955174,0.194069,1.60041,0.0445386,0.527335,0,0.0344738,2.64755
118.607528345,0.269187,0.100077,0.346755,0.369359,0.225431,0.0309625,1.38834,0.0840668,0.704789,0.232682,0.0780306,2.89187
118.653968254,0.235827,0.643971,0.388243,0.326257,0.395921,0.0220479,0.767191,0.53866,0.574198,0.705972,0.23042,2.23738
118.700408163,0.523092,1.14706,0.596711,0.299433,0.446015,0.0250852,0.344593,1.31917,0.155825,0.666556,0.361388,1.25894
118.746848073,0.594596,1.15887,1.45436,0,0.466703,0.0275456,0.210649,2.39127,0.237511,0.110502,0.2476,1.06254
118.793287982,0.39441,0.567284,2.00174,0.00241065,0.295231,0.0266194,0.206829,3.37759,0.447645,0.03929,0.000373767,1.31605
118.839727891,0.534105,0.628269,1.71367,0.0254709,0.118516,0.0479851,0.0376109,3.69167,0.473955,0.0940921,0.000623093,1.61407
118.886167800,0.603058,0.39162,0.994297,0.103062,0.0907478,0.176026,0.721678,1.71796,0.510462,0.0652523,0.172604,1.83708
118.932607710,0.745658,0.772861,0.803235,0.415735,0.0550806,0.173984,1.0794,0.805948,0.175354,0.0619369,1.06914,1.28834
118.979047619,1.11868,0.861872,0.540521,0.699499,0.0631451,0.0343073,1.1009,0.195223,0.561572,0.0707038,1.71397,0.392582
119.025487528,1.1367,0.586631,0.238884,0.821419,0.148301,0.0560548,1.26906,0.107468,0.936142,0.105735,1.74598,0.195187
119.071927438,0.723114,0.690684,0.382196,0.913594,0.142423,0.0935902,1.39345,0.47406,1.03619,0.125306,1.70797,0.348339
119.118367347,0.668055,0.607054,0.966582,0.705811,0.0861663,0.0677571,1.41013,0.819582,0.888861,0.103685,1.72073,0.428225
119.164807256,0.313879,0.74566,2.15046,0.00401241,0.0270813,0.0643468,1.50836,1.59693,0.388842,0.127103,1.6825,0.582422
119.211247166,0.275266,0.764515,2.07397,0.00306765,0.0111938,0.0563067,0.771544,2.29849,0.105516,0.713871,0.911731,0.721939
119.257687075,0.190684,0.603994,1.99113,0.0132417,0.0484969,0.400594,0.14378,2.22938,0.122009,0.883754,0.773265,0.838264
119.304126984,0.237567,0.616896,1.78293,0.0134184,0.086792,0.389735,0.185045,2.02666,0.100382,0.765532,0.856097,1.31666
119.350566893,0.391868,0.865016,1.23913,0,0.210203,0.537131,1.03281,1.71154,0.162134,0.619865,0.499311,1.26829
119.397006803,0.722551,1.27709,0.475978,0,0.305096,0.545299,1.45849,1.22599,1.02729,0.218573,0.907682,0.409605
119.443446712,1.14999,1.62772,0,0,0.393688,0.382052,1.71294,0.740726,1.15964,0.0618533,1.34352,0.218981
119.489886621,1.26109,1.59694,0.0249352,0,0.688711,0.218018,1.50068,0.241788,1.28893,0.0895061,0.950161,0.229249
119.536326531,1.29883,1.37663,0.0955014,0,0.421024,0.084231,1.27136,0.126969,1.1573,0.412466,0.831036,0.327228
119.582766440,1.08386,1.56577,0.0109887,0.0161709,0.0354853,0.350999,1.17859,0.135489,1.05156,0.641727,0.555327,0.434527
119.629206349,0.770829,1.86635,0.0421967,0.218009,0.0765022,0.308728,0.881298,0.242122,0.970542,0.755048,0.193941,0.433579
119.675646259,0.414413,2.00693,0.218905,0.14176,0.115596,0.334798,0.629821,0.369886,0.849931,0.633092,0.00681683,0.395546
119.722086168,0.587002,1.09349,0.793988,0.306941,0.134877,0.300943,0.449538,0.748991,0.929481,0.298768,0.223823,0.257397
119.768526077,0.95213,0.636464,1.32879,0.0647314,0.218339,0.164285,0.407941,1.07047,0.64376,0.0943,0.402059,0.212476
119.814965986,0.898713,0.43527,1.26774,0.141388,0.601305,0.407049,1.03138,1.36238,0.531796,0.0978293,0,0.19639
119.861405896,1.04961,0.909111,0.589108,0.412655,0.380567,0.46782,0.800188,1.32961,0.736756,0.704841,0.258821,0.296308
119.907845805,0.97886,1.00657,0.357828,0.371087,0.698311,0.363002,0.485595,0.784477,1.64048,0.326794,0.618473,0.943328
119.954285714,1.45263,0.820968,0.276715,0.418657,1.0002,0.341773,0,0.784748,1.16452,0.104211,0.332096,0.470581
120.000725624,1.36,1.03432,0.382555,0.644022,1.01595,0.716324,0,1.42882,0.301347,0.26772,0.0215775,0.35324
120.047165533,1.28471,0.898616,0.393724,0.721594,0.972477,0.754968,0.00319305,1.53519,0.237997,0.301496,0.0176613,0.623337
120.093605442,1.26984,0.800244,0.433323,0.705766,0.795708,0.75158,0.457815,1.4691,0.127984,0.223225,0.0304504,1.6883
120.140045351,0.893759,0.583278,0.454146,0.606918,0.764346,0.595063,0.849978,1.26513,0.220938,0.22697,0.0271094,3.05092
120.186485261,0.553562,0.0281782,0.176967,0.394474,0.744877,0.571153,0.845802,0.878368,0.615637,0.207944,0.0738869,3.38853
120.232925170,0.409284,0.0268459,0.0929876,0.525206,0.207514,0.0209774,0.826226,1.00027,0.722124,0.0301597,0.0816742,3.21353
120.279365079,0.3854,0.312475,0.155875,0.434897,0.167283,0.0251848,0.771224,1.18559,0.618971,0,0.13448,2.97886
120.325804989,0.375595,0.491357,0.174457,0.577434,0.141219,0.0297442,0.755403,1.2272,0.348019,0,0.122656,3.16068
120.372244898,0.327944,0.786916,0.114329,0.481321,0.132708,0.0340337,0.738918,1.34787,0,0.0301698,0.110187,2.84641
120.418684807,0.653623,0.709947,0.357773,0.729452,0.000687648,0.123342,0.673921,1.6146,0.0354047,0.0166377,0.0486994,2.00144
120.465124717,0.802955,0.788165,0.683626,0.689108,0.198327,0.148998,0.274086,1.66154,0.323329,0,0.191613,1.06985
120.511564626,0.726519,1.07236,0.777669,0.58857,0.375637,0.0476039,0.0275125,1.57923,0.414063,0.0816381,0.759929,0.889974
120.558004535,0.373149,1.14632,0.927092,0.394167,0.514374,0.0594523,0.0138305,1.56438,0.445986,0.199909,1.36393,0.693203
120.604444444,0.216628,1.08433,1.50826,0.184174,0.339187,0.158437,0.0373703,1.24218,0.370297,0.213755,1.7427,0.364835
120.650884354,0.0279981,0.9132,1.43292,0.327402,0.0609359,0.168854,0.536199,0.923067,0.0833752,0.523985,1.74571,0.245938
120.697324263,1.38296,1.03591,0.857209,0.162913,0.0721434,0,0.226618,0.469686,0.0117973,0.606066,1.50619,0.60766
120.743764172,2.27025,0.577937,0.489189,0.104594,0.504748,0.516463,0.699782,0.352381,0.145256,0.583113,0.0167584,0.209891
120.790204082,2.17926,0.259434,0.476964,0.535653,0.431626,0.409542,0.603488,0.619083,0.196165,0.633662,0.0136135,0.183967
120.836643991,1.57592,0.041934,0.610378,0.45245,0.0193948,0.388088,1.11052,1.21384,0.0509054,0.749246,0.0291705,0.243074
120.883083900,0.641412,0.47005,0.346761,0.0214265,0.0371063,0.408579,1.47285,1.47098,0.0475143,0.749013,0.0897226,0.433745
120.929523810,0.0479579,0.861233,0.416184,0.00726803,0.0609703,0.300739,1.48685,1.53335,0,0.834033,0.213526,0.557701
120.975963719,0.113713,0.94582,0.376456,0.090555,0.0689875,0.172945,1.17162,1.42991,0,0.649839,0.279039,0.959063
121.022403628,0.152306,0.534824,0.467482,0.191282,0.0615814,0.0105741,0.667564,1.30183,0.022928,0.569011,0.257232,1.52164
121.068843537,0.297967,0.102117,0.525975,0.21687,0.348182,0,0.350504,1.13824,0.17586,0.45452,0.337757,1.93475
121.115283447,0.383681,0,0.56915,0.182789,0.679938,0.000212971,0.462845,0.910442,0.221484,0.3747,0.505886,1.81408
121.161723356,0.299043,0.230208,0.604591,0.157703,0.879615,0.282966,0.563572,0.835463,0.134106,0.441911,0.444315,1.61518
121.208163265,0.35331,0.248727,0.589001,0.126633,0.822572,0.206702,0.504033,1.09819,0.145411,0.235264,0.337783,1.94715
121.254603175,0.368585,0.175606,0.838051,0.0133993,0.837261,0,0.242013,1.26041,0.336582,0.0101741,0.338625,2.30236
121.301043084,0.602878,0.999668,0.54099,0.00864043,0.777194,0,0.032073,1.64425,0.162497,0.135411,0.261677,1.64319
121.347482993,0.937337,1.3096,0.236024,0.000949123,0.754888,0.0106027,0.00793879,1.58368,0.000757193,0.343717,0.246332,0.771681
121.393922902,1.24507,1.13213,0.105112,0,0.352684,0.00860247,0.261958,2.03739,0.126349,0.339947,0.145749,0.530732
121.440362812,1.67133,1.26541,0.389015,0.0081786,0.59218,0.0117971,0.184114,1.87768,0.228568,0.158869,0.0548715,0.343781
121.486802721,1.35072,0.764053,0.801819,0.172644,0.767585,0.0648839,0.0166193,1.77199,0.207118,0.0763118,0.0435153,0.406401
121.533242630,0.458684,0.428802,1.10069,0.286685,0.984807,0.145258,0.174489,1.723,0.182676,0,0.0998322,0.555286
121.579682540,0.0832982,0.256527,0.914439,0.468972,0.627382,0.206123,0.821553,1.08317,0.279998,0,0.0608004,1.53129
121.626122449,0.00071752,0.156066,0.296406,0.821245,0.298982,0.304859,0.691184,0.947083,0.370345,0.214028,0.0372198,3.03014
121.672562358,0.000541672,0.197482,0.045776,0.917966,0.330246,0.151102,0.536121,1.05096,0.07147,0.37619,0.0240473,3.6002
121.719002268,0.420844,0.350875,0.0306841,0.635274,0.0444902,0,0.277194,1.2476,0,0.351158,0.0904387,3.81286
121.765442177,0.146737,0.573714,0.609344,0.293156,0.22015,0.0404678,0.297678,1.42455,0.61028,0.0884808,0.0673627,3.62144
121.811882086,0.135726,0.427924,0.727071,0.29821,0.369456,0.0661594,0.398929,1.50394,0.700417,0.407713,0.108073,3.12967
121.858321995,0.103123,0.464447,0.796569,0.390041,0.350542,0.0799762,0.759809,1.48189,0.633714,1.17341,0.101877,2.09744
121.904761905,0.147844,0.35368,0.963373,0.337535,0.34425,0.0695748,0.912895,1.14957,0.582973,1.95725,0.189352,1.29993
121.951201814,0.176555,0.187768,0.74187,0.290349,0.978299,0.0280607,0.449971,0.677412,0.884232,2.37198,0.0966105,0.794976
121.997641723,0.209194,0.189594,0.227188,0.761171,1.532,0.0149779,0.115661,0.429851,1.42475,2.80584,0.0877476,0.613512
122.044081633,0.247842,0.220913,0.878506,0.28873,0.631817,0.518297,0.35238,0.390013,0.0029974,2.82906,0.529806,0.547104
122.090521542,0.254694,0.537091,0.766667,0.0217645,0.53902,0.651427,0.37615,0.454071,0.0849762,2.64657,0.283882,1.18213
122.136961451,0.168349,0.393759,0.816352,0.0650089,0.825467,0.807552,0.380807,0.139788,0.603272,2.40136,0.0599567,1.70036
122.183401361,0.284474,0.387696,0.544869,0.127614,1.1822,0.731642,0.346857,0.0881335,0.644989,1.99356,0.130203,1.95955
122.229841270,0.312925,0.306263,0.404643,0.134285,1.37113,0.637913,0.486279,0.123381,0.684644,1.54047,0.0953921,2.15202
122.276281179,0.58456,0.143462,0.386928,0.0822113,1.51286,0.314226,0.558025,0.555699,0.561826,1.0405,0.0436489,2.2217
122.322721088,1.2603,0,0.545187,0.19127,1.86202,0.0219504,0.651163,0.492586,0.216626,0.746642,0.0219176,2.0179
122.369160998,0.940006,0,0.464379,0.525977,1.79388,0.621168,0.770193,0.465235,0,0.529253,0.0272026,2.49646
122.415600907,0.191221,0,0.379639,0.516559,0.842759,1.20702,0.775903,0.689267,0.0450728,0.407781,0,3.40868
122.462040816,0.233579,0.0575042,0.275285,0.705023,0.110144,1.17137,0.719135,0.533735,0.205422,0.27956,0,3.5964
122.508480726,0.235239,0.0348991,0.120884,0.595793,0.266889,1.36956,0.722505,0.39742,0.368972,1.00393,0.413831,2.80571
122.554920635,0.237749,0.018478,0.0576588,0.339819,0.670643,1.35008,0.130306,0.0779825,0.45493,1.96626,0.0492045,2.14089
122.601360544,0.173965,0.0568689,0.0648983,0.371266,0.59878,1.03478,0.160967,0.420611,0.307228,2.29959,0.132703,1.76951
122.647800454,0.0413759,0.308576,0.599998,0.837005,0.919852,0.503886,0.661675,0.461074,0.324215,1.96466,0.263232,1.50674
122.694240363,0.0335933,0.742424,0.841176,0.902266,0.372833,0.356487,0.89753,0.577126,0.453464,0.174213,1.10966,1.48215
122.740680272,0.0302037,0.757367,0.62105,0.352695,0.21653,0.211362,1.01215,0.735141,0.395568,0.189643,1.64369,1.45674
122.787120181,0.119483,0.604367,0.508721,0.0669758,0.233144,0.421134,1.24099,0.618302,0.419515,0.13423,1.56595,1.45389
122.833560091,0.258451,0.81056,0.448879,0.115261,0.719664,0.834795,0.823408,0.223069,0.256182,0.00979825,1.59003,1.52141
122.880000000,0.164773,0.498481,0.547092,0.379916,1.10113,0.172866,0.0944736,0.233648,0.22854,0,1.26296,1.93067
122.926439909,0.0457814,0.282806,0.56729,0.369021,1.03786,0.0470936,0.133686,0.283644,0.425955,0,0.82804,2.36253
122.972879819,0.05832,0.268593,0.59302,0.465558,0.990546,0.0405104,0.156118,0.159285,0.426994,0.012513,0.64139,2.547
123.019319728,0.0498232,0.24581,0.611275,0.350406,0.891842,0.039367,0.106281,0.302055,0.45873,0.104113,0.655286,2.7307
123.065759637,0.00296997,0.209285,0.459624,0.388149,0.675757,0.0387111,0.0993047,0.566487,0.47429,0.331715,0.948464,2.68062
123.112199546,0.469263,1.04925,0.508277,0.902108,0.0171646,0.0660864,0.158723,0.554147,0.244744,0.574971,0.915192,2.04218
123.158639456,1.15067,0.718384,0.11817,0.597188,0.0110979,0.0156725,0.647797,0.919567,0.117992,0.563479,0.0284108,1.182
123.205079365,1.3554,0.529593,0.106509,0.521447,0.125976,0.0722748,0.763221,1.08216,0.0439701,0.410572,0,1.06921
123.251519274,1.05344,0.110733,0.376543,0.629275,0.264906,0.0472498,0.746605,1.00325,0,0.27912,0,1.52968
123.297959184,0.230471,0.0725031,0.377,0.567886,0.648682,0.435995,0.356988,0.336687,0,0.225957,0,2.19655
123.344399093,0,0.105808,0.265138,0.602597,1.24766,0.541437,0.340857,0.0573294,0.000343883,0.150041,0,2.81349
123.390839002,0,0.0864253,0.2102,0.56746,1.45323,0.579811,0.477667,0.121055,0.000786759,0.12122,0,3.48629
123.437278912,0.0141357,0.17438,0.106802,0.587765,1.10242,0.0977025,0.645503,0.169579,0,0.503362,0,3.93913
123.483718821,0.000145398,0.33919,0.28205,0.424361,0.702975,0.494426,0.786663,0.076952,0.00668377,0.300643,0,3.94063
123.530158730,0.255548,0.263603,0.242708,0.174226,0.87105,0.75895,0.776262,0.358687,0.356705,0.968303,0.366878,3.20969
123.576598639,0.846094,0.727186,0.70986,0.193711,1.21725,0.597303,0.156262,0.312989,0.49912,1.62864,0.670042,1.26498
123.623038549,0.884491,1.21029,0.848288,0.205136,1.25786,0.521582,0.278411,0.292524,0.573856,1.955,0.619956,0.638779
123.669478458,0.740601,1.14652,0.922472,0.0794117,1.39667,0.500378,0.215473,0.105189,0.534165,2.05125,0.598114,0.520794
123.715918367,0.541435,0.623935,0.959077,0.00906481,2.15728,0.360546,0.316871,0.0926144,0.524776,1.99252,0.423969,0.546611
123.762358277,0.164892,0.209285,0.589475,0.0616907,1.47719,0.0256669,0.549897,0.129625,1.45998,2.01217,0,0.834567
123.808798186,0.263982,0.845447,1.05888,0.903376,1.10938,0.036658,0.431279,0.402907,0.487035,2.42358,0,0.0126507
123.855238095,1.1613,0.799197,1.06792,0.209674,0.982811,0.0640902,0.681275,0.49595,0.311676,1.93354,0,0.050885
123.901678005,1.50485,0.549158,1.03528,0.0553075,1.12922,0.265097,0.908598,0.456706,0.431934,1.47843,0,0.133578
123.948117914,1.51501,0.397393,0.904971,0.0692394,1.52105,0.527942,0.794701,0.354181,0.37093,1.0191,0,0.166419
123.994557823,1.44987,0.438366,0.796335,0.183121,2.00608,0.676187,0.828885,0.189369,0.389504,0.583711,0,0.448974
124.040997732,0.470854,0.583806,0.414483,0.431489,2.24894,0.543717,0.148193,0.387938,0.888243,0.342558,0.827275,0.482119
124.087437642,0.992288,0.575354,0.125592,0,2.1499,0.330876,0.240751,0.268963,1.13785,0.235885,0.72754,0.206254
124.133877551,1.62293,0.399293,0.190268,0.0198758,2.35624,0.0593322,0.253045,0.103595,1.18965,0.53866,0.705099,0.224012
124.180317460,1.93932,0.347098,0.392833,0.0858072,2.34262,0.0366913,0.284773,0.0707068,1.02738,0.524603,0.542015,0.217646
124.226757370,1.72606,0.16066,0.679871,0.165482,1.9113,0.0260532,0.358812,0,0.62564,0.357906,0.741799,0.9828
124.273197279,1.35236,0.122392,0.264539,0.520424,1.64911,0.00305367,0.506974,0,0.694283,0.445256,0.84484,1.43304
124.319637188,0.869621,0.132998,0.133754,0.575367,1.57011,0,0.450353,0.225737,0.592903,0.416418,0.990937,1.74592
124.366077098,0.323875,0.298369,0.277253,0.629531,1.68444,0,0.883458,1.19577,0.642005,0.404847,0.344421,0.913654
124.412517007,0.172246,0.227052,0.54548,0.401166,1.12341,0.087862,1.22043,1.9186,0.145137,0.672638,0,1.49093
124.458956916,0.172648,0.246345,0.636591,0.075584,0.615654,0.152039,1.47501,1.99131,0.136435,0.743212,0.508829,0.917968
124.505396825,0.220715,0.27443,0.695508,0.0799108,0.434813,0,1.60004,1.76626,0.129436,0.752517,0.542767,0.908405
124.551836735,0.175722,0.247798,0.740471,0.0560041,0.427625,0,1.84655,1.31396,0.119309,0.83204,0.404776,1.14529
124.598276644,0.449658,0.333799,0.592662,0.0754523,0.620903,0.00553069,1.76878,0.729076,0.141131,1.69307,0.152044,1.3901
124.644716553,1.61595,1.16096,0.00156459,0.046524,1.40581,0.0945659,0.916844,0.242158,0.076727,2.12964,0,0.145641
124.691156463,1.697,0.672089,0.000198081,0.29051,1.86949,0.0615107,0.00452595,0.167407,0.0520728,2.46078,0.0334523,0.839014
124.737596372,1.67598,0.373952,0.0010106,0.612592,1.69201,0.0429545,0.0513429,0.201234,0.00822462,2.18847,0.0527147,1.40068
124.784036281,1.56324,0.229414,0.00313951,0.598289,1.73034,0.381236,0.610171,0.0410583,0,1.78241,0,1.67753
124.830476190,1.04776,0.173784,0.0506661,0.622025,1.80581,0.486892,0.524481,0.0148134,0,1.41621,0.0474587,2.09518
124.876916100,0.714984,0.154586,0.130987,0.502788,1.71722,0.585795,0.807794,0.000933842,0.00896563,1.28642,0.463568,2.30733
124.923356009,0.463924,0.616774,0.194904,0.240112,1.47806,0.702922,1.13378,0.0525967,0.0779998,0.774792,0.718977,2.13729
124.969795918,0.287894,0.586305,0.209336,0.386637,0.917777,0.52044,1.13598,0.260651,0.486594,0.251586,0.905895,1.71386
125.016235828,0.00275369,0.361032,0.490121,0.252624,1.44601,0.614311,0.538552,0.458241,0.538993,0.0163174,1.47341,1.0446
125.062675737,0,0.420318,0.501653,0.275179,1.99803,0.595439,0.371257,0.697168,0.306585,0.00295147,1.5929,0.489477
125.109115646,0.0402479,0.533029,0.425781,0.213146,2.38503,0.540434,0.314418,0.741094,0.106056,0.00435344,1.55089,1.00587
125.155555556,0.00759313,0.381404,0.303782,0.133342,2.97132,0.319673,0.0639744,0.760817,1.20165,0.000324541,1.11147,1.44792
125.201995465,0.394612,0.507125,0.147246,0.0972081,3.56084,0.0384293,0.0196578,0.434739,1.58072,0.0171603,0.0784398,1.46493
125.248435374,0.550106,0.525581,0.0604216,0.0190675,3.13804,0.187347,0.0322474,0.751168,1.20238,0.0802416,0.291198,1.57601
125.294875283,0.825675,0.364307,0.735621,0.450193,0.993574,0.767477,0.0533071,0.534455,0.77318,0,0.333693,1.83243
125.341315193,0.936951,0.620564,0.815542,0.961616,0.422758,0.85699,0,0.583267,0.714532,0.64269,0.399122,1.0509
125.387755102,0.903706,0.47601,0.88183,1.0143,0.348131,0.836454,0.0633154,0.778198,0.825155,0.955758,0.433472,0.857843
125.434195011,0.828835,0.380232,0.811622,0.930407,0.245585,0.709181,0.239173,0.825599,0.786038,1.01311,0.468002,0.904118
125.480634921,0.674,0.203738,0.616806,0.561462,0.352151,0.527675,1.08665,0.809285,0.749714,0.997501,0.275729,0.900652
125.527074830,0.186432,0.298355,0.485022,0.0976148,0.296506,0.240761,1.25633,0.599867,1.927,0.792265,0.391572,1.17866
125.573514739,0.208338,1.01061,0.52188,0.39522,0.908318,0.0215899,1.0963,0.259859,2.00595,1.00383,0.507632,0.643997
125.619954649,0.190783,0.155393,0.450722,0.547442,2.03755,0.0321672,0.624561,0.742459,1.56551,1.14214,0.138855,0.125689
125.666394558,0.262116,0.124206,0.635489,0.504861,1.98358,0.214113,0.576402,0.709348,1.21322,1.00037,0.537806,0.0470729
125.712834467,0.328829,0.327202,0.917023,0.691207,1.68584,0.327321,0.808643,0.490649,1.00639,0.814717,0.725529,0.137686
125.759274376,0.279659,0.53701,0.942487,0.726713,1.54149,0.366758,0.815336,0.473299,0.767488,0.579383,0.754755,0.165161
125.805714286,0.167462,0.488728,0.482632,0.631307,2.43587,0.259438,0.659886,0.96908,0.595907,0.29549,0.801914,0.0714516
125.852154195,0.327214,0.177018,0.203566,0.509577,2.92484,0.03703,0.830892,0.926993,0.750838,0.50983,0.454349,0.164809
125.898594104,0.360825,0.161292,0.220831,0.408866,3.33889,0.0157565,0.220939,0.958551,0.601061,0.740107,0.0884705,0.566282
125.945034014,0.107489,0.218359,0.14821,0.452517,3.15481,0.0456534,0.360412,1.76967,0.119484,0,0.0931985,1.58883
125.991473923,0.228904,0.278654,0.153595,0.177446,2.43632,0.375574,0.274371,1.39202,0.261038,0.577686,0.343959,1.57183
126.037913832,0.246495,0.391656,0.0313652,0.202938,1.47395,0.941474,0.228168,1.06074,0.450117,0.978513,0.433579,0.876792
126.084353741,0.284594,0.140735,0.0310931,0.0797372,1.21374,1.1923,0.246807,0.832015,0.575295,1.06851,0.307751,1.04856
126.130793651,0.360357,0.16638,0.168029,0.144778,1.00475,1.40072,0.204613,0.41702,0.586468,0.828246,0.0690284,1.75268
126.177233560,0.523321,0.157275,0.25609,0.235487,0.838933,1.11348,0.510173,0.141605,0.224049,0.856491,0.333086,1.73224
126.223673469,0.577733,0.880735,1.09613,0.159619,0.854428,0.185318,0.234856,0.476895,1.09878,0.179117,0.427808,1.25808
126.270113379,0.319561,1.07986,1.20267,0.0325388,0.621256,0.042951,0.59354,0.550678,1.27313,0.668671,0.373246,1.36007
126.316553288,0.116107,0.970112,1.11589,0.0472043,0.653573,0.0223357,0.697453,0.347499,0.934536,1.24654,0.141239,1.40474
126.362993197,0.0275779,1.1302,0.954566,0.0574918,0.996517,0.102528,0.682911,0.409019,0.44708,1.71318,0.0201192,1.20417
126.409433107,0.452997,1.11789,0.527392,0.0133222,1.36723,0.207104,0.351331,0.379969,0.200466,2.11323,0.336967,0.908503
126.455873016,0.139245,0.446235,0.203477,0.558089,1.38021,0.233872,0.746213,0.538552,0.475191,1.8454,0.686255,0.20939
126.502312925,0.108114,0.302553,0.328399,0.573412,1.27641,0.277669,0.845232,0.483332,0.465463,1.84203,0.766893,0.126751
126.548752834,0.102342,0.260127,0.359242,0.426955,1.24639,0.305477,0.730042,0.394218,0.517616,1.93839,0.699387,0.336467
126.595192744,0.0698691,0.211677,0.62306,0.341074,1.23284,0.271531,0.57586,0.336584,0.520044,1.99481,0.681986,0.495321
126.641632653,0.33198,0.0979647,0.884868,0.314725,1.06401,0.275571,0.413306,0.265291,0.462729,1.60508,0.464124,0.673504
126.688072562,0.564706,0.0618863,0.447118,0.0380203,1.81076,0.204531,0.293238,0.0536636,0.311089,1.81227,0.656708,0.732713
126.734512472,0.139936,0.122865,0.188333,0.00943854,2.42604,0.118495,0.347501,0.0802108,0.282151,1.12953,1.01511,1.02714
126.780952381,0.0293944,0.179956,0.155253,0,2.34563,0.0822682,0.511486,0.00776335,0.153809,1.04475,1.27536,1.26848
126.827392290,0.0596968,0.194347,0.241104,0,2.11202,0.189471,0.465817,0.0266289,0.139532,0.977734,0.900711,1.37976
126.873832200,0.166273,0.114549,0.277393,0.718808,2.05493,0.0493748,0.82207,0.0994023,0.113405,0.622553,0.669446,0.936994
126.920272109,0.480505,0.132045,0.354022,0.790291,2.42225,0,0.321894,0.468735,0.101189,0.557001,0.505931,0.670605
126.966712018,0.585801,0.141653,0.325976,0.397734,2.3592,0,0.243308,0.764727,0.0812452,0.644213,0.550564,0.960262
127.013151927,0.377879,0.162419,0.34314,0.172471,2.19617,0.0133688,0.174594,0.830312,0.37705,0.59605,0.550106,0.94201
127.059591837,0.201077,0.210351,0.474989,0.415229,1.82833,0.191476,0.0827491,0.688391,0.668707,0.676307,0.146011,0.888648
127.106031746,0.137384,0.33527,1.07945,0.752517,1.35432,0.255414,0.130494,0.441721,0.485406,0.137026,0.0558353,1.2257
127.152471655,0.0881292,0.163229,0.748559,0.903664,2.28636,0,0.165285,0.360393,0.165185,0.138462,0.147251,1.43397
127.198911565,0.149159,0.114334,0.31047,0.841434,2.6421,0.0817263,0.0786899,0.353819,0.0881376,0.506619,0.14442,1.24525
127.245351474,0.000480561,0.269456,0.361286,0.84523,2.64636,0.108866,0.0769896,0.601107,0,0.816653,0.0691155,1.00179
127.291791383,0.00119187,0.503404,0.512601,0.958494,2.70529,0.13053,0.0533649,0.702111,0.0609767,0.679742,0.0533935,0.597827
127.338231293,0.00065947,0.509871,0.786891,0.839401,2.97581,0.253387,0.0425128,0.573158,0,0.252704,0.421076,0.000482917
127.384671202,0.216073,0.27639,0.834004,0.502876,3.16536,0.0485342,0.0574635,0.597631,0,0.0174284,0.582119,0.000505194
127.431111111,0.461331,0.30073,0.780997,0.302621,3.15997,0.00777652,0.0809098,0.499278,0.245561,0.0896769,0.331882,0.0194673
127.477551020,0.462056,0.27557,0.703422,0.38404,3.00716,0.00245023,0.285717,0.312592,0.575686,0.243878,0.103838,0.549079
127.523990930,0.377833,0.214265,0.606253,0.6622,2.87757,0.080865,0.420076,0.122319,0.651095,0.308044,0.00663855,0.921095
127.570430839,0.394001,0.230054,0.523505,0.696618,2.87369,0.231687,0.598978,0.0115338,0.499293,0.245015,0.0220633,0.833149
127.616870748,0.129803,0.454639,0.288157,0.176601,3.30153,0.0221292,0.42797,0.0662352,0.521021,0.205569,0.0678037,0.715042
127.663310658,0.103876,0.719299,0.338204,0.31359,3.39385,0.0525372,0.180915,0.160852,0.299189,0.0998249,0.0394775,0.647227
127.709750567,0.122619,0.604765,0.287913,0.35783,3.40052,0.0872508,0.152113,0.492343,0.123438,0.0992733,0.0610633,0.454912
127.756190476,0.404762,0.325695,0.49933,0.0979758,3.29194,0.313501,0.0691392,0.64692,0.562697,0.126292,0.200724,0.378708
127.802630385,0.317982,0.2275,0.675833,0.13337,3.19821,0.19998,0.0156083,0.415701,0.490918,0.716596,0.43632,0.373256
127.849070295,0.083849,0.228186,0.82262,0.0839261,3.03401,0.111528,0.0517688,0.156922,0.242503,1.04987,0.543125,0.431613
127.895510204,0.0125035,0.229804,0.652305,0.285228,2.95913,0.121239,0.118559,0.0554993,0.27924,1.05833,0.594291,0.346126
127.941950113,0.117027,0.242885,0.3537,0.408375,2.99624,0.101885,0.0938782,0.142476,0.186388,1.05676,0.386936,0.160281
127.988390023,0.350532,0.506005,0.470282,0.291777,2.8926,0.0356068,0.0647253,0.480176,0.118382,1.172,0.485552,0.330505
128.034829932,0.41698,0.666387,0.735415,0.29694,3.09115,0.0163221,0.0254814,0.64801,0.053623,0.659392,0.542503,0.325112
128.081269841,0.368602,0.656368,0.628098,0.429937,2.99496,0.0223577,0.0269884,0.442309,0.0629107,0.746691,0.108131,0.985208
128.127709751,0.143661,0.494893,0.384731,0.503886,2.8091,0.0559596,0.0238947,0.370212,0.17987,0.84108,0.0320646,1.31738
128.174149660,0.0201853,0.238144,0.304962,0.516684,2.8087,0.0329785,0.0320055,0.497796,0.251836,0.886492,0.127186,1.00581
128.220589569,0.0396556,0.0992449,0.333436,0.611639,2.71057,0.00564412,0.0560008,0.755405,0.173086,0.893684,0.359233,0.595296
128.267029478,0.000377905,0.040329,0.460453,0.317024,2.84235,0.00988705,0.0727814,0.408826,0.192248,0.718907,0.418951,0.661003
128.313469388,0.000282837,0.00296133,0.62275,0.128018,3.07709,0.017789,0.127616,0.102749,0.244198,0.486006,0.368713,0.757278
128.359909297,8.34094e-05,0.00309223,0.79915,0.00640841,3.24642,0.148904,0.0569072,0.0444679,0.51233,0.127616,0.239575,0.784384
128.406349206,0,0.401749,1.03418,0.0114917,3.02899,0.206935,0.104939,0.0360976,0.835118,0.0624604,0.423005,1.08971
128.452789116,0.0791345,0.959251,1.02849,0.0112188,2.85214,0.150564,0.348359,0.0430025,0.684629,0.0890657,0.393341,1.2197
128.499229025,0.502518,1.01885,0.845067,0.00719365,2.94427,0.111504,0.486779,0.0433655,0.418502,0.111487,0.515293,1.03233
128.545668934,1.07135,0.733738,0.78731,0.0128852,2.94856,0.102516,0.591299,0.0697923,0.0441562,0.208517,0.743864,0.710432
128.592108844,1.22442,0.655876,0.722679,0.0174827,2.73132,0.0433329,0.81373,0.0540047,0.0337858,0.486086,0.856149,0.547462
128.638548753,0.831437,0.341281,0.632424,0.0150889,2.45105,0,0.990034,0.205469,0.0809873,0.442671,1.2309,0.563993
128.684988662,0.679034,0.189767,1.20695,0.0142631,2.16479,0.0556479,0.751639,0.48107,0.136087,0.103288,1.08176,0.728159
128.731428571,0.225573,0.306901,0.928274,0.223533,2.69681,0.118143,0.72856,0.525372,0.160905,0.0946342,0.853975,0.524823
128.777868481,0.409777,0.561581,0.868893,0.242211,1.91228,0.315004,0.549335,0.473368,0.233926,0.54585,0.245445,0.632401
128.824308390,0.429068,0.723343,1.55734,0.135597,2.08109,0.826972,0.322803,0.415696,0.515284,0.00286708,0.218558,0.506664
128.870748299,0.416184,0.700978,1.3931,0.00822349,2.10778,0.533069,0.0552241,0.21477,0.580721,0.0269203,0.303964,1.07848
128.917188209,0.538621,0.40046,0.986242,0,3.02246,0.161747,0.234036,0.302079,0.541279,0.0599939,0.351362,1.58059
128.963628118,0.589108,0.155787,0.695874,0,3.34975,0.0967095,0.336645,0.2934,0.640665,0.098647,0.309039,1.73524
129.010068027,0.441727,0.000607203,0.475179,0,3.69481,0.056521,0.421087,0.220983,0.805961,0.121418,0.169196,2.14672
129.056507937,0.0757919,0,0.447615,0,3.82874,0.00620451,0.540848,0.345983,0.925608,0.0608564,0.0387843,2.3593
129.102947846,0.0274994,0,0.730009,0.201013,3.19413,0.0181423,0.643038,0.343059,0.938324,0,0.0381202,2.38169
129.149387755,0.069104,0,0.920778,0.113796,2.68575,0.334014,0.454601,0.339053,0.750957,0,0.0655505,2.52729
129.195827664,0.0150462,0,1.03556,0.488851,2.19629,0.58977,0.325593,0.250343,0.953332,0,0.15162,2.26011
129.242267574,0,0,1.08383,0.315553,2.01509,0.587048,0.17736,0.147872,1.1613,0,0.250052,1.62752
129.288707483,0.157845,0.168612,1.01538,0.0668512,1.81174,0.745288,0.00129755,0.177886,0.929502,0.0174137,0.404369,0.885383
129.335147392,0.54029,0.496227,0.910132,0.0556873,1.71742,1.07916,0.0328814,0.263494,1.00102,0.0221542,0.720655,0.240047
129.381587302,0.67383,0.497041,0.613815,0.00714406,1.56998,1.16509,0.224969,0.300606,0.670548,0.414809,0.933715,0.152131
129.428027211,0.709713,0.318096,0.621869,0.010503,1.73417,0.799216,0.154648,0.192502,0.445992,0.592124,1.04832,0.783033
129.474467120,0.226622,0.0552291,0.815212,0.148517,2.40219,0.346666,0.358351,0.0924356,0.734962,0.58397,0.828398,1.05184
129.520907029,0.376976,0.0689655,0.667635,0.192507,2.57955,0.270592,0.214131,0.0244048,1.26835,0.243111,0.439697,2.27204
129.567346939,1.01436,0.0828682,0.631841,0.426792,2.47996,0.103634,0.586881,0.00695152,1.11843,0,0.09935,2.19943
129.613786848,1.12064,0.0312626,0.585707,0.657836,2.29086,0.0895953,0.880619,0.0113055,0.762358,0,0.091055,1.80625
129.660226757,1.06456,0,0.1392,0.824727,2.45391,0.113926,0.827493,0.0459123,0.283906,0,0.0885328,1.49734
129.706666667,0.583765,0,0.00185791,0.773443,2.42718,0.168165,0.578904,0.167392,0.55017,0.000464689,0.0773574,1.9002
129.753106576,0.276629,0.00183479,0.078173,0.626982,2.04461,0.180564,0.536891,0.175957,0.923016,0.071885,0.00850026,2.20283
129.799546485,0.0178957,4.0673e-05,0.109964,0.466039,2.54354,0.113006,0.514706,0.0523086,0.926641,0.107487,0.000297592,2.29905
129.845986395,0.0121701,0,0.0762853,0.369005,3.19764,0.11928,0.567297,0.0824027,0.392784,0.085505,0.000389035,2.27088
129.892426304,0,0,0.100143,0.237962,3.45114,0.200413,0.471294,0.049031,0.125311,0.0604403,0.058539,2.53369
129.938866213,0.0979391,0.172746,0.309258,0.257125,3.66939,0.172712,0.539698,0.0189908,0.0189617,0,0.769556,2.24967
129.985306122,0.118049,0.290695,0.52558,0.146329,2.90938,0,0.751955,0.132643,0.0306801,0.0195663,1.64491,1.87661
130.031746032,0.0362549,0.321428,0.486384,0.692255,2.37977,0,0.705181,0.183555,0.031284,0.0885162,2.09797,1.69375
130.078185941,0,0.439101,0.489599,0.797536,2.77422,0.0313197,0.396467,0.207862,0.0307297,0.523795,1.91641,1.57534
130.124625850,0,0.700274,0.304882,0.504304,3.07239,0.145168,0.241018,0.0669153,0.0914667,1.20824,1.45763,1.54017
130.171065760,0.1072,0.938942,0.259139,0,3.07509,0.404498,0.424381,0.0681665,0.0958213,1.93617,0.343216,1.40458
130.217505669,0.401876,0.346781,0.74935,0,2.7035,0.461015,0.707464,0.106945,0.281575,1.6831,0.0125733,1.02556
130.263945578,0.348347,0.338523,0.716172,0,2.4829,0.342609,0.789009,0.147304,0.504182,0.794468,0.350654,0.825172
130.310385488,0.0879744,0.223893,0.486329,0.00536247,2.33128,0.139316,0.791966,0.0973355,0.907384,0.353073,0.312455,1.48952
130.356825397,0,0.15404,0.0854601,0.167661,2.65963,0.0778135,0.263136,0.0905437,1.1927,0.371327,0.0221162,2.15891
130.403265306,0.0259374,0.111626,0.00230758,0.238903,2.76832,0.0696446,0.140793,0.0609154,1.06692,0.866938,0,2.67468
130.449705215,0.0526502,0.0913144,0.019643,0.189944,2.92498,0.0223324,0.296543,0.0331917,0.730263,1.20199,0,2.42785
130.496145125,0.0438669,0.0773607,0.0685854,0.205425,3.08072,0.0668657,0.238252,0.0242076,0.565129,1.32878,0.0272261,2.36045
130.542585034,0.0345867,0.0806893,0.129237,0.214761,3.20287,0.0337556,0.121491,0.0247857,0.452864,1.43523,0.046139,2.32779
130.589024943,0.0596707,0.0512071,0.209089,0.341398,3.22172,0.42627,0.160912,0.0083843,0.292725,1.54108,0.0101335,2.17432
130.635464853,0.13994,0.0544062,0.332866,0.526046,3.12545,0.26478,0.162751,0,0.14149,1.72482,0.016638,2.11957
130.681904762,0.0696594,0.0768038,0.343523,0.625578,2.99725,0.136306,0.29591,0.00103574,0.251479,1.7847,0.0949216,1.86449
130.728344671,0.00489768,0.125667,0.637661,0.676189,2.5588,0.12221,0.294521,0.138695,0.269769,1.75702,0.115008,1.43913
130.774784580,0,0.155613,1.28677,0.288627,1.80517,0.192324,0.210817,0.777803,0.288473,1.46577,0.0787183,1.0909
130.821224490,0,0.0784177,1.1331,0.169807,0.817615,0.39278,0.650727,1.13645,0.276852,1.49184,0.11248,1.04199
130.867664399,0.794291,0.0234647,0.778637,0.382881,0.721585,0.443823,0.660063,1.18703,0.191805,1.57723,0.143457,1.02684
130.914104308,1.28459,0,0.867568,0.583479,1.16416,0.204415,0.529144,1.42007,0.382938,1.3756,0.0748575,0.988083
130.960544218,1.30232,0.00736746,0.971844,0.401117,1.71591,0.0288925,0.294009,1.73624,0.459904,0.751579,0.0440099,0.891608
131.006984127,1.2465,0.00818723,1.08673,0.201524,2.08057,0.0310342,0.122383,1.58227,0.205528,0.603602,0.0377449,1.1993
131.053424036,0.476032,0.0270408,1.11155,0.191231,1.93088,0.0188977,0,1.41393,0.141818,0.727403,0.0237384,1.90278
131.099863946,0.140589,0.198088,0.633972,0.271042,1.86733,0.142082,0.0965959,1.23509,0.123927,0.856477,0,1.90584
131.146303855,0.405112,0.849595,0.00330354,0.329745,1.73157,0.0465588,0.481514,1.38624,0.111575,1.13393,0.00612767,1.5075
131.192743764,0.39749,0.704227,0.50585,0.297446,1.23067,0,0.754552,1.44108,0.103267,1.22544,0.185732,1.37164
131.239183673,0.216359,0.0469225,1.51501,0.181387,0.636918,0.00475906,0.534206,1.71996,0.104463,0.871226,0.349428,1.81383
131.285623583,0.00053688,0.00146848,1.54544,0.168194,0.639636,0.00763087,0.0968655,1.71933,0.103357,0.4148,0.413615,1.84669
131.332063492,0.0253423,0.0593846,1.55698,0.157814,1.24135,0.0155962,0.398208,1.3687,0.0260525,0.503221,0.560124,1.45601
131.378503401,0.00298897,0.19496,1.65646,0.028301,1.58508,0.0100411,0.433516,1.12238,0.0882026,0.890564,0.567887,1.73163
131.424943311,0.00556908,0.268001,1.98922,0,1.35088,0.00668671,0.431716,0.622436,0.0865295,1.22089,0.454451,1.87803
131.471383220,0,0.325675,1.92858,0.330159,0.766367,0.0440701,0.390045,0.5103,0.121313,1.7839,0.132451,1.88687
131.517823129,0.0171176,0.313722,1.7097,0.543636,0.810233,0.085381,0.270418,0.700921,0.144538,1.2664,0.99564,1.81679
131.564263039,0.100245,0.267137,1.66004,0.251987,0.798285,0.0626124,0.0138148,0.785966,0.412167,0.716978,1.01193,1.88792
131.610702948,0.102057,0.291948,1.59719,0.326619,0.79968,0.101339,0.0693641,0.834776,0.452088,0.568768,0.914355,1.73262
131.657142857,0.0855444,0.255951,1.45886,0.0673463,0.885156,0.0685547,0.284156,0.679281,0.334531,0.373189,1.01519,1.67852
131.703582766,0.0980545,0.302281,1.13416,0.0510937,1.04657,0.235455,0.275595,0.688911,0.208807,0.000273317,0.815556,1.94984
131.750022676,0.196792,0.249641,1.03798,0.0574566,0.911318,0.337501,0.202747,1.00785,0.0481646,0.151044,0.201202,2.77444
131.796462585,0.164066,0.128365,0.902309,0.293068,0.947573,0.161191,0.219928,1.63561,0.158447,0.0614076,0.132776,2.48892
131.842902494,0.0506968,0.00360333,1.06481,0.461258,1.00538,0.176397,0.100376,1.83086,0.398164,0.434682,0.133325,2.24023
131.889342404,0,0,1.06686,0.542839,0.949084,0.12972,0.15235,1.83134,0.213733,0.818263,0.0900017,2.37023
131.935782313,0.00532873,0,0.661098,0.384499,1.12359,0.0956247,0.274782,2.28288,0.0993207,1.08172,0.000289327,2.42253
131.982222222,0.0819084,0,0.370253,0.487162,1.02113,0.0135859,0.36592,2.3617,0.0907483,0.811941,9.05086e-05,2.68489
132.028662132,0.367336,0.382407,0.718626,0.367537,0.731334,0.0424981,0.38698,2.21086,0.0817776,0.00503278,0.392838,2.28745
132.075102041,0.280745,0.656255,0.635924,0.100126,0.536146,0.0646947,0.364845,2.06479,0.140749,0.00158608,0.461259,2.2279
132.121541950,0.124171,0.398202,1.35743,0.0278883,0.949565,0.0243218,0.179129,2.15337,0.101817,0.148897,0.0017345,2.23996
132.167981859,0.0131993,0.0159428,1.33566,0.165208,1.00792,0,0.223253,2.70157,0.0689656,0.924249,0.00154535,2.18968
132.214421769,0.000685721,0.00136036,1.33089,0.221277,1.0731,0.00344665,0.260887,2.92326,0.132592,1.13746,0.00142623,2.16466
132.260861678,0.0145958,0.00286838,1.37337,0.0839436,1.23491,0.104135,0.222345,2.95946,0.0686685,1.32837,0.001428,2.23134
132.307301587,0.000341549,0.00312469,1.31714,0,1.31936,0.121248,0.230968,2.90157,0.0589482,1.51036,0.00204998,2.32665
132.353741497,0.0903348,0.0173042,1.32098,0.00957497,1.40727,0.109658,0.200572,2.96344,0.108235,1.39188,0.0283758,2.06664
132.400181406,0.204398,0.124412,1.15378,0.0368672,1.38643,0.123176,0.0356986,2.92218,0.277783,1.08117,0.194802,1.98775
132.446621315,0.509268,0.18448,0.986539,0.284745,2.08305,0.0962035,0.0743045,2.81087,0.594133,0.440958,0.407155,1.49366
132.493061224,1.76401,0.093279,0.641179,0.0644759,2.84086,0.0533761,0.0575686,1.92473,0.881741,0.297828,0.546009,0.848988
132.539501134,2.26614,0.139776,0.323824,0,3.29689,0.255479,0.000322021,1.84134,0.699457,0.12851,0.347872,0.530411
132.585941043,2.57765,0.0254895,0.233596,0,3.47074,0.240064,0.0589429,2.0176,0.437437,0.0873464,0.196659,0.267642
132.632380952,3.34738,0.0764392,0.18399,0,3.35251,0.193089,0.06141,1.99705,0.636711,0.0268015,0.129076,0.0410702
132.678820862,3.36056,0.277617,0,0,2.948,0.120481,0.241601,2.00952,0.307932,0,0.121259,0.0069166
132.725260771,3.07053,0.46505,0.00199027,0,2.61624,0.0415547,0.49842,1.98047,0.0554866,0,0.0548984,0.097411
132.771700680,2.75873,0.442227,0.0103174,0,2.73319,0.0412794,0.647435,1.79119,0.0177107,0.00254959,0.045364,0.0779229
132.818140590,2.75254,0.157658,0.0612059,0,3.0675,0.0208184,0.588169,1.4105,0.0128823,0.0477319,0.137085,0.325429
132.864580499,1.9336,0.0547596,0.0869738,0,2.94615,0.0324377,0.689974,1.43813,0.0302083,0.496795,1.03549,0.664403
132.911020408,2.162,0.0213252,0.00518962,0.0217306,2.42035,0.0419383,0.684995,1.28011,0.316364,0.42301,0.933685,0.702664
132.957460317,2.27849,0.0874248,0,0.0785812,1.99194,0.0363432,0.765893,1.23207,0.219203,0.17558,0.654921,1.08441
133.003900227,2.36246,0.0449453,0,0.128375,1.84577,0.0534775,0.822647,1.53383,0.0871154,0,0.211847,1.29988
133.050340136,2.38793,0.0358538,0,0.0238129,2.17735,0.0697226,0.795061,1.88116,0.0262574,0.168514,0.000618544,1.22323
133.096780045,1.9681,0.181752,0.000396228,0,2.42417,0.0821414,0.539465,2.06053,0.0195152,0.922949,0.0260518,0.930175
133.143219955,1.81549,0.189701,0,0.0113793,2.19178,0.0467838,0.42275,1.81101,0.0104407,2.33567,0.109466,0.279295
133.189659864,2.22296,0.174021,0.197416,0.0141278,1.63001,0.0276237,0.409778,1.48585,0.00185395,2.6427,0.0391374,0.339807
133.236099773,2.64217,0.152913,0.0825134,0.196962,1.04074,0.105496,0.34716,1.32172,0.0242881,2.83749,0,0.542119
133.282539683,2.76742,0.1887,0,0.550637,0.514108,0.204907,0.329232,1.39403,0.102751,2.77971,0.000489176,0.738874
133.328979592,2.80116,0.151053,0,0.445085,0.564922,0.0551671,0.301352,1.57099,0.0245571,1.83275,0.157641,1.07387
133.375419501,2.47678,0.744359,0,0.0268577,1.38745,0.0500174,0.244198,1.96498,0,0.0299993,1.27996,1.02734
133.421859410,2.36963,0.964905,0.0225323,0.012305,1.65706,0.14488,0.133544,1.86695,0,0.138111,1.05258,1.6489
133.468299320,1.87683,0.95184,0,0.00153156,2.0072,0.0868979,0.161681,2.07699,0.00593115,0.211711,0.490892,1.99363
133.514739229,1.53019,0.687167,0.00070181,0.024239,2.17211,0.0778434,0.403167,2.30338,0,0.128119,0.28942,2.19836
133.561179138,1.17027,0.161268,0,0.191823,2.37298,0.0246796,0.438085,2.46513,0.00186472,0.276888,0.174617,2.04873
133.607619048,1.67937,0.0957769,0,0.121126,1.90233,0.0198756,0.569396,2.04468,0.0632561,0.369071,0.0984927,1.86742
133.654058957,2.7248,0.0520993,0.0456181,0.083231,1.21125,0.137624,0.689904,1.53098,0.152276,0.475252,0.0322466,1.26534
133.700498866,2.77673,0.0862938,0.0679615,0.0102338,1.185,0.170954,0.677446,1.58697,0.145674,0.718995,0.010138,1.173
133.746938776,2.77566,0.0782845,0.0887303,0.14939,1.10063,0.137434,0.440521,1.60902,0.475536,0.476381,0.000186839,1.01024
133.793378685,2.89599,0,0,0.0889227,0.72644,0.153044,0.448893,1.25033,0.763046,0.527075,0.00181575,0.927267
133.839818594,2.51059,0,0,0,0.90221,0.0475683,0.251943,1.10789,0.736204,0.552686,0.00264306,0.815182
133.886258503,1.83908,0,0.510941,0.00275372,1.24263,0.0460332,0.285674,1.10551,0.648228,0.610303,0.0026479,0.870313
133.932698413,1.1954,0.0659741,0.400946,0.0132728,1.62661,0.0423525,0.197217,1.7616,0.218733,1.29753,0.0024813,0.853572
133.979138322,1.48473,0.0843224,0.163424,0.0276014,2.04202,0.038145,0.175368,2.06431,0.0959118,1.50606,0.00190056,0.833281
134.025578231,1.84809,0.0957926,0.0467346,0.0214204,2.24288,0.0410901,0.151126,1.97518,0.0247311,1.46608,0.000483905,0.885745
134.072018141,2.0751,0.0892756,0.0704817,0.0459207,2.23677,0.0410761,0.156407,1.85027,0.0284807,1.52073,0.15957,0.662306
134.118458050,2.16167,0.077511,0.112698,0.234912,1.69828,0.0592201,0.0536006,1.63387,0.094114,1.65886,0.406665,0.276103
134.164897959,2.14821,0.0229631,0.368995,0.604677,1.08421,0.0349637,0.161602,1.64167,0.147749,2.04468,0.545849,0.0386634
134.211337868,2.17916,0.142502,0.557023,0.700314,1.14826,0.0938258,0.119243,1.86739,0.327524,2.05694,0.50632,0.0640323
134.257777778,1.76684,0.267276,0.867693,0.672562,1.90725,0.0842575,0.167554,1.80186,0.503457,1.80093,0.119644,0.6932
134.304217687,1.11949,0.23061,0.959501,0.452181,2.37191,0.196951,0.339508,0.871173,0.414471,1.88086,0.0888168,1.1245
134.350657596,0.221912,0.118755,0.249013,0.121459,2.37271,0.333,0.511919,0.0778421,0.358599,1.95062,0.0471146,1.41747
134.397097506,0.0362087,0.00614014,0.202156,0.0163581,2.79406,0.33631,0.602807,0.124696,0.362729,1.89439,0.0260279,1.53301
134.443537415,0,0.449515,0.0713342,0,3.21727,0.261971,0.442697,0.201522,0.239094,2.04557,0.102084,1.39674
134.489977324,0.0514701,1.15691,0.0512405,0,2.73435,0.586522,0.650732,0.192861,0.00590612,2.27307,0.115889,0.701214
134.536417234,0,1.46622,0.0511033,0,2.44925,0.963086,0.724871,0.111825,0.00631128,2.33965,0.124658,0.423226
134.582857143,0.0352652,1.35665,0.0209145,0.000879645,2.35019,0.668935,0.482803,0.145938,0.00735544,2.28803,0.0996821,0.9912
134.629297052,6.5361e-07,0.470371,0.000308679,0.0213529,2.59368,0.013779,0.493193,0.122643,0.00170264,2.17919,0.280182,1.36642
134.675736961,0.0272996,0.0117097,0.124855,0.12968,2.38405,0.0100259,0.56606,0.129153,0.00337949,2.029,0.936897,1.20651
134.722176871,0.076944,0.00296699,0.366005,0.458149,2.43927,0.0186399,0.46483,0.371479,0.00262214,1.98653,1.29822,0.993055
134.768616780,0.174548,0,0.334551,0.697482,2.32204,0.0112982,0.365569,0.606587,0.00120908,2.23698,1.38052,1.14639
134.815056689,0.212773,0.225729,0.157429,0.529921,2.55152,0.00246826,0.084671,0.568833,0.20879,2.769,0.990302,0.984706
134.861496599,0.978274,0.297822,0.196701,0.104521,2.18192,0.374512,0.131482,0.333941,0.529409,1.67704,0.746454,0.68216
134.907936508,1.68638,0.194947,0.271055,0.224858,2.06303,0.84915,0.416218,0.0469213,0.355118,0.469508,0.423941,0.9189
134.954376417,1.96747,0.09579,0.291449,0.390526,1.91066,0.636165,1.63731,0.0315134,0.148835,0.23934,0,1.43711
135.000816327,1.93975,0,0.141631,0.7761,1.90244,0.571031,2.35089,0.0408159,0.0426861,0,0,1.5843
135.047256236,1.356,0,0,1.10562,1.79698,0.816394,2.44188,0.0394272,0.0063264,0,0.0821872,1.79093
135.093696145,0.231064,0.0908385,0,1.42509,2.18484,0.484827,2.0736,0.0143113,0.0603521,0,0.808587,1.77879
135.140136054,0.18853,0.109007,0,1.38299,2.73889,0.126341,2.01492,0.00294234,0.309409,0,1.72049,1.21801
135.186575964,0.0352439,0.133823,0.0100227,1.12712,2.96458,0.14131,1.77863,0.0081491,0.158584,0.152977,2.05675,1.18208
135.233015873,0.1024,0.151945,0.0501942,0.718352,2.85742,0.0688666,1.56506,0.0160286,0.0755993,0.830269,1.73053,1.81269
135.279455782,0.393216,0.0750977,0.110946,0.154864,2.94496,0.203338,1.5376,0.146437,0.0392859,1.01163,1.05258,2.15627
135.325895692,0.569529,0.0965344,0.409704,0.136664,2.85061,0.383412,1.43879,0.102583,0.313325,0.699993,0.418287,1.97683
135.372335601,0.472639,0,0.656435,0.207751,2.80923,0.428291,1.18135,0.0411664,0.561992,0.084886,0.261807,1.75028
135.418775510,0.702501,0.000733326,0.905418,0.207048,2.40458,0.274141,0.837002,0.94443,0.36567,0.0991648,0.18254,1.61313
135.465215420,0.981132,6.05872e-05,0.94324,0.190333,2.38405,0.207435,0.373211,2.23958,0.249781,0.46288,0.0683048,1.29772
135.511655329,2.24343,0,0.720374,0.128937,2.00851,0,0.232521,2.38974,0.0902011,1.14755,0.0107655,0.258593
135.558095238,2.53887,0.316072,0.572409,0.0195852,1.60566,0.0841642,0.0756977,1.93602,0.225099,1.31386,0.10973,0
135.604535147,1.92446,0.585722,0.672783,0,2.06101,0.0902298,0.0924349,1.51218,0.343563,0.981813,0.183198,0.261779
135.650975057,0.875988,0.412336,0.670424,0.00349644,2.07572,0.0376796,0.33759,1.60856,0.176323,0.576922,0.187286,1.03298
135.697414966,0.429156,0.0778541,1.07762,0.0104594,2.14093,0.0102728,0.288214,2.13295,0.0789506,0.00752354,0.190712,2.21301
135.743854875,0.0502043,0.00796054,1.21137,0.00221574,2.0612,0.172155,0.120185,3.0084,0.0647403,0.0048856,0.128742,2.49151
135.790294785,0.000443349,0.0164787,1.2482,0,1.73108,0.334649,0.00699503,3.33495,0.0587096,0,0.311365,2.34256
135.836734694,0.0351351,0.110614,1.14185,0,1.43678,0.352029,0.010576,3.52434,0.0645035,0,0.632801,2.12612
135.883174603,0.182328,0.0112285,0.973379,0,1.5512,0.277969,0.0180007,3.43347,0.0310824,0,1.01075,1.93248
135.929614512,0.199552,0.136374,1.1495,0.00791714,1.5095,0.189831,0.00196018,3.62367,0.0410643,0,1.13608,1.91695
135.976054422,1.31838,0.244011,1.13193,0.0117266,1.17863,0.144977,0,3.66862,0.16406,0.103293,0.290265,1.91927
136.022494331,1.51578,0.804822,0.326011,0,1.78229,0.162163,0.00140853,3.31054,0.332881,0.422891,0.120402,1.36436
136.068934240,1.82481,1.1052,0,0,2.6047,0.105606,0.00162427,1.82759,0.615669,0.480005,0.173374,1.18216
136.115374150,1.87737,0.749276,0,0.0258778,2.95111,0.0145047,0.398245,0.555469,0.617935,0.108893,0.0709221,0.732605
136.161814059,1.37929,0.271555,0.218728,0.0960029,3.12389,0.00446285,0.322058,0.490636,1.03125,0.0623543,0.0177518,0.765548
136.208253968,0.534021,0,0.555559,0.0446617,2.90706,0.0170096,0.705932,0.537609,1.01683,0.0128228,0.00333265,1.1868
136.254693878,0.103903,0,0.59979,0,2.55126,0.161917,0.75027,0.388684,0.835347,8.08977e-05,0.00341797,2.29161
136.301133787,0.0101251,0,0.550467,0,2.38638,0.505295,0.640016,0.217382,0.974627,0,0.00276351,2.902
136.347573696,0,0,0.852087,0,2.43259,0.387777,0.526166,0.0302298,1.03815,0,0.070414,2.98574
136.394013605,0.272363,0.0186238,1.14837,0.00114655,2.23713,0.290762,0.30602,0.0799329,0.860553,0,0.306572,2.50847
136.440453515,0.554064,0.0776454,1.21254,0.00922796,2.07899,0.517191,0.316923,0.2578,1.00666,0,1.02231,1.67479
136.486893424,0.493797,0.112953,0.905827,0.00440245,1.83052,0.65385,0.459693,0.431296,0.545674,0,1.40695,0.776717
136.533333333,0.471739,0,0.61891,0.00365273,2.02647,0.629606,0.599728,0.217642,0.158484,0,1.66079,0.665914
136.579773243,0.128472,0,0.345595,0.0228083,2.63774,0.305532,0.693764,0.0835864,0.201806,0.0807142,1.54616,0.886827
136.626213152,0.346372,0.40899,0.385574,0.0195764,2.86464,0.214436,0.414553,0.237946,0.563859,0.373267,1.07832,0.96581
136.672653061,0.778144,0.628075,0.683309,0.0626038,2.58169,0.228344,0.406855,0.369661,0.79754,0.331064,0.361329,1.28347
136.719092971,0.533734,0.449089,0.677255,0.351985,2.49595,0.242272,0.409131,0.464025,0.76477,0.0183024,0.0220459,1.53234
136.765532880,0.568497,0.0783053,0.20337,0.640164,2.18228,0.24902,0.464246,0.321589,0.590807,0,0.00149467,1.49673
136.811972789,0.467434,0,0.020902,0.670078,1.80125,0.23701,0.352228,0.378305,0.738705,0.00100251,0.0171893,2.0403
136.858412698,0.202277,0,0.038964,0.564978,1.49638,0.22595,0.568698,0.394268,0.919332,0.00153525,0.024241,2.67217
136.904852608,0.0999465,0,0.0803141,0.270371,2.17697,0.0889252,0.702708,0.339251,1.05812,0.104154,0.00205212,2.9758
136.951292517,0.0814153,0,0.0573506,0.107248,2.90389,0.0585188,0.748915,0.432722,0.58994,0.124982,0.0016281,2.82562
136.997732426,0.131138,0,0.139817,0.110892,3.11379,0.0513774,0.435721,0.390818,0.00685127,0.124134,0.0191444,2.97271
137.044172336,0.222016,0.0409985,0.394041,0.122321,3.03436,0.464022,0.416539,0.12183,0.00555579,0.0885922,0.480901,2.97861
137.090612245,0.144581,0.159049,0.48512,0.112731,2.50135,0.462052,0.318264,0.176721,0.0163423,0.0265114,1.55817,2.28646
137.137052154,0.0406673,0.343031,0.481479,0.225497,1.91501,0.72205,0.284833,0.225613,0.0174563,0.107076,1.73454,1.7966
137.183492063,0,0.723035,0.308748,0.531283,2.32428,0.641745,0.268221,0.222811,0.0338663,0.463148,0.951024,1.53264
137.229931973,0.0294114,0.937632,0.280388,0.387543,2.93531,0.320593,0.14586,0.118256,0.0877171,1.35951,0.167631,1.50667
137.276371882,0.459538,0.848,0.171509,0,3.01828,0.369296,0.37175,0.0682305,0.110323,2.2291,0.10805,1.34792
137.322811791,1.69478,0.160478,0.173359,0,2.69653,0.438755,0.818506,0.0535768,0.279029,2.13197,0.0215445,0.794222
137.369251701,2.00283,0.109216,0.228273,0,2.18237,0.385469,0.820431,0.0539644,0.489576,1.53248,0.145789,0.612284
137.415691610,1.9495,0.0865646,0.281142,0.00408428,1.82087,0.212556,0.97238,0.0189201,0.763702,1.09851,0.174949,0.481885
137.462131519,1.59846,0.0446246,0.255482,0.0471854,2.32596,0.0738351,0.663269,0.0278997,1.08265,0.889383,0.0878705,0.701589
137.508571429,0.952455,0.10708,0.210892,0.202911,2.4518,0.0280977,0.391339,0.0249203,1.01605,1.37924,0.069116,0.932527
137.555011338,0.06362,0.116722,0.279832,0.247261,2.84003,0.0372652,0.409778,0.0592391,0.794821,1.37426,0.0517469,1.52298
137.601451247,0.0133239,0.155484,0.16891,0.193707,3.16981,0.0307055,0.329264,0.0347188,0.628636,1.38929,0.0363201,2.04746
137.647891156,0.0209556,0.16148,0.0788703,0.154181,3.28628,0.0247663,0.244522,0.0353701,0.421989,1.55498,0.110179,2.24331
137.694331066,0.0577986,0.10371,0.0532143,0.1855,3.33254,0.346535,0.265624,0.0467209,0.27153,1.55648,0.0492169,2.43469
137.740770975,0.163405,0.065006,0.0576623,0.42368,3.19151,0.306491,0.223322,0.0297857,0.0157789,1.71377,0.0249834,2.66912
137.787210884,0.0884607,0.0863139,0.256169,0.551746,2.98064,0.135327,0.278208,0.00792368,0.187583,1.75099,0.0903888,2.69782
137.833650794,0.0193595,0.0868166,0.481173,0.703136,2.59091,0.133391,0.314879,0.102009,0.232558,1.76041,0.108937,2.45502
137.880090703,0.00193177,0.0296747,1.24178,0.411389,1.9626,0.132653,0.716808,0.605865,0.20361,1.57017,0.100162,1.7505
137.926530612,0.00258357,0.053243,1.4469,0.328723,0.716272,0.124813,0.913917,1.04221,0.253982,1.54497,0.178264,1.45612
137.972970522,0.165353,0.0856389,1.14677,0.369579,0.814759,0.190364,0.73295,1.17602,0.228404,1.75773,0.128625,1.29121
138.019410431,0.612047,0.0849182,1.16854,0.557258,1.37095,0.168612,0.0377338,0.900411,0.417249,1.724,0.00843689,1.37815
138.065850340,0.65768,0.0513091,1.12404,0.420661,1.65703,0.0201208,0.0388635,1.10966,0.55341,1.2903,0.0500776,1.6444
138.112290249,0.593457,0.0764029,0.945256,0.123862,1.75617,0.0211778,0.025423,1.18395,0.289332,1.23317,0.0569614,1.70023
138.158730159,0.1666,0.436833,1.11197,0.17043,1.8383,0.0312908,0.10087,1.07707,0.164213,1.35733,0.0463717,1.73871
138.205170068,0.000373038,1.24717,0.698208,0.371641,1.44718,0.136817,0.331328,0.797494,0.126238,1.60847,0.042284,1.54892
138.251609977,0.162963,1.47165,0.113258,0.393293,1.24903,0.0345233,0.907061,0.761204,0.119199,1.57581,0.1746,1.12737
138.298049887,0.180848,1.40948,0.298651,0.387492,0.758245,0,1.08114,0.590834,0.106424,1.26144,0.216404,1.55966
138.344489796,0.140869,1.1116,1.12105,0.331665,0.386927,0,0.82601,1.08094,0.0998063,0.972251,0.226124,2.00787
138.390929705,0.0284992,0.213723,1.64452,0.22773,0.61116,0,0.350243,1.50241,0.105286,0.939745,0.189259,1.95443
138.437369615,0.0101766,0.0580128,1.46586,0.161292,0.957789,0,0.330868,1.45292,0.0573656,0.749147,0.674801,1.40805
138.483809524,0.000379852,0.170105,1.64124,0.0876837,1.16354,0,0.390542,1.14152,0.0577431,0.478623,0.808805,1.75987
138.530249433,0.000471527,0.272772,1.48129,0.0663849,1.32107,0.0239101,0.465285,1.03221,0.11518,0.519809,0.584752,1.67498
138.576689342,0.000362633,0.341338,1.25997,0.0745261,1.48532,0.0401543,0.470925,0.705417,0.0940806,0.857794,0.108722,1.62902
138.623129252,0.0832401,0.278897,1.1189,0.115024,1.52234,0.0814971,0.382593,1.00696,0.0735954,1.2201,0.035388,1.91549
138.669569161,0.16372,0.120593,1.08103,0.17908,1.41305,0.0497216,0.0972829,1.3667,0.458287,1.31362,0.145253,2.83991
138.716009070,0.000315873,0.145337,1.1661,0.400181,1.29781,0.041678,0.0230482,1.11525,0.681761,0.663025,0.495784,2.99959
138.762448980,0.059953,0.252615,1.18595,0.241856,1.33191,0.0141448,0.282411,0.673734,0.632107,0.221871,0.811243,2.8927
138.808888889,0.0273995,0.342013,1.13773,0.068377,1.63052,0.159968,0.0318164,0.641658,0.442717,0.0721739,0.848943,2.89873
138.855328798,0.208263,0.363363,1.06465,0.0410911,1.94044,0.187053,0,0.706614,0.0952146,0.371642,0.647001,2.91833
138.901768707,0.162785,0.303639,1.09366,0.0187659,2.01625,0.00056091,0.194143,1.12207,0.180265,0.688447,0.270242,2.93013
138.948208617,0.0516768,0.0730236,1.19515,0.071691,1.62679,0.112658,0.432888,1.72965,0.311856,0.798115,0.135176,2.8046
138.994648526,0.0396511,0.000138781,1.24319,0.12782,1.31089,0.2577,0.413122,1.78177,0.188448,0.41639,0.0947291,2.97312
139.041088435,0.0198004,0,0.751249,0.1694,1.41847,0.0384175,0.383145,1.91873,0.105648,0.471156,0.0102744,3.02813
139.087528345,0.144307,0,0.525868,0.21517,1.27796,0.003469,0.319339,2.07331,0.133267,0.264483,0.00154721,2.92991
139.133968254,0.410131,0.277633,0.613524,0.111665,1.1038,0.0213399,0.242102,1.94305,0.27448,0,0.0297868,2.53559
139.180408163,0.484459,0.743453,0.658856,0,1.02786,0.0421007,0.104774,1.93315,0.181663,0,0.204978,1.87012
139.226848073,0.19454,0.572946,1.62425,0.0065412,1.19857,0.0181288,0.10588,1.89758,0.112745,0,0.312979,1.60061
139.273287982,0.102534,0.05121,1.61791,0.0170501,1.45928,0.0110862,0.0211305,2.85598,0.0401663,0.510793,0.251155,1.69346
139.319727891,0.000517804,0.000148675,1.54203,0.00641068,1.69333,0.0205329,0.137811,3.20101,0.047618,0.760426,0.125197,1.87847
139.366167800,0.0720059,0.00186957,1.44904,0.00140467,1.54644,0.0125954,0.223068,3.17648,0.0150229,1.14712,0.0208851,2.23914
139.412607710,0.0502077,0.00101682,1.13099,0.00400647,1.3326,0.06819,0.206493,3.02851,0.0207066,1.3879,0.0600531,2.41186
139.459047619,0.113512,0.0245164,1.18535,0,1.28313,0.105701,0.121105,3.01185,0.12283,1.22475,0.121787,2.28159
139.505487528,0.186514,0.123571,1.10869,0.02937,1.35927,0.180362,0,2.94936,0.266438,0.989676,0.18287,1.96159
139.551927438,0.49728,0.133401,1.06557,0.300272,1.81468,0.0844769,0.067051,2.73523,0.507728,0.72497,0.278187,1.18206
139.598367347,1.604,0.166834,0.671895,0.049493,2.7015,0.0437354,0.0495718,2.01961,0.828708,0.503824,0.314449,0.184184
139.644807256,2.20969,0.184747,0.349169,0,3.13373,0.227613,0.0568496,1.57012,0.719739,0.197175,0.281078,0.146636
139.691247166,2.44839,0.0659521,0.204972,0,3.38738,0.245665,0.0997972,1.81505,0.437331,0.093818,0.23632,0.102658
139.737687075,2.51619,0.476463,0.344662,0,3.21381,0.175046,0.129675,1.93848,0.636298,0.0300477,0.264309,0.0551385
139.784126984,2.19197,0.992712,0.111935,0,2.47725,0.103033,0.140877,2.17597,0.498311,0,0.169911,0.00818374
139.830566893,1.9374,1.02654,0.00554503,0,2.14603,0.0690821,0.169009,2.52231,0.0306317,0,0.107326,0.0981817
139.877006803,1.94556,0.843029,0.0303519,0.022224,2.05095,0.073482,0.186572,2.42526,0.0180284,0.00148731,0.0153409,0.0869641
139.923446712,1.98971,0.899682,0,0.0437102,2.5354,0.0428236,0.160831,2.36171,0.0186905,0.248316,0.000659218,0.00771033
139.969886621,2.06454,0.383735,0,0.114047,2.79773,0.039913,0.443725,1.87958,0.00780196,1.1701,0.00016867,0.219715
140.016326531,1.58083,0.350397,0,0.157381,2.52492,0.0369436,0.522465,1.3293,0.0714501,1.13462,0.000445193,0.423322
140.062766440,1.83557,0.182245,0,0.116895,2.20277,0.0295719,0.502258,1.04175,0.101561,0.8437,0.000249881,1.01732
140.109206349,2.0473,0.0500447,0,0.103766,2.35949,0.0423283,0.403029,1.3052,0.0878706,0.203703,0,1.2615
140.155646259,2.06705,0.0373778,0,0,2.78727,0.0648983,0.399486,1.594,0.0248366,0,0.366819,1.01713
140.202086168,1.8258,0.0836678,0,0.0185495,2.67566,0.0600148,0.402232,1.57267,0.00627805,0.209223,0.946121,0.465989
140.248526077,1.58027,0.229453,0.0226722,0.0915732,2.16519,0.0308792,0.457009,1.75452,0.000260511,0.35178,1.21378,0.148406
140.294965986,1.81308,0.245347,0.222011,0.122214,1.51687,0.0140642,0.470588,1.68652,0.00256759,0.439115,1.21053,0.49848
140.341405896,2.45722,0.212422,0.195751,0.0917896,0.715561,0.00792433,0.4668,1.44587,0.132048,0.657913,0.732753,0.532619
140.387845805,2.5448,0.193566,0.0068506,0.44806,0.554383,0.0483905,0.561619,1.37315,0.179547,0.724145,0.349662,0.484657
140.434285714,2.58872,0.161684,0.000770449,0.505355,0.933702,0.0536888,0.55651,1.1558,0.21283,0.268157,0.58352,0.74553
140.480725624,2.59309,0.160441,0.0293175,0.0781934,1.76964,0.0921559,0.326477,1.02499,0.0166297,0.128558,0.726331,0.772919
140.527165533,2.46952,0.174878,0.0723028,0.0112278,2.24881,0.0126654,0.170351,1.51537,0.0157593,0.0781923,0.647167,1.09811
140.573605442,1.87291,0.165095,0.0443888,0.00575744,2.39576,0.0301751,0,2.12376,0.0143855,0.00118841,0.659546,1.57607
140.620045351,1.60539,0.0500567,0.00205685,0.0112782,2.36748,0.0535592,0.126502,2.33832,0.00705926,0.00497737,0.569745,1.67869
140.666485261,2.04795,0.412556,0,0.00426411,2.18188,0.0216765,0.423714,2.30642,0.00340279,0.0813291,0.246045,1.51888
140.712925170,1.95078,0.412575,0.0873288,0.0409042,1.77138,0.0683868,0.336552,1.9667,0.142416,0.30661,0.18306,1.06332
140.759365079,2.48135,0.266279,0.198574,0.0444317,1.22457,0.138007,0.412029,1.57912,0.367731,0.522737,0.0924027,0.237955
140.805804989,3.03495,0.0342444,0.0979407,0.0106041,1.28211,0.156116,0.294424,1.68405,0.211977,0.934532,0.0336533,0.0138202
140.852244898,3.18009,0.0135901,0.0971392,0,1.27454,0.117492,0.23318,1.59108,0.354495,0.819627,0.0125011,0
140.898684807,3.2041,0,0,0,0.980313,0.123621,0.390187,1.21778,0.537838,0.553433,0.000320021,0.0799087
140.945124717,2.68497,0,0,0,0.868071,0.167326,0.195768,1.03395,0.526661,0.361702,0.000748244,0.68787
140.991564626,2.06067,0,0.145556,0.00251916,1.10978,0.113965,0.289275,1.0368,0.467482,0.377714,0.00114254,0.972776
141.038004535,1.28425,0.0367601,0.446786,0.0375698,1.4689,0.0380735,0.027853,1.78245,0.218251,1.1696,0.00124902,0.936165
141.084444444,1.46811,0.0357675,0.243531,0.0412259,1.92507,0.0438653,0.0303853,2.41343,0.144662,1.54091,0.000745362,0.886952
141.130884354,1.83909,0.0733077,0.0930047,0,2.24507,0.038267,0.12453,2.24654,0.0282939,1.49437,9.10986e-05,0.903743
141.177324263,2.22527,0.14405,0.167767,0,2.23569,0.0208702,0.129434,1.85534,0.0314558,1.60236,0.0158662,0.980461
141.223764172,2.41052,0.288824,0.244063,0.0143863,1.92199,0.0150223,0.263627,1.6314,0.095729,1.88174,0.195641,0.876587
141.270204082,2.59523,0.358191,0.508981,0.144248,1.62963,0.149909,0.418045,1.38782,0.258047,2.27957,0.348029,0.235196
141.316643991,2.41887,0.135156,0.559696,0.315059,1.96928,0.171657,0.25012,1.36049,0.38415,2.46094,0.275075,0.13122
141.363083900,1.62249,0.0987291,0.853544,0.355049,2.56093,0.137716,0.0353834,1.73745,0.247531,1.84993,0.111178,0.680302
141.409523810,0.899804,0.125269,1.11708,0.359785,2.47559,0.280612,0.169434,1.25113,0.18151,1.71372,0.0298194,0.634622
141.455963719,0.431446,0.0440905,1.1003,0.209749,2.13305,0.406473,0.325561,0.247132,0.364905,1.9633,0.0448714,0.847115
141.502403628,0.249127,0.0382617,0.00647591,0.0309644,2.57565,0.398434,0.393061,0.146901,0.473515,2.11998,0.0708999,1.03401
141.548843537,0.150801,0.441194,0.00080051,0.0101135,3.04909,0.223987,0.291288,0.232445,0.342878,2.13712,0.0300696,1.0986
141.595283447,0.0696216,0.900349,0.0324315,0.0534764,2.95941,0.0465642,0.466431,0.270331,0.097055,2.34037,0.104301,0.448834
141.641723356,0,1.22109,0.0625969,0,2.68076,0.144738,0.688432,0.280292,0.0204066,2.45823,0.08874,0.396688
141.688163265,0,1.35497,0.13412,0,2.53358,0.362473,0.484926,0.298313,0.015313,2.32381,0.0430211,1.0705
141.734603175,0,1.04141,0.110248,0.0697719,2.24079,0.18675,0.556569,0.287898,0.00433666,2.13919,0.073836,1.77419
141.781043084,0,0.258754,0.0184699,0.0427331,1.97005,0.116346,0.632016,0.495664,0.081235,2.15774,0.385332,1.82367
141.827482993,0.139919,0.0284624,0.143054,0.097437,1.77911,0.122367,0.676169,0.437257,0.274418,2.17502,0.939547,1.24625
141.873922902,0.344449,0.0039786,0.113314,0.237943,1.96072,0.0265872,0.768575,0.330732,0.100227,2.1074,1.46935,0.739232
141.920362812,0.525005,0.0499795,0,0.225795,2.49786,0.0162577,0.661887,0.364412,0.0651107,2.32056,1.46859,0.334066
141.966802721,1.46716,0.091976,0.139336,0.00727276,1.9234,0.101502,1.0925,0.128265,0.326331,1.66998,1.03157,0.553504
142.013242630,1.63388,0.150467,0.352761,0.0143444,1.5758,0.298883,1.16083,0.0486792,0.330813,0.630197,0.656627,0.961638
142.059682540,1.75528,0.0553401,0.26213,0.0831833,1.02851,0.335117,1.64239,0.0493335,0.265795,0.267402,0.174016,1.56643
142.106122449,1.65474,0.0170184,0.0314898,0.399878,0.864274,0.438718,2.18238,0.078946,0.140304,0.0135375,0.0113254,1.72685
142.152562358,1.29554,0,0,0.869243,1.34616,0.604619,2.31044,0.068675,0.0351414,0.0301409,0.185163,1.79209
142.199002268,0.416356,0,0,1.32628,2.07931,0.4115,1.82318,0.0437599,0.0178183,0.0327031,1.03236,1.76397
142.245442177,0.0839205,0,0,1.61717,2.31138,0.331325,1.46747,0.00180796,0.162789,0.0237612,1.86347,1.31237
142.291882086,0.0350942,0,0.0343533,1.47598,2.4513,0.135712,1.32987,0.060604,0.192474,0.0640253,2.04687,1.21795
142.338321995,0.0193911,0.0424973,0.0926764,0.918621,2.68102,0.102331,1.42026,0.04759,0.0739794,0.754494,1.63387,1.76058
142.384761905,0.103298,0.0465055,0.193877,0.189755,2.77384,0.225511,1.38725,0.0278611,0.0612923,0.920559,1.00518,2.24133
142.431201814,0.490321,0.151183,0.392747,0.171449,2.61253,0.385333,1.36838,0.177288,0.27289,0.6522,0.282671,2.16227
142.477641723,0.599047,0.0788127,0.594203,0.215439,2.57841,0.40825,1.0656,0.0341732,0.551256,0.157341,0.166484,1.83133
142.524081633,0.964846,0.024275,0.546553,0.211458,2.37489,0.40437,0.723692,0.247643,0.446023,0.164304,0.170449,1.82399
142.570521542,1.35801,0,0.546571,0.194777,1.58641,0.31606,0.303107,1.46138,0.150342,0.847146,0.0811653,1.63423
142.616961451,1.73843,0.0893183,0.365309,0.151236,0.91186,0.184574,0.0970495,2.47324,0.144856,1.11808,0.0041068,1.40841
142.663401361,2.25045,0.50165,0.331265,0.0895233,0.814728,0,0.043421,2.25236,0.381353,1.01886,0.275946,0.769234
142.709841270,1.84095,0.730501,0.568991,0.0495294,1.15687,0.00287062,0.0610412,1.78925,0.469799,0.546305,0.248814,0.884043
142.756281179,0.82741,0.678771,0.701039,0.0676081,1.72085,0.00819906,0.20861,1.75903,0.468676,0.135126,0.234887,1.2666
142.802721088,0.341912,0.239236,1.13263,0.0363884,1.67767,0.0353377,0.192407,1.55122,0.360849,0.223251,0.275896,2.09345
142.849160998,0.0477157,0.156039,1.25634,0,1.6939,0.185249,0.352556,1.62238,0.0811814,0.49144,0.387163,2.13064
142.895600907,0.0691379,0.228946,1.37942,0,1.60993,0.0439087,0.00931329,1.94225,0.225156,0.808441,0.526906,1.73595
142.942040816,0,0.129526,1.49774,0.00342459,1.46591,0.031777,0.000229437,2.60291,0.0944487,0.23638,0.804665,1.31565
142.988480726,0,0.0799172,1.70336,0.00990325,1.29047,0.135484,0.0236539,2.95627,0.172326,0.0874154,1.14313,1.30536
143.034920635,0.000545778,0.0893205,2.27012,0,0.702061,0.588078,0.00556389,2.80169,0.250211,0.0655253,1.13484,1.50998
143.081360544,0.177715,0.371107,2.25235,0,0.542815,1.12081,0,2.83287,0.415338,0.13131,0.560594,1.55631
143.127800454,0.329468,0.294663,1.61526,0,0.854238,0.98051,0.143268,2.35485,0.556622,0.656789,0.424271,1.15124
143.174240363,0.379034,0.308381,1.20412,0,1.99972,0.322573,0.235467,1.03176,1.28925,0.397473,0.329322,1.07511
143.220680272,0.462974,0.000903861,0.670316,0,2.8229,0.189102,0.263341,0.352564,1.25371,0.0726638,0.0734346,0.917296
143.267120181,0.214688,0,0.662329,0,3.06058,0.00237955,0.333794,0.278498,1.28577,0.0258253,0.0112126,1.22248
143.313560091,0.0828084,0,0.95758,0.00285934,2.90669,0.000553787,0.506595,0.485049,1.10154,0.031058,0.0013668,2.18016
143.360000000,0.121793,0,1.00726,0.00594382,3.02006,0.0353416,0.568849,0.899039,0.642373,0,0.00177153,2.772
143.406439909,0.0709234,0,0.972025,0.352414,3.04327,0.0564615,0.525773,0.980768,0.616347,0,0.0030342,2.84571
143.452879819,0.0888396,0,0.947336,0.560616,2.95861,0.115529,0.397606,1.22494,0.806011,0,0.00337338,2.72766
143.499319728,0.246463,0,0.995029,0.302893,2.463,0.248578,0.351953,0.934944,0.752123,0,0.00111266,2.67424
143.545759637,0.441213,0,1.03888,0.170866,1.71259,0.468027,0.73077,0.279519,0.671446,0,0.250576,2.66526
143.592199546,0.446927,0,0.711211,0.143526,1.03512,0.646721,1.17703,0.391679,0.746346,0.256882,0.391722,2.58268
143.638639456,0.318315,0,0.378383,0.112482,1.16659,0.866512,0.902799,0.983488,0.82437,0.387146,0.315214,2.19248
143.685079365,0.122647,0,0.0654385,0.0532041,2.11474,0.691256,0.592385,1.19699,0.897326,0.116169,0.187835,2.32253
143.731519274,0,0,0.617894,0.0131226,2.90123,0.251853,0.330255,0.343525,1.41156,0,0.345868,2.87165
143.777959184,0.0940308,0,0.9617,0.0136839,3.05603,0.157066,0.493018,0.095366,1.77983,0.207857,0.262404,2.40114
143.824399093,0.337079,0,0.811203,0.0441255,2.70895,0.208016,0.600519,0.0129747,1.81708,0.209415,0.064401,2.28448
143.870839002,0.328841,0,0.0248125,0.698802,2.32267,0.232843,0.770135,0.0537504,1.47155,0.259473,0.000311475,2.33126
143.917278912,0.362291,0.0468911,0.00101751,0.892709,2.1235,0.167449,0.65038,0.189569,1.30511,0.142411,0.0361906,2.74629
143.963718821,0.686686,0.106705,0,0.691629,1.8475,0.138184,0.594045,0.515974,1.35202,0.0463179,0.00555201,2.60669
144.010158730,1.02573,0.22067,0,0.548484,2.23924,0.0546722,0.389347,0.790981,1.15736,0.202572,0,1.70014
144.056598639,1.22717,0.287917,0,0.0248968,3.12254,0.0499968,0.405708,0.725759,0.265057,0.242396,0,1.20832
144.103038549,1.52706,0.316959,0,0,3.34724,0.0520102,0.0956221,0.609944,0,0.561304,0.000171529,1.19151
144.149478458,2.24479,0.272441,0,0.0152475,3.15449,0.0938042,0.148594,0.589474,0,1.29103,0,1.23663
144.195918367,2.65844,0.303082,0.0118045,0.0192533,2.28019,0.287997,0.264669,0.496049,0.000718195,1.92052,0.0504189,1.28109
144.242358277,2.57516,0.417854,0.191727,0.322609,1.83699,0.323867,0.439291,0.385965,0.000609829,2.3234,0.136714,1.23165
144.288798186,1.8176,0.625845,0.259981,0.558086,2.32202,0.0043754,0.438317,0.370159,0.00626229,2.29997,0.125092,1.33217
144.335238095,0.904446,0.895736,0.244021,0.458865,2.6817,0.121084,0.204519,0.19518,0.0863582,2.36239,0.054229,1.54371
144.381678005,0.232479,0.974247,0.186475,0.388916,2.87153,0.324098,0.132646,0.0680349,0.411716,2.26892,0.000137098,1.51538
144.428117914,0.535772,0.988243,0.191252,0.230697,2.56141,0.390087,0.197948,0.205163,0.707502,1.67357,0.162987,1.01761
144.474557823,0.845673,0.671754,0.109647,0.335488,2.22016,0.346251,0.254571,0.576004,0.765154,0.461082,0.53655,0.760759
144.520997732,1.02376,0.525489,0.0508686,0.318557,1.69863,0.232021,0.363581,0.441136,1.33249,0.468644,0.492804,0.605172
144.567437642,0.711349,0.352783,0.125314,0.0822256,2.05609,0.102948,0.101143,0.72113,1.62347,0.360839,0.144861,0.983082
144.613877551,0.688369,0.184441,0.134433,0.0892693,2.04914,0.0642915,0.20455,0.889141,1.3181,1.18085,0.0446423,0.961699
144.660317460,0.587226,0.0016105,0.317477,0.0641455,2.34513,0.0457184,0.279562,0.916412,0.89088,1.33281,3.37596e-05,0.90471
144.706757370,0.383835,0,0.308762,0.0440349,2.55876,0.0350837,0.183193,0.920537,0.69221,1.37938,0.0602621,1.01666
144.753197279,0.132528,0,0.296687,0.0331348,2.61449,0.0753825,0.06045,1.00716,0.34285,1.54138,0.0417341,1.13089
144.799637188,0.05753,0.0154573,0.323324,0.0598409,2.92056,0.278854,0.0691191,1.13557,0.0787975,1.70364,0.0693753,1.11315
144.846077098,0.132434,0.150352,0.337297,0.170264,2.71283,0.264959,0.0934625,1.16136,0.0127989,1.96228,0.044167,1.42909
144.892517007,0.100813,0.218185,0.446447,0.413601,2.47079,0.153711,0.264084,1.11355,0.00876959,1.96599,0.0911574,1.29073
144.938956916,0.0622732,0.165857,0.708251,0.774486,2.12195,0.111436,0.266965,1.2525,0.0074606,1.65972,0.112262,1.59424
144.985396825,0.00472344,0.141909,0.982874,0.547956,1.4265,0.158707,0.13307,1.70228,0.179724,1.44759,0.0421661,1.89741
145.031836735,0.506141,0.284781,1.12698,0.241247,0.494219,0.133304,0.137905,1.83804,0.140514,1.54025,0.0971926,1.8269
145.078276644,0.70248,0.384766,1.00257,0.453282,0.438321,0.00762906,0.202882,1.97421,0.156194,1.70163,0.155136,1.41892
145.124716553,0.374424,0.0777617,1.18448,0.590792,1.18722,0.00947371,0.369741,2.06467,0.196178,1.78876,0.134532,1.383
145.171156463,0.0136893,0,1.35306,0.470785,1.5794,0.0181393,0.455228,2.13264,0.267005,1.66423,0.0343389,1.46958
145.217596372,0.0423496,0,1.20897,0.0955972,1.74917,0.0302244,0.352483,2.03091,0.14017,1.55238,0.0443278,1.32595
145.264036281,0,0,1.27767,0.00935272,1.80549,0.0846861,0.139751,2.13389,0.135475,1.51401,0.0376461,1.24378
145.310476190,0.0861248,0.467843,0.765287,0.0682312,1.70507,0.0784455,0.275943,1.82217,0.114556,1.64929,0.000799832,1.26363
145.356916100,0.089345,0.793162,0.233321,0.224399,1.65951,0.0173687,0.851467,1.63531,0.102048,1.26287,0,1.22678
145.403356009,0.0549018,0.716124,1.03182,0.104129,1.54794,0,1.06829,1.43441,0.0917314,0.64607,0.00503371,1.58136
145.449795918,0.0285908,0.355184,1.95316,0.015022,0.938967,0,1.07397,1.75379,0.106204,0.777869,0.0182369,1.8583
145.496235828,0.000463699,0.0759477,1.9223,0.0503625,0.777255,0.00289078,0.251232,2.3641,0.108761,1.05987,0.0209466,1.99779
145.542675737,0,0.104671,1.87676,0.0819898,0.904016,0.0150796,0.274742,2.48842,0.0537344,1.03121,0.265256,1.51162
145.589115646,0,0,1.80037,0.123603,1.01136,0.063223,0.541625,2.27732,0.0743095,0.881957,0.0356031,1.95487
145.635555556,0.173934,0.0802662,1.63254,0.161692,0.75017,0.00596143,0.576265,2.15303,0.0666714,0.80766,0.0765261,2.39178
145.681995465,0.0975628,0.125695,1.30443,0.18476,0.923049,0.011426,0.529709,2.05846,0.077794,0.701191,0.0659513,2.38266
145.728435374,0.227829,0.124338,1.13361,0.188721,1.07741,0.0252364,0.451567,2.30915,0.0800892,0.677188,0.0468954,2.42145
145.774875283,0.235144,0.0223517,1.10114,0.143301,1.15688,0.0688334,0.262223,2.66693,0.21314,0.527178,0.0370068,2.86949
145.821315193,0.12209,0.00200582,1.12085,0.150868,0.895205,0.00687822,0.268133,2.75071,0.454477,0.285646,0.00815209,3.0074
145.867755102,0.0429123,0,1.10484,0.122276,0.767802,0,0.53119,2.40593,0.444362,0.140454,0.00495313,3.25689
145.914195011,0.000476009,0.0179865,1.06683,0.133011,0.687139,0.252013,0.519511,2.17042,0.347919,0.128687,0.0311093,3.51572
145.960634921,0.208996,0.126578,1.21766,0.14664,0.670723,0.321211,0.439333,2.44421,0.0776782,0.109251,0.0807347,3.58382
146.007074830,0.140519,0.144206,1.33182,0.114395,0.830454,0.0929421,0.268596,2.77475,0.0308465,0.0848837,0.136262,3.52483
146.053514739,0.0125289,0.0957444,1.52132,0.0611663,1.12075,0.0225973,0.179064,3.11193,0.200611,0.108566,0.137706,3.0146
146.099954649,0,0.0497463,1.72109,0.0100052,1.13099,0.0238418,0.175167,3.35316,0.131816,0.284809,0.0900399,2.71921
146.146394558,0.0318777,0.0123417,1.54373,0.0164585,1.20483,0.00938899,0.121426,3.56209,0.106362,0.458774,0.0193819,2.68483
146.192834467,0.147333,0.00397267,0.73736,0.099415,1.29068,0.00559863,0.113903,3.58882,0.0881921,0.501369,0.0523647,2.71594
146.239274376,0.0744138,0.581827,0.293942,0.105937,1.19563,0.00744666,0.0345992,3.21979,0.0779644,0.433555,0.192984,2.57593
146.285714286,0.0483476,0.724677,0.49802,0.055866,1.07253,0.026479,0.0848564,2.83672,0.0984294,0.255775,0.266149,2.70865
146.332154195,0.0606368,0.564142,1.07252,0.019824,1.0723,0.0260954,0.138024,2.69147,0.129348,0.121009,0.180869,2.86546
146.378594104,0.244978,0.0597019,1.55739,0.061834,1.26941,0,0.0792434,3.09799,0.0657415,0.176268,0.199068,2.7651
146.425034014,0.254632,0.00516116,1.48381,0.0760152,1.21817,0.00448312,0,3.61293,0.110189,0.810209,0.109342,2.63492
146.471473923,0.00060742,0.0282392,1.43845,0.0651416,1.32608,0.00781548,0,3.7626,0.0916331,1.15063,0.107513,2.5239
146.517913832,0.0801807,0,1.21006,0.0625549,1.23106,0.00672677,0.0145824,3.59985,0.0453828,1.40441,0.126328,2.5826
146.564353741,0.0239384,0,1.55652,0.0639248,1.07666,0.0121852,0,3.61037,0.0772552,1.27514,0.127446,2.42367
146.610793651,0.158566,0.0924362,1.58873,0.0531485,0.889678,0.0369736,0,3.26045,0.178974,1.17055,0.0928522,2.41606
146.657233560,0.408776,0.0745795,0.961494,0.415439,1.22675,0.050243,0,2.62206,0.50533,0.918401,0.114703,2.49456
146.703673469,0.797399,0.0936466,0.588141,0.196626,2.58028,0.0455265,0.0124535,2.2491,0.754061,0.321323,0.140612,1.99908
146.750113379,1.26836,0.0926712,0.353853,0.0714258,3.04296,0.0877931,0,2.20961,0.770411,0.170622,0.152717,1.76283
146.796553288,1.39202,0.0831213,0.396876,0.0867667,3.16544,0.173142,0.0160042,2.4844,0.521113,0.12631,0.183882,1.50637
146.842993197,1.58994,0.219163,0.356463,0.102176,3.26033,0.226569,0.0291888,2.50574,0.449672,0.0525107,0.325129,1.28036
146.889433107,2.07641,0.78484,0.125018,0.102715,3.02323,0.217668,0.0437479,2.68319,0.0851448,0.00474807,0.026185,1.19225
146.935873016,2.03765,0.93075,0.0915571,0.0608627,2.61098,0.0378769,0.126839,2.56742,0.0306267,0.000282017,0.000208906,1.28372
146.982312925,1.85009,0.878141,0.0833731,0.0375007,2.55815,0.0412419,0.29522,2.08465,0.010511,0.00481557,4.87085e-05,1.3425
147.028752834,2.06217,0.754036,0.109035,0.0486923,2.57379,0.0256815,0.367809,1.78855,0.00892669,0.00756476,8.12522e-06,1.23243
147.075192744,1.67729,0.050026,0.122786,0.0749393,2.44445,0.0200101,0.526866,1.81146,0.0361254,0.564483,0.869682,1.25923
147.121632653,1.2504,0.0720809,0.118089,0.146603,2.03757,0.0295254,0.684328,1.86595,0.0122198,0.615062,0.783858,1.52891
147.168072562,1.35052,0.0908281,0.0742192,0.224965,1.43166,0.0113615,0.768139,1.86894,0.00830863,0.558919,0.637666,1.84919
147.214512472,1.70608,0.189913,0.0546887,0.192787,1.17694,0.0334106,0.86107,2.19081,0.0525259,0.252638,0.334292,1.91988
147.260952381,2.16099,0.0540203,0.0840044,0.147492,1.76953,0.121913,0.885332,2.35712,0.0384281,0.138981,0.0169015,1.47117
147.307392290,1.95055,0.130542,0.0238819,0.0959593,1.92607,0.0566573,0.739683,2.47251,0.0133604,0.709991,0.0148541,1.03955
147.353832200,1.59608,0.182767,0,0.0209381,2.0717,0.0373508,0.517803,2.44165,0.00770285,1.23206,0.0457277,1.29666
147.400272109,1.67796,0.164555,0.000274136,0.0920506,1.79145,0.0177614,0.366203,2.15462,0.0011993,1.73226,0.0191404,1.57696
147.446712018,2.08104,0.140896,0.00534057,0.603789,0.527644,0.0107928,0.384902,1.61147,0.0818682,2.13735,0,1.91315
147.493151927,2.26413,0.108465,0.0640385,0.770394,0.259851,0.161531,0.550277,1.60727,0.16434,2.21775,0,2.09107
147.539591837,2.35417,0.0401097,0.134537,0.703627,0.385126,0.0417247,0.667081,2.16647,0.0959591,0.779598,8.58374e-05,2.56391
147.586031746,2.23573,0.128279,0.147719,0.339185,1.00819,0.0321629,0.601671,2.25271,0.00275206,0,0.277199,2.66399
147.632471655,2.11537,0.288089,0.0618209,0,1.49769,0.0561178,0.455807,2.245,0.00260681,0,0.347453,2.37999
147.678911565,1.92882,0.252183,0.0329993,0.0071115,1.85363,0.11904,0.118087,2.3023,0.00311541,0.00103691,0.299153,2.39242
147.725351474,1.76862,0.121501,0.00154853,0.0550742,1.91802,0.122192,0.161686,2.38312,0.0034545,0.0093986,0.121296,2.58262
147.771791383,1.56822,0.153189,0,0.119713,1.78523,0.102594,0.371438,2.17596,0.00424509,0.0340486,0.0345739,2.80869
147.818231293,1.5101,0.158667,0,0.15146,1.46538,0.0912742,0.456876,2.11996,0.244422,0.096746,0.0688367,2.65259
147.864671202,2.03658,0.0345385,0,0.145271,0.769752,0.128643,0.474208,1.89765,0.182608,0.411661,0.0270724,2.3461
147.911111111,2.47387,0,0.0413733,0.0864827,0.632541,0.196405,0.314638,1.8787,0.117361,0.694463,0.000720889,2.30074
147.957551020,2.27614,0,0.0836158,0.238211,0.721716,0.170198,0.0815201,2.19794,0.103962,0.419431,0.000125662,2.33946
148.003990930,2.41367,0,0.0492829,0.174276,0.802162,0.0116075,0.230929,2.0829,0.101905,0.24496,0,2.34293
148.050430839,2.1822,0,0.0117684,0.104929,0.984717,0.0612653,0.164877,1.79851,0.143848,0.192793,7.17197e-06,2.07381
148.096870748,1.94451,0.00432122,0,0.0973546,1.37392,0.0543768,0.265605,1.26268,0.187032,0.265717,0,1.75578
148.143310658,1.03781,0.0836746,0.403854,0.0457101,1.6636,0.0346102,0.35739,1.50055,0,1.217,0.000992772,1.39794
148.189750567,1.28727,0.069719,0.254075,0.0239302,1.92506,0.0175827,0.348921,1.65826,0.0070867,1.72553,0.000213695,0.992865
148.236190476,1.57872,0.0595778,0.103901,0.0191736,2.2225,0.0528393,0.309132,1.70075,0.0197629,1.65469,0.000346983,0.875947
148.282630385,1.82125,0.0457827,0.100826,0,2.34057,0.0438591,0.207275,1.54763,0.0274584,1.65014,0.105811,0.737448
148.329070295,1.90989,0.0939082,0.0631453,0.238641,1.83209,0.00172568,0.0472277,1.33965,0.0284319,1.81245,0.353881,0.422497
148.375510204,1.73946,0.0255499,0.305638,0.608106,1.0479,0,0.440013,1.39983,0.0796878,2.00789,0.523365,0.104037
148.421950113,1.66118,0.0779133,0.577096,0.830416,0.869029,0.0672529,0.438139,1.47452,0.303277,2.16025,0.656371,0.216345
148.468390023,1.20864,0.297211,0.909869,0.724634,1.6277,0.0641556,0.193912,1.78564,0.443281,1.84599,0.137896,0.854982
148.514829932,0.368998,0.423901,0.905093,0.555681,2.47175,0.189901,0.405006,1.26625,0.460604,1.7085,0.111461,0.811852
148.561269841,0,0.17195,0.698811,0.366797,2.4604,0.209732,0.506991,0.207772,0.343615,1.94785,0.0968828,1.02136
148.607709751,0,0.00250206,0.211864,0.128956,2.2885,0.244261,0.866827,0.0866417,0.430014,2.12381,0.0394255,1.07957
148.654149660,0.00683274,0.292092,0.183063,0,2.66824,0.153908,0.879666,0.160143,0.445939,2.30833,0.045977,0.939561
148.700589569,0.0809272,0.782094,0.0503774,0,2.90021,0.0341234,0.6863,0.225649,0.175451,2.4162,0.0559517,0.363216
148.747029478,0.00374901,1.33609,0.0684139,0,2.75358,0.183104,0.790803,0.157409,0.0235778,2.43991,0.10612,0.155584
148.793469388,0.0744092,1.48331,0.101338,0,2.51556,0.342925,0.534292,0.268978,0.0216075,2.31347,0.0839264,0.402777
148.839909297,0,1.0717,0.0469308,0.171487,2.40711,0.0109096,0.574892,0.211213,0.00881238,2.1987,0.225243,1.04952
148.886349206,0,0.269088,0.181929,0.212929,2.20971,0.0124239,0.871999,0.229956,0.00187988,1.90372,0.806198,1.22808
148.932789116,0.172938,0.244928,0.665003,0.362033,2.07721,0.024,1.09331,0.158427,0,1.64604,1.08561,1.03424
148.979229025,0.377561,0.158417,0.694405,0.315234,2.06064,0.0193496,1.01061,0.0896941,0,1.63874,1.60059,1.01321
149.025668934,0.485607,0.293521,0.00668995,0.183655,2.16744,0.00139881,0.778453,0.0918248,0,2.37292,1.61542,1.15706
149.072108844,1.17444,0.790011,0.000680609,0.0536442,1.89251,0,0.497381,0.448109,0.0279531,2.02517,0.790038,1.03458
149.118548753,1.54433,0.368414,0.148311,0.120333,1.6718,0.268412,0.804508,0.359905,0.297142,0.825712,0.574443,1.07921
149.164988662,1.76362,0.188584,0.184371,0.14012,1.49077,0.275036,1.34369,0.0360409,0.260612,0.410493,0.338961,1.47327
149.211428571,1.77436,0.0254698,0.123861,0.317932,1.46604,0.545749,2.26082,0.0320129,0.0494359,0,0.15066,2.02301
149.257868481,1.33481,0.000266655,0,0.200944,1.77923,0.822466,2.16634,0.0423949,0.120754,0,0.595618,2.21124
149.304308390,0.546552,0.0010359,0.00156118,0.493507,2.52853,0.543539,1.605,0.000513213,0.0180206,0,1.57322,1.97659
149.350748299,0.0330011,0.001638,0.00126493,0.757346,3.12663,0.32215,1.27064,0.280868,0.0487276,0,2.30254,1.19616
149.397188209,0.0264541,0.141527,0.0268853,0.817602,3.04017,0.217701,1.1419,0.411392,0.0639449,0.0108024,2.36673,1.2904
149.443628118,0.0694789,0.259893,0.0797671,0.729104,2.76088,0.276467,1.045,0.359973,0,0.417726,2.08722,1.64574
149.490068027,0.086321,0.355635,0.253537,0.451952,2.77362,0.113072,0.824085,0.134993,0.0252091,0.677656,1.45134,1.78171
149.536507937,0.437087,0.246198,0.333931,0.169662,3.08139,0.357209,0.781114,0.0384671,0.269712,0.437196,0.405573,1.90319
149.582947846,0.574201,0.0911066,0.580306,0.219237,3.19619,0.369486,0.666826,0.0419861,0.516586,0.0491479,0.214736,1.67194
149.629387755,0.654291,0.0273185,0.606798,0.217693,3.03645,0.364651,0.719467,0.513105,0.383408,0.114367,0.161495,1.42799
149.675827664,1.02072,0,0.878996,0.205537,2.57428,0.14225,0.574804,2.11301,0.280818,0.163288,0.0477392,1.28104
149.722267574,2.04785,0.0556496,0.696305,0.176587,1.84382,0,0.197289,2.36846,0.0944337,0.851201,0.0175549,0.501049
149.768707483,2.29113,0.552044,0.467826,0.0553322,1.15482,0.107207,0.0931236,2.04733,0.461252,1.00562,0.241649,0
149.815147392,1.72529,0.952108,0.386633,0,1.45107,0.0703615,0.147568,1.57922,0.587094,0.761462,0.463444,0.529179
149.861587302,0.882359,1.02214,0.484938,0.0218314,1.72985,0.0392239,0.327045,1.44304,0.307663,0.219806,0.513713,0.942788
149.908027211,0.356112,0.443059,0.326156,0.013026,2.05802,0.0385745,0.263727,1.99116,0.0563019,0.00922123,0.315034,2.20621
149.954467120,0.165078,0,0.92954,0.00989463,2.27006,0.0292336,0.121572,2.74416,0.0613123,0.00723579,0.130278,2.68696
150.000907029,0.000572761,0.00145687,1.16807,0,2.24633,0.00212172,0.000860929,3.24727,0.0621098,0.00293059,0.325064,2.27802
150.047346939,0.0280525,0.0429895,1.16107,0,2.15717,0,0.00458257,3.45497,0.0385434,0,0.618831,1.99634
150.093786848,0.0964781,0.203972,1.00719,0,1.80616,0.0697174,0.0118264,3.61809,0.0291546,0,1.01073,1.80336
150.140226757,0.200748,0.313079,1.22955,0.0103728,1.58852,0.140375,0,3.65645,0.0110882,0,1.22441,1.50154
150.186666667,0.955827,0.082036,1.31799,0.0161627,1.18201,0.0688452,0,3.64644,0.125465,0,0.678191,1.55931
150.233106576,1.17576,0.469121,0.587843,0,1.92675,0.18858,0,3.23264,0.257826,0.600721,0.146658,1.63736
150.279546485,1.1625,0.416828,0.417765,0,3.03958,0.238681,0.0980316,1.84007,0.352719,0.76354,0.186787,1.84244
150.325986395,0.951948,0.328248,0.189042,0,3.41764,0.0716337,0.400529,0.494583,0.300384,0.669454,0.153327,1.85974
150.372426304,0.18189,0,0.165344,0,3.70954,0.00482445,0.32027,0.82616,0.565162,0.423285,0.0494533,1.9597
150.418866213,0,0,0.372461,0.0655534,3.2882,0.00744716,0.295706,1.35231,0.734259,0.0122072,0.00239685,2.02376
150.465306122,0.0758222,0,0.623584,0.0254865,2.85567,0.0782712,0.359846,1.31102,0.686002,0,0.00197778,1.87135
150.511746032,0.000492858,0,0.68188,0.0216043,2.74258,0.133258,0.443723,1.25628,0.735096,0.00333303,0.00211095,1.88571
150.558185941,0.0129441,0,0.733544,0.0540053,2.45061,0.134763,0.356926,1.3259,0.936406,0.00596971,0.0193884,1.81963
150.604625850,0.681269,0,0.839864,0.0935923,2.19311,0.219136,0.216076,1.20282,0.952257,0.00649086,0.0579392,1.3379
150.651065760,0.993265,0.0700416,0.964226,0.120258,1.97982,0.397057,0.127972,1.01887,1.10271,0.00332092,0.298906,0.91534
150.697505669,0.958066,0.202405,0.717446,0.149211,1.69339,0.47849,0.202757,0.843415,1.01861,0.147727,0.435628,0.94071
150.743945578,0.779745,0.312058,0.551697,0.368035,1.65802,0.460794,0.128983,0.760959,0.608945,0,0.375749,1.89882
150.790385488,0.67118,0.164331,0.270429,0.431644,2.06801,0.287448,0.362518,1.132,0.517906,0,0.222063,2.46932
150.836825397,0.542123,0,0.522801,0.364339,2.55148,0.157878,0.287015,1.63731,0.810647,0,0.107355,2.70054
150.883265306,1.70064,0,0.758015,0.268369,2.28585,0.105377,0.438629,0.90659,1.6684,0.000608916,0,1.48265
150.929705215,2.09033,0,0.715312,0.0994433,2.01094,0.173796,0.395871,0.313837,2.12138,0.00794146,0,0.802479
150.976145125,1.95067,0,0.0790629,0.0684463,1.73313,0.236388,0.413274,0.0116253,2.15316,0.00773245,0,0.917644
151.022585034,1.59403,0,0.0098372,0.263457,1.65511,0.203259,0.352907,0.0596148,1.97,0.0114927,0,1.32665
151.069024943,0.898468,0,0,0.41033,1.38837,0.0633863,0.290729,0.180812,1.68111,0.10313,0,1.70326
151.115464853,0.38789,0.281372,0.0809852,0.463534,1.45537,0.0714098,0.363883,0.182464,1.03144,0.748059,0.00491185,1.55979
151.161904762,0.336352,0.236485,0.0396838,0.223582,2.43875,0.0707882,0.448644,0.164674,0.451459,1.26907,0.045974,1.37815
151.208344671,0.469129,0.108542,0.278464,0.209783,2.86975,0.0669587,0.255909,0.168127,0,1.41608,0.117075,1.34786
151.254784580,0.637198,0.0393903,0.422017,0.130368,2.92111,0.220727,0.0671828,0.285477,0.0398192,1.36551,0.00646092,1.55999
151.301224490,1.10267,0.146169,0.507899,0.306666,2.28243,0.04114,0.128068,0.383959,0.0429801,1.33791,0.00529477,1.50201
151.347664399,1.3637,0.240963,0.248032,0.815239,2.06614,0.00950913,0.254882,0.456548,0.0110421,1.62533,0.113094,1.33895
151.394104308,1.59429,0.302587,0.316944,0.796058,2.19347,0.00919444,0.310196,0.350021,0,2.15822,0.118774,1.19222
151.440544218,1.86406,0.212614,0.311491,0.533962,2.36179,0.0458132,0.216092,0.0940772,0.0780687,2.45039,0.0600712,1.48498
151.486984127,1.56539,0.511675,0.134124,0.242954,2.58639,0.232435,0.268467,0.0523939,0.100803,2.78698,0.00477442,1.44227
151.533424036,1.06006,0.975287,0.00765052,0.00127707,2.67995,0.368111,0.402674,0.35767,0.0907049,2.04584,0.0181032,1.14781
151.579863946,1.41614,0.493317,0,0.0131705,2.34314,0.325077,0.657391,0.952724,0.0555177,0.914786,0.151318,0.885233
151.626303855,1.33745,0.199639,0.108279,0.0256101,1.97411,0.208838,0.92951,1.42823,0.145681,0.550091,0.24735,0.479021
151.672743764,1.17045,0.119594,0.165836,0.0320932,2.07487,0.0847085,0.660633,1.30745,0.587398,0.639787,0.0113292,0.77814
151.719183673,0.655542,0.175669,0.18846,0.0371371,2.11511,0.0305116,0.0447116,1.37776,0.950822,1.53147,0.0159632,0.792005
151.765623583,0.458681,0.000764272,0.458727,0.0621678,2.26214,0.0254036,0.0021699,1.25774,0.851075,1.82864,0.000555067,0.602608
151.812063492,0.197783,0,0.466541,0.0306176,2.4813,0.027202,0.00611457,1.62219,0.61553,1.69061,0.0107653,0.834803
151.858503401,0.0999676,0,0.390686,0.0303814,2.65499,0.0272158,0.0293884,1.7192,0.405757,1.75825,0.0249281,1.0662
151.904943311,0.00610663,0,0.339776,0.047265,2.82737,0.205294,0.0767421,1.77936,0.23166,1.86908,0.0290559,1.37759
151.951383220,0.121324,0.0732559,0.30688,0.060304,2.74917,0.306572,0.094092,1.71804,0.0329041,2.06365,0.0114938,1.52827
151.997823129,0.141645,0.119298,0.344269,0.225348,2.31888,0.257993,0.214483,1.65586,0.00565761,2.16424,0.0567959,1.57502
152.044263039,0.192486,0.154204,0.480189,0.501385,2.14435,0.210091,0.262192,1.53222,0.162007,2.14467,0.0888284,1.18968
152.090702948,0.175327,0.132513,0.92325,0.239208,1.89028,0.184953,0.156697,1.81422,0.221879,1.7875,0.0239895,1.08722
152.137142857,0.125823,0.157321,1.384,0.0602319,0.791992,0.100443,0.0134742,1.99267,0.137371,1.83496,0.0840332,1.56115
152.183582766,0.0637863,0.134059,1.50428,0.213439,0.852471,0.228509,0.0197556,1.78157,0.146099,2.00824,0.129317,1.45955
152.230022676,0.0728395,0.0266473,1.5471,0.479555,1.13948,0.38341,0.0314297,1.64759,0.221301,1.98595,0.117132,1.11218
152.276462585,0.110242,0.0408006,1.47971,0.482298,1.31185,0.239361,0.0390034,1.73096,0.36105,1.78038,0.0783635,1.15111
152.322902494,0.141061,0.0660304,1.20929,0.25453,1.51281,0.055708,0.0405,1.98353,0.329245,1.4733,0.0637964,1.45666
152.369342404,0.103878,0.0660867,1.30141,0.00899997,1.54329,0.0773715,0,2.25515,0.130989,1.44166,0.0318487,1.72217
152.415782313,0.156256,0.0282354,0.91719,0.0750398,1.54895,0.0932839,0.128334,2.07552,0.132409,1.67089,0.00395639,1.60325
152.462222222,0.27932,0.288788,0.239119,0.20471,1.4699,0.00678067,0.578775,2.08559,0.132634,1.54491,0,1.40252
152.508662132,0.24855,0.308084,0.530791,0.330127,1.32823,0,0.673823,2.01697,0.109323,0.950638,0.0741162,1.51112
152.555102041,0.10962,0.251167,1.61291,0.20758,0.786282,0,0.598945,1.92831,0.101237,0.972297,0.0811747,1.79368
152.601541950,0.0552031,0.331599,1.90342,0.111596,0.575589,0,0.119388,2.24655,0.103342,1.11224,0.0842903,1.772
152.647981859,0,0,1.82439,0.0927985,0.600407,0.0229254,0.132443,2.20182,0.100862,1.24204,0.139173,1.30584
152.694421769,0,0,1.75878,0.0948877,1.0895,0.000283975,0.453741,1.91393,0.131978,0.951256,0.166066,1.6141
152.740861678,0.197971,0,1.52753,0.120896,1.25003,0.00400808,0.483089,1.70419,0.172383,0.751595,0.116106,2.0009
152.787301587,0.173843,0.0394523,1.18095,0.152292,1.26722,0.00650301,0.472202,1.51176,0.0802332,0.715479,0.0818576,2.10363
152.833741497,0.240068,0.0496908,1.04352,0.15358,1.3144,0.0170074,0.413334,1.8646,0.0983127,0.743408,0.0136236,2.01538
152.880181406,0.314344,0.0287382,1.1189,0.0671601,1.43365,0.0238384,0.301604,2.36423,0.199207,0.623717,0.0295092,2.01333
152.926621315,0.0680421,0.0376009,1.41036,0.116678,1.20395,0.0229879,0.19929,2.70761,0.763685,0.348763,0.000198779,2.47415
152.973061224,0.0175009,0.0636456,1.37488,0.0504864,1.11977,0.0143768,0.398886,2.29459,0.557302,0.413527,0.0100583,2.70973
153.019501134,0.155777,0.135909,1.05973,0,0.980795,0.210156,0.311946,1.89615,0.282706,0.618701,0.0233649,2.89022
153.065941043,0.140396,0.180805,1.16589,0,0.886571,0.40006,0.255915,1.88642,0,0.62551,0.0866593,2.92439
153.112380952,0.143458,0.0846848,1.12397,0,0.886741,0.190083,0.117714,2.08288,0.0545683,0.463989,0.13509,2.84175
153.158820862,0.0525191,0.0413915,1.24573,0,0.94104,0.0200525,0.000990444,2.9365,0.175682,0.399955,0.150446,2.4577
153.205260771,0,0.000519371,1.43537,0,1.14056,0.0472691,0.0578606,3.22174,0.188005,0.60511,0.146326,1.97761
153.251700680,0.00326072,0.0284236,1.36303,0.0143149,1.06696,0.0436492,0.147509,3.37188,0.124264,0.872435,0.0584497,1.56106
153.298140590,0.0340285,0.247117,0.681021,0.0320441,0.789423,0.0105724,0.114712,3.48161,0.0894607,0.839572,0.0560502,1.43093
153.344580499,0.0899755,0.333755,0.240084,0.0314294,0.761117,0.00767758,0.0972155,3.24908,0.079755,0.514393,0.520975,1.45132
153.391020408,0.134658,0.352244,0.529363,0.0213914,0.752553,0.0235469,0.118246,3.07253,0.0698308,0.304962,0.539413,1.51135
153.437460317,0.147426,0.334851,1.15301,0.00505878,0.649769,0.0136244,0.13722,2.90043,0.0991936,0.116684,0.282065,1.91271
153.483900227,0.066215,0.0974363,1.56023,0.000841824,0.885413,0.00702793,0,3.73121,0.0400481,0.0599803,0.0208472,2.12025
153.530340136,0.265874,0,1.60029,0,1.29536,0.0132706,0,3.88051,0.0954399,0.119102,0.0105201,1.92257
153.576780045,0.0274294,0.00702447,1.52678,0,1.40184,0.00861463,0.00141554,3.90368,0.0911317,0.557042,0.0263735,2.23876
153.623219955,0.000858488,0.00116872,1.45474,0,1.35486,0.00226896,0.00650689,3.79277,0.0726509,0.891207,0.0371455,2.42305
153.669659864,0.000363408,0.0136513,1.47026,0.0624835,1.21455,0.00506862,0.00735424,3.78161,0.00723587,0.876784,0.0243383,2.23887
153.716099773,0.0633667,0.0757826,1.69396,0.121389,0.885149,0.0397294,0,3.61003,0.0156924,0.853297,0.0550889,2.02575
153.762539683,0.316128,0.173069,1.60755,0.474259,0.831809,0.0293227,0.0127959,3.07708,0.319747,0.609879,0.116738,1.85817
153.808979592,0.90302,0.131085,1.39522,0.275573,1.74967,0.0410139,0.0234954,2.69662,0.344454,0.174873,0.161801,1.36038
153.855419501,1.57177,0.0670549,0.669722,0,2.60103,0.055932,0.0930089,2.35608,0.440104,0.152549,0.147826,1.00667
153.901859410,1.7206,0.0507131,0.25799,0,3.0207,0.168845,0.313073,2.26832,0.243521,0.114102,0.0446871,0.955591
153.948299320,1.66901,0.0600902,0.197509,0,3.07205,0.150368,0.379616,2.27924,0.244436,0.0491565,0.0226178,1.10659
153.994739229,1.79921,0.221647,0.211257,0,2.99199,0.227358,0.391944,2.18825,0.160382,0.00366353,0.0193336,0.988068
154.041179138,2.07644,0.214539,0.222963,0,2.81529,0.0383275,0.390448,1.99202,0.0455256,0.00169635,0.0228734,1.19055
154.087619048,1.96087,0.102147,0.177084,0,2.72514,0.0387365,0.318229,2.04304,0.0203129,0.00214345,0.0176403,1.66415
154.134058957,1.97306,0.0807954,0.16543,0,2.62722,0.0302999,0.267562,2.0973,0.0166254,0.0025735,0.00367846,1.78969
154.180498866,2.04094,0.00268786,0.156252,0.00885187,2.3635,0.00974319,0.35576,2.2504,0.0144761,0.707786,0.000216916,1.40686
154.226938776,1.81653,0.0308721,0.407802,0.0186347,2.02947,0.0119016,0.650808,2.17512,0.00557402,1.0984,0.000369788,0.769011
154.273378685,1.67548,0.0871169,0.423448,0.0348643,1.65199,0.0147934,0.755806,2.04599,0,1.10804,0.00982172,0.71935
154.319818594,1.45964,0.198163,0.222387,0.000517601,1.39167,0.037159,0.563452,2.39282,0,0.813366,0.00388308,0.832724
154.366258503,1.94359,0.43421,0.204583,0,1.78148,0.0542771,0.461513,2.32538,0.0159014,0.293508,0.0585012,0.761937
154.412698413,2.25505,0.498007,0.164325,0,2.04737,0.0765158,0.362494,2.30931,0.0118741,0.062972,0.0373904,0.743088
154.459138322,2.2591,0.364629,0.112917,0.00183191,2.03038,0.00233743,0.341473,2.41998,0.0153762,0.0506624,0.0792411,1.07311
154.505578231,2.1464,0.133891,0.180741,0.0428067,1.59577,0,0.509088,2.48699,0.0124952,0,0.00121855,1.84489
154.552018141,2.39477,0.0646926,0.136017,0.277171,0.669466,0.075785,0.536283,2.21182,0.1348,0,0.00218716,1.83547
154.598458050,2.37981,0.0831033,0.141838,0.396356,0.570942,0.0476938,0.496025,1.99328,0.233596,0.0182161,0.00209268,1.91165
154.644897959,2.44082,0.0684136,0.163431,0.380331,0.485918,0.0252204,0.372298,2.00191,0.210534,0.100161,0.000943879,2.11654
154.691337868,2.47107,0.0846815,0.170063,0.0173374,0.920943,0.0107674,0.100417,2.23455,0.0780687,0.00460351,0.00142246,2.28571
154.737777778,2.32762,0.193139,0.153189,0.0156345,1.61141,0.00197083,0.034093,2.25255,0,0.00491754,0.0026221,2.44519
154.784217687,2.25904,0.180926,0.137187,0.0330512,1.89193,0,0.111843,2.16377,0,0.00477559,0.00586863,2.45102
154.830657596,1.8832,0.033534,0.120945,0.0100649,1.95453,0,0.317309,2.29766,0,0.0127677,0.0172134,2.59896
154.877097506,1.34364,0.126191,0.104224,0.01026,2.17307,0.0219595,0.643684,2.45895,0.00126956,0.0381309,0.0745263,2.54976
154.923537415,1.77799,0.209948,0.0584858,0.0358883,2.19761,0.0580636,0.706202,2.00193,0.0269237,0.119827,0.109983,1.71947
154.969977324,2.22613,0.206355,0.0159419,0,1.70377,0.14351,0.66516,1.98025,0.118204,0.506422,0.0463294,1.1971
155.016417234,2.57996,0.111838,0.0554477,0.00410813,0.937851,0.184959,0.468667,1.91581,0.132268,0.822339,0.0203199,1.2846
155.062857143,2.53328,0.123061,0.0549035,0.189823,0.684141,0.144249,0.367685,1.95272,0.181175,0.700418,0.000228078,1.61789
155.109297052,2.14159,0.259139,0,0.576113,0.71,0.0138921,0.465204,1.82557,0.138174,0.365908,0.0160749,2.12755
155.155736961,1.44584,0.492341,0,0.729282,0.767973,0.0438912,0.465587,1.97277,0.0554899,0.0322441,0.186509,2.22238
155.202176871,0.988991,0.508274,0.0823643,0.689522,0.703617,0.0472515,0.538074,2.17808,0.0654431,0.470834,0.305708,1.88876
155.248616780,0.780516,0.385908,0.917384,0.00548403,0.959276,0.0392804,0.271451,2.4671,0.0336383,1.80835,0.23311,1.30157
155.295056689,1.30566,0.233808,0.506899,0.00443028,1.58286,0.0507433,0.0194855,2.70173,0.0229184,2.83836,0.124526,0.490596
155.341496599,2.04036,0.488023,0.259896,0,1.90494,0.0414833,0.023122,2.44606,0.0043334,2.66901,0.097933,0.348123
155.387936508,2.39159,0.475732,0.194411,0.000996999,2.07741,0.0367642,0.0551249,2.13305,0.0179793,2.47481,0.107738,0.300151
155.434376417,2.61898,0.555176,0.184562,0.00163771,2.06769,0.0344971,0.040442,1.89821,0.0474274,2.54716,0.104786,0.311634
155.480816327,2.89096,0.480981,0.275524,0.15612,1.89823,0.0117172,0.238939,1.69543,0.162507,2.88489,0.084859,0.318895
155.527256236,2.87293,0.381476,0.478446,0.180234,1.81232,0.00390593,0.232299,1.61102,0.257868,3.26438,0.103386,0.0563871
155.573696145,2.45589,0.459,0.774056,0.153644,2.13401,0.00093864,0.116683,1.47562,0.268371,3.31997,0.166753,0.0121487
155.620136054,1.69994,0.591839,1.1153,0,2.55792,0.0653486,0.142922,0.965476,0.945666,2.62244,0.196781,0.0281481
155.666575964,0.566493,1.19905,0.424136,0,2.59554,0.178175,0.232824,0.134574,0.995895,2.38521,0.252916,0.00011126
155.713015873,1.44382,0.49871,0.374478,0,2.06304,0.193382,0.135821,0.0874523,0.78788,2.472,0.258374,0.0607246
155.759455782,1.60623,0.618646,0.386084,0,2.06421,0.152954,0.0330425,0.107347,0.522685,2.41465,0.119701,0.201083
155.805895692,1.52477,0.844159,0.243458,0.0161532,2.0283,0.0505429,0.356698,0.221474,0.193173,2.37357,0.0617479,0.251464
155.852335601,1.0795,0.91548,0.283804,0.0658142,1.783,0.231398,0.402332,0.346508,0,2.36951,0.0989218,0.344102
155.898775510,0.316647,0.881404,0.186902,0.0752651,1.74632,0.732466,0.182076,0.613482,0.00367688,2.31086,0.178407,0.447261
155.945215420,1.17724,0.98663,0.186797,0.121751,2.29842,0.0128619,0.00945981,0.448902,0,1.91907,0.360543,0.920014
155.991655329,1.65321,0.118711,0,0.155533,2.1679,0.0130212,0.297758,0.477187,0.524908,2.15454,0.172913,0.431932
156.038095238,1.57537,0.0169926,0.136812,0.268486,1.80661,0.0290255,0.742361,0.299546,0.643626,1.59851,0.226309,0.787331
156.084535147,1.51957,0,0.119546,0.383272,1.54594,0.0227339,1.03506,0.0575866,0.736873,1.28895,0.202444,1.24911
156.130975057,0.836456,0.0111822,0.000921818,0.181989,2.22674,0.00657835,1.10821,0.0519648,0.41666,0.807629,0.531959,1.31244
156.177414966,0.0181478,0.140196,0.0017279,0.17128,2.34437,0.0046661,1.31826,0.306053,0.0250201,0.908207,0.774079,1.12198
156.223854875,0.0751462,0.323381,0.00186978,0.296885,1.85562,0.0130492,1.1519,0.50455,0.0794428,1.55645,0.662536,0.983507
156.270294785,0.241349,0.320356,0.0172019,0.883861,0.568692,0.0135396,1.59566,0.062955,0.0827048,1.75663,0.511594,1.2696
156.316734694,0.202442,0.563951,0.00213412,1.07064,0.301961,0.0390045,1.82874,0.0585722,0.078252,1.81687,0.361325,1.40001
156.363174603,0.123689,0.695923,0.107967,1.14632,0.303874,0.252513,1.94307,0.0624129,0.0770023,1.83269,0,1.81274
156.409614512,0.0693963,0.255504,0.110561,1.2452,0.418159,0.21064,2.40075,0.0353491,0.286619,1.07286,0.00279702,2.76823
156.456054422,0.0397771,0.0487706,0.141625,1.17256,0.544802,0.216318,2.6253,0.101763,0.115707,0.291324,0.519538,3.01259
156.502494331,0.112346,0.0488906,0.100673,0.498864,0.514794,0.200596,2.67835,0.0486183,0.12213,0.278881,0.663416,2.80478
156.548934240,0.109173,0.119645,0.0866782,0,0.427938,0.234395,2.52421,0.0335049,0.0358832,0.661328,0.511202,3.26997
156.595374150,0.0669925,0.244166,0.163826,0.0288553,0.369444,0.117174,2.14672,0.194038,0.00345287,1.08962,0.412302,3.63301
156.641814059,0.240323,0.312339,0.333036,0.173762,0.62402,0.236616,1.95861,0.184254,0,0.915609,0.25172,2.92334
156.688253968,0.0700338,0.16095,1.30533,0.225459,0.957088,0.199205,1.58454,0.077668,0.183037,0.102862,0.294124,2.11482
156.734693878,0.0408693,0.086768,1.68537,0.074037,0.970556,0.248798,0.918176,1.26034,0.15118,0.18262,0.210496,1.80942
156.781133787,0.00837618,0.0180238,1.53632,0.00345423,1.0793,0.177499,0.424402,2.89628,0.213078,0.178257,0.128646,2.04743
156.827573696,0.374666,0.0979222,0.974317,0.0254239,0.932751,0.104628,0.171865,3.11707,0.115739,0.250345,0.138309,1.70173
156.874013605,1.62385,0.148446,0.912828,0.00554527,0.854359,0.130548,0.0788368,2.93062,0.456509,0.214426,0.0978031,0.842757
156.920453515,2.12408,0.214656,0.869159,0,1.06468,0.0197952,0.105399,2.4782,0.58866,0.200482,0.0917068,0.444133
156.966893424,1.98274,0.218501,1.06699,0.0457058,1.06257,0.0862571,0.0783659,2.20583,0.360474,0.00779079,0,0.720858
157.013333333,1.023,0.221792,1.26283,0.0684052,0.822798,0.0166876,0.006975,2.55713,0.0155984,0.00142014,0.0108694,2.05344
157.059773243,0.15761,0.0712815,1.51553,0.0154957,0.877299,0.00745931,0.0117646,3.14316,0.0608247,0.00232721,0.0376944,2.89346
157.106213152,0.059467,0,1.4792,0,1.10232,0.0320721,0.00415941,3.22261,0.0626328,0.00392158,0.240213,3.00339
157.152653061,0.146093,0.00494069,1.35053,0,1.37431,0.467207,0.00388581,2.91189,0.0539253,0.00290664,0.396096,2.74293
157.199092971,0.186911,0.0172989,1.34778,0,1.39693,0.592028,0.0116816,3.11825,0.038713,0.000221476,0.606957,2.63446
157.245532880,0.199529,0.0874998,1.75799,0,1.09311,0.640127,0.00104968,3.3924,0.0335114,0.0524382,0.663063,2.33334
157.291972789,0.388176,0.0565577,1.88469,0.00891074,0.706383,0.781347,0,3.37702,0.140026,0.56797,0.0769769,2.07622
157.338412698,0.914127,0.309488,1.26282,0.051881,0.787755,0.449957,0,3.11026,0.346331,0.790529,0.391371,1.44718
157.384852608,0.87086,0.440098,1.53694,0.0807784,0.798981,0.446925,0.0375708,2.60208,0.340302,0.398158,0.891871,1.1936
157.431292517,0.579685,0.384953,1.47022,0.100695,0.800372,0.362748,0.0309761,3.05724,0.189146,0.106441,0.843594,1.22595
157.477732426,0.30591,0.259581,1.20147,0.0720398,0.360089,0.532022,0.0256662,3.18414,0.15952,0.0441691,0.653491,1.5067
157.524172336,1.1466,0.0369851,0.968227,0.0806281,0.0539031,0.971076,0.02576,2.93278,0.0668968,0,0.394434,1.50798
157.570612245,2.51302,0.00527676,0.724913,0.0158808,0.591719,0.240065,0.496247,3.06307,0.011899,0.0507652,0.0982655,0.729644
157.617052154,2.55651,0,0.860959,0.000998957,0.823164,0.123235,0.636038,3.05116,0,0.00654997,0.0482306,0.282591
157.663492063,2.23996,0,1.02777,0.0416454,0.913472,0,0.568046,3.05544,0.0168275,0.0109875,0.0450337,0.126546
157.709931973,2.0247,0.0623178,1.32554,0.0385519,0.5664,0,0.161943,3.08472,0.0766532,0.0112551,0.0270819,0.66953
157.756371882,0.546125,0.0604117,1.48813,0,0.285586,0.00426827,0.16686,3.08752,0.200916,0.00617319,0.02114,1.81599
157.802811791,0.277199,0.129924,1.7167,0.122562,0.0837492,0.0958173,0.639814,2.1707,0.296484,0.292555,0.00284916,1.90142
157.849251701,0.0925999,0.39326,1.83489,0.276513,0.121883,0.380003,0.93136,1.29932,0.226133,0.602647,0.0201487,2.09341
157.895691610,0.105997,0.885095,1.38915,0.362312,0.11227,0.400635,0.680298,1.43277,0.115168,1.02147,0.408395,1.80606
157.942131519,0.0702758,1.08349,1.58012,0.302887,0.0394202,0.302572,0.315932,2.61026,0.0928756,0.981458,0.242857,1.77662
157.988571429,0.759166,0.777831,1.97048,0,0.168296,0.0940339,0.00499514,3.00831,0.0776989,0.72353,0.162048,1.56284
158.035011338,0.972004,0.438733,1.54658,0.0547831,0.157136,0.202867,0.0200668,2.57061,0.0808271,0.813737,0.118964,1.17369
158.081451247,0.913119,0.0927255,1.05775,0.379505,0.00954147,0.653879,0.498527,1.64954,0.074431,0.901268,0.068737,1.36755
158.127891156,0.587826,0.00633308,0.56726,0.607156,0.0182189,0.702297,0.49988,1.72978,0.0499815,0.696438,0.0822714,2.25998
158.174331066,0.47026,0,0.414456,0.486179,0.0314139,0.503277,0.237514,2.02944,0.230103,0.75972,0.152859,2.67774
158.220770975,0.0377966,0.286646,0.590657,0.234603,0.217038,0.449791,0.0674392,2.08092,0.617142,1.05921,0.148356,2.28736
158.267210884,0.140024,0.573569,0.682648,0.0451772,0.260378,0.0406398,0.140471,2.10749,0.720875,1.15045,0.357983,1.57556
158.313650794,0.272286,0.708863,0.601799,0.171134,0.137452,0.159431,0.116675,2.07247,0.224166,1.48133,0.518824,1.26611
158.360090703,0.663616,0.516273,0.564261,0.33128,0.0963066,0.23199,0.120877,1.91875,0.0338282,1.66002,0.35965,1.19622
158.406530612,0.447968,0.13944,0.558119,0.187791,0.265966,0.336078,0.303175,1.8507,0.114812,1.82539,0.384121,1.27241
158.452970522,0.476313,0.00222006,0.124109,0.213483,0.256131,1.05359,0.845178,1.12234,0.466343,1.40762,0.369687,1.65353
158.499410431,0.589647,0.00239659,0.111078,0.200319,0.074646,1.24938,0.960927,0.876342,0.71411,0.878968,0.310032,2.16496
158.545850340,0.961728,0.0721508,0.281292,0.195657,0.01262,1.24324,0.517049,1.22025,0.74958,0.750643,0.281724,2.14377
158.592290249,1.7098,0.0911606,0.0171669,0.198717,0.0144624,1.72739,0.104725,1.61367,0.454237,1.07829,0.0414358,1.51192
158.638730159,2.79398,0,0,0.227699,0.00893841,1.56834,0.322658,1.53112,0,1.62006,0.0367087,0.475552
158.685170068,2.89751,0,0,0.20187,0.0976237,1.74783,0.428032,0.771538,0.00616943,1.41698,0.0744339,0.692107
158.731609977,2.63549,0,0,0.216516,0.162158,1.86694,0.54053,0.469816,0.0198807,1.40236,0.318572,0.823999
158.778049887,2.3578,0.110287,0,0.321775,0.132114,1.91297,0.389219,0.151383,0.026609,1.29421,0.468009,0.816105
158.824489796,2.0148,0.203976,0.0183198,0.337125,0.0807804,2.69616,0.103239,0.238354,0.0809052,0.743513,0.111818,0.769087
158.870929705,2.06678,0.391513,0.0504711,0.182178,0.453555,2.38931,0.0969543,0.197729,0.00869801,0.0939193,0,1.01386
158.917369615,1.59274,0.606698,0.18382,0.0174536,0.535481,1.77652,0.246907,0.763198,0.0531894,0.0022268,0.00122147,2.1418
158.963809524,0.629335,0.288753,0.419375,0.055526,0.275713,1.91036,0.527954,1.10022,0.0767141,0.0167113,0.0374945,2.72962
159.010249433,0.370592,0.0517408,0.452506,0.137768,0.0601002,2.54112,0.389411,1.20947,0.0806743,0.297709,0.0119925,2.83426
159.056689342,1.0205,0,0.269173,0.182966,0.00226272,2.90789,0.242395,0.958493,0.121855,0.512181,0.000125158,2.32319
159.103129252,1.43215,0.0592136,0,0.250757,0.0151383,2.79527,0.180497,0.777324,0.111723,0.5148,0,1.94144
159.149569161,1.18105,0.559183,0.0111526,0.287776,0.0589919,2.22568,0.3762,0.620187,0.0446399,0.417928,0,2.02783
159.196009070,0.995678,0.729189,0.157809,0.350966,0.170067,1.632,0.712485,0.316495,0.0185645,0.256897,0.0186179,1.93799
159.242448980,0.876809,0.752579,0.346635,0.264788,0.322179,1.28809,0.963075,0.0294103,0.394648,0.297461,0.0805065,1.61677
159.288888889,0.839841,0.736402,0.380104,0.000809438,0.585704,0.820045,1.17677,0.00840474,0.547667,0.494694,0.157385,1.40068
159.335328798,0.863906,0.68339,0.400424,0,1.14161,0.412665,1.40079,0.294801,0.219961,0.986776,0.276847,1.06503
159.381768707,0.200291,0.443101,0.575374,0.143028,2.45831,0.114039,1.06426,0.111311,0.0306744,1.09007,0.53182,1.47169
159.428208617,0.0132383,0,0.64312,0.00504796,3.01598,0.110949,0.75585,0.113497,0.0778987,0.647887,0.226571,1.30481
159.474648526,0.0376139,0.191803,0.621347,0.013623,3.2809,0.0167298,0.853542,0.454696,0.142991,0.306232,0.272739,1.00442
159.521088435,0.102891,0.254047,0.605594,0.125772,3.08805,0.0264708,1.08492,0.336387,0.0778176,0.505177,0.141541,1.02822
159.567528345,0.470933,0.23313,0.685775,0.114643,3.07436,0.00298214,0.806959,0.345437,0.0496893,0.609179,0.229981,1.06415
159.613968254,0.599568,0.189291,0.782471,0.0108229,3.32411,0.000104652,0.438796,0.320335,0.0964117,0.349508,0.193875,0.875008
159.660408163,0.596494,0.191256,0.798983,0.00744262,3.392,0.00252702,0.363868,0.282278,0.0598885,0.060165,0.14926,1.00198
159.706848073,0.435396,0.099657,0.769799,0.0061726,3.3261,0.022115,0.33553,0.397079,0.0884046,0.0139995,0.16799,1.20289
159.753287982,0.201504,0.0431858,0.683337,0.209901,2.9593,0.0169379,0.346509,0.470403,0.0661126,0.100745,0.189664,1.44173
159.799727891,0.130922,0.0733836,0.858885,0.0557188,2.67192,0.0320723,0.280715,0.327326,0.0121748,0.159466,0.185523,1.52458
159.846167800,0.362715,0.0319661,0.938777,0.00971036,2.93006,0.0213088,0.289178,0.0895051,0.0167654,0.17611,0.168323,1.363
159.892607710,0.520541,0.0310929,0.941865,0.00929101,3.06713,0.0183417,0.280066,0.00434413,0.187891,0.190719,0.162972,1.28658
159.939047619,0.40311,0.0281061,0.911219,0.00880381,3.13618,0.0103634,0.300944,0.00419882,0.324588,0.168391,0.362406,1.28593
159.985487528,0.212838,0.0636765,0.833393,0.0708268,2.80569,0.094922,0.391853,0.00387969,0.287159,0.148539,0.592756,1.52224
160.031927438,0.245313,0.0337545,0.912127,0.0732255,2.60992,0.0988847,0.379545,0.00362515,0.0886478,0.114841,0.44748,1.61395
160.078367347,0.147525,0.0696112,0.939077,0.0304775,2.78103,0.126384,0.39162,0.00244779,0.123315,0.101261,0.206229,1.55311
160.124807256,0.0910123,0.100164,0.932224,0.0397674,2.99045,0.0463777,0.398848,0,0.209299,0.103588,0.177059,1.56797
160.171247166,0.0888409,0.0283922,0.899432,0.0443063,3.09285,0.0317673,0.382588,0,0.242608,0.0834998,0.227686,1.61133
160.217687075,0.0956104,0.0245677,0.927698,0.0347832,3.17042,0.0931777,0.416599,0,0.240328,0.0516352,0.304578,1.63912
160.264126984,0.109835,0.0266284,0.972558,0,2.99627,0.219757,0.352039,0,0.263492,0.0881238,0.239822,1.44367
160.310566893,0.126475,0.0289941,0.940376,0.0106867,3.06358,0.193017,0.340776,0,0.276045,0.0875886,0.223732,1.42892
160.357006803,0.153315,0.0294579,0.888389,0.0525402,3.05389,0.108756,0.31412,0,0.309028,0.135946,0.198225,1.26919
160.403446712,0.13217,0.0852965,0.949967,0.0202273,3.11579,0.112851,0.26845,0,0.29913,0.10933,0.141008,1.09508
160.449886621,0.14259,0.149118,0.999094,0.0156941,3.05485,0.293263,0.322672,0,0.201832,0.19152,0.148539,0.983702
160.496326531,0.327736,0.172436,0.969215,0.0153258,3.05547,0.0895436,0.338872,0.125507,0.264542,0.378979,0.149912,0.927229
160.542766440,0.335331,0.173998,0.944915,0.0164131,3.12357,0.0332132,0.303133,0.0895791,0.193641,0.314628,0.227252,0.993438
160.589206349,0.135619,0.187607,0.92233,0.0157975,3.14769,0.0184654,0.254578,0.0696,0.0906278,0.326121,0.213864,1.12424
160.635646259,0.108973,0.205727,0.889355,0.01811,3.26667,0.118671,0.268482,0.0358104,0.0151398,0.173311,0.149603,1.26048
160.682086168,0.045315,0.209637,0.995413,0.0179529,3.22882,0.246488,0.355334,0.0226259,0.0100625,0.261887,0.145741,1.51266
160.728526077,0.0222149,0.240803,1.05921,0.017587,3.20643,0.297502,0.368414,0.025019,0.143992,0.309017,0.142511,1.31922
160.774965986,0.0341316,0.239669,1.01819,0.0141242,3.09628,0.326798,0.334146,0.00530358,0.193935,0.230364,0.140815,1.41339
160.821405896,0.265622,0.202443,1.00524,0.00776215,3.0127,0.304995,0.292955,0.0325242,0.199052,0.188147,0.139513,1.5791
160.867845805,0.300031,0.191931,0.912671,0.0077111,2.73674,0.17018,0.428044,0.0769544,0.06023,0.660946,0.398955,1.51334
160.914285714,0.00055142,0.182982,1.21093,0.011378,2.36906,0.236939,0.43492,0.149492,0.14921,0.619163,0.361214,1.59791
160.960725624,0.00887448,0.174267,1.37389,0.00771413,2.50299,0.151877,0.478325,0.248404,0.418086,0.242288,0.372071,1.52841
161.007165533,0.12285,0.132726,1.30426,0.00583594,2.65176,0,0.491586,0.293952,0.488182,0.0913367,0.32027,1.35123
161.053605442,0.314205,0.112265,1.21575,0.189072,2.40696,0.0613652,0.426976,0.146719,0.481982,0.68369,0.156373,1.22015
161.100045351,0,0,0,0,0,0,0,0,0,0,0,0
161.146485261,0,0,0,0,0,0,0,0,0,0,0,0
161.192925170,0,0,0,0,0,0,0,0,0,0,0,0
161.239365079,0,0,0,0,0,0,0,0,0,0,0,0
161.285804989,0,0,0,0,0,0,0,0,0,0,0,0
161.332244898,0,0,0,0,0,0,0,0,0,0,0,0
161.378684807,0,0,0,0,0,0,0,0,0,0,0,0
161.425124717,0,0,0,0,0,0,0,0,0,0,0,0
161.471564626,0,0,0,0,0,0,0,0,0,0,0,0
161.518004535,0,0,0,0,0,0,0,0,0,0,0,0
161.564444444,0,0,0,0,0,0,0,0,0,0,0,0
161.610884354,0,0,0,0,0,0,0,0,0,0,0,0
161.657324263,0,0,0,0,0,0,0,0,0,0,0,0
161.703764172,0,0,0,0,0,0,0,0,0,0,0,0
161.750204082,0,0,0,0,0,0,0,0,0,0,0,0
161.796643991,0,0,0,0,0,0,0,0,0,0,0,0
161.843083900,0,0,0,0,0,0,0,0,0,0,0,0
161.889523810,0,0,0,0,0,0,0,0,0,0,0,0
161.935963719,0,0,0,0,0,0,0,0,0,0,0,0
161.982403628,0,0,0,0,0,0,0,0,0,0,0,0
162.028843537,0,0,0,0,0,0,0,0,0,0,0,0
162.075283447,0,0,0,0,0,0,0,0,0,0,0,0
162.121723356,0,0,0,0,0,0,0,0,0,0,0,0
162.168163265,0,0,0,0,0,0,0,0,0,0,0,0
162.214603175,0,0,0,0,0,0,0,0,0,0,0,0
162.261043084,0,0,0,0,0,0,0,0,0,0,0,0