TIME,A,Bb,B,C,C#,D,Eb,E,F,F#,G,Ab
0.000000000,0.0924357,0.69614,0.172172,1.14697,0.104434,0.987499,0.450304,0.892971,0.531287,1.50269,0.202097,0.448846
0.046439909,0.000294574,0.616915,0.214838,1.05572,0.164229,1.38713,0.499312,0.876997,0.777117,1.34801,0.113363,0.230755
0.092879819,0.000361784,1.4146,0.302434,0.933173,0.321939,1.59038,0.325965,0.594373,1.55619,0.869212,0.074555,0.33171
0.139319728,0.189557,1.72988,0.221815,0.867007,0.701199,1.26549,0.0584128,0.62278,2.02966,0.291352,0.162252,1.09106
0.185759637,0.137425,1.91908,0.200979,0.77138,1.23928,0.864526,0.0533798,0.323007,2.31988,0,0.538659,1.71034
0.232199546,0.123514,2.20039,0.172706,0.639185,1.55538,0.484044,0.266712,0.230234,2.11718,0,0.721243,1.92347
0.278639456,0.145787,2.35004,0.160831,0.548004,2.31825,0.387059,0.278344,0.144248,1.50456,0.132763,0.572674,1.44962
0.325079365,0.0307298,2.09292,0.0775208,0.368363,2.83388,0.480508,0.0347242,0.462224,0.438747,0.708153,0.136008,1.14582
0.371519274,0.0208412,1.93577,0.0833759,0.0229232,2.89196,0.0887989,0.0369344,0.594028,0.688446,1.22294,0.0552424,1.17641
0.417959184,0.000281366,1.77984,0.183403,0.0673714,2.81102,0.0491952,0.232603,0.514542,0.833903,1.28887,0,1.25593
0.464399093,0.00030831,2.16742,0.223142,0.0883523,2.71078,0.0499409,0.37453,0.407445,1.25989,1.2114,0,1.48122
0.510839002,1.3025e-05,2.8233,0.219956,0.115394,3.07715,0.163271,0.235845,0.19236,1.34462,1.01363,6.65535e-05,1.38263
0.557278912,0,3.30228,0.087307,0.151495,3.10466,0.158116,0.0265913,0.301971,1.98576,0.720409,0.000336508,0.836017
0.603718821,8.69631e-06,3.47341,0.0232287,0.150906,3.57316,0.181662,0.04638,0.238935,2.17201,0.282207,7.96405e-05,0.744364
0.650158730,0.0130308,3.40529,0.0120941,0.146557,3.72555,0.320149,0.048135,0.0407019,2.39801,0,0,1.06179
0.696598639,0.022643,3.34486,0.0224141,0.167585,3.69387,0.429026,0.059403,0.063056,2.17093,0,0.0490338,1.16353
0.743038549,0.0860431,3.09237,0.0148798,0.179503,3.40835,0.48777,0.0708506,0.240002,2.25712,0.0578725,0.0117887,1.29756
0.789478458,0.178917,3.07928,0.0569302,0.175588,3.28751,0.492173,0.0818624,0.357817,2.34779,0.000160687,0.108914,1.39782
0.835918367,9.46991e-05,3.1292,0.0542995,0.156294,3.01459,0.503048,0.101099,0.34608,2.25626,0.00242463,0.111373,1.37709
0.882358277,0.176412,3.06737,0.0214685,0.264569,2.3858,0.490759,0.144608,0.257418,2.10961,0.305123,0.0744455,1.13235
0.928798186,0.354937,3.27371,0.0270214,0.250896,0.783584,0.904028,0.197768,0.554862,1.70671,0.330115,0.000659354,0.396603
0.975238095,0.170239,3.29083,0.0596689,0.0313669,0.0398671,1.57359,0.243506,0.653497,1.56234,0.248397,0.105538,0.27297
1.021678005,0.155027,3.20171,0.33927,0.0349297,0.0315837,1.64122,0.182093,0.690278,1.45846,0.0700329,0.0871586,0.281266
1.068117914,0.270045,3.2175,0.407273,0.0273398,0.0260102,1.24391,0.103937,0.689855,1.39082,0.0584939,0.00191144,0.230033
1.114557823,0.268844,3.10843,0.340827,0.0157592,0.0930751,1.36167,0.214485,0.635397,1.43786,0,0.00848239,0.279651
1.160997732,0.313523,2.84647,0.31971,0.010409,0.171102,1.23957,0.408771,0.702965,1.24656,0,0.0530518,0.388412
1.207437642,0.540509,2.94244,0.333019,0.0181027,0.121701,1.23056,0.517937,0.741309,1.05519,0.00204826,0.117345,0.487535
1.253877551,0.124112,3.55866,0.263032,0.0405247,0.0388443,1.42765,0.451015,1.15628,1.14473,0.0637653,0.0933069,0.478918
1.300317460,0.000372816,4.17497,0.0116118,0.215523,0.00443521,1.52789,0.182948,0.923526,1.13357,0.0612356,0.00310742,0.623565
1.346757370,0.000801529,4.16349,0,0.144162,0,1.55566,0.088984,0.807658,1.22872,0.0527169,0,0.73694
1.393197279,0.000859087,3.89099,0.000315237,0.14321,0,1.49859,0.000523627,0.882811,1.24973,0.0771279,0,0.767092
1.439637188,0.000339188,3.72865,0.00647259,0.189122,0,1.41819,0,0.943332,1.18603,0.0398281,0.0307585,0.764937
1.486077098,0.000419688,3.74178,0.0832806,0.119418,0.351872,1.44176,0,0.719481,1.08328,0,0.00404137,0.862665
1.532517007,0.000471778,3.65766,0.147779,0.115369,1.0873,1.16637,0.139981,0.155098,0.975305,0.288266,0.199103,0.741416
1.578956916,0.000530673,3.5326,0.156733,0.116449,1.81476,0.757686,0.221702,0.0552742,0.840537,0.664337,0.193075,0.717656
1.625396825,0.000586422,3.20181,0.227875,0.0948075,2.08094,0.443502,0.239317,0.025877,0.689972,0.996327,0.12449,0.753495
1.671836735,0.00053901,2.69449,0.372081,0.06776,2.09405,0.45129,0.248583,0.0109952,0.820932,1.25944,0.123899,0.791961
1.718276644,0.000528588,2.63162,0.41405,0.0553563,2.18423,0.439006,0.197481,0.00161042,0.980991,1.21946,0.0102672,1.13717
1.764716553,0.000447154,2.65272,0.310673,0.0326403,2.31357,0.456072,0.092892,0.000869115,0.924727,1.29276,0.00324542,1.55773
1.811156463,0.0035106,2.5614,0.0413272,0.0232528,2.49569,0.574554,0,0,0.731451,1.45104,0.00331909,1.68796
1.857596372,0.0025638,2.55631,0.0017824,0.0359593,2.3588,0.634484,0,0,0.718958,1.44077,0.00255357,1.7916
1.904036281,0.00941391,2.52813,0.0393972,0.0607863,2.29944,0.610509,0.0292262,0.000736945,0.718119,1.40768,0.0142456,1.90511
1.950476190,0.00233495,2.36551,0.0987389,0.0543414,2.40676,0.570059,0.100374,0.0116481,0.714041,1.3831,0.0157193,1.95308
1.996916100,0.023585,2.33722,0.104308,0.0642671,2.47673,0.596589,0.0707265,0.00396075,0.716398,1.34294,0.0111437,1.9734
2.043356009,0.0307496,2.39461,0.106219,0.0752648,2.47742,0.63438,0,0.00990987,0.71556,1.40223,0.000818373,1.89036
2.089795918,0,2.42612,0.190069,0.0883342,2.52684,0.657903,0,0.0432459,0.721605,1.35794,0.00135539,1.69573
2.136235828,0.0173698,2.4018,0.195473,0.110333,2.55579,0.623638,0,0.0308197,0.752375,1.38841,0.00168488,1.67254
2.182675737,0.0496375,2.40786,0.0691458,0.115164,2.41806,0.582949,0.00326244,0.00689938,0.832458,1.55554,0.00126936,1.72443
2.229115646,0.0458244,2.36915,0.0742519,0.112236,2.3982,0.501837,0,0.00106865,0.903027,1.55264,0.000639095,1.7828
2.275555556,0.0305825,2.31581,0.0899845,0.0931825,2.51951,0.398632,0,0.0706421,0.866267,1.29852,0.036277,1.80029
2.321995465,0,2.28866,0.0870238,0.0669342,2.7023,0.39139,0,0.111122,0.907157,1.09457,0.162226,1.61483
2.368435374,0,2.09978,0.0386679,0.0597429,2.61794,0.39689,0,0.221611,1.06014,1.53225,0.102219,1.39305
2.414875283,0.00307283,2.62685,0.0979607,0.0975897,2.1991,0.401991,0.102293,0.0599342,1.04839,2.16174,0.0283536,0.691729
2.461315193,0.00222198,2.61201,0.1853,0.104815,1.87598,0.538776,0.182337,0.0139934,1.11925,2.21242,0.0576873,0.6025
2.507755102,0.0146974,2.51686,0.0975505,0.107591,1.74867,0.650878,0.180888,0.0206869,1.01326,2.29272,0.097788,0.712301
2.554195011,0.0454426,2.49057,0.10907,0.110251,1.91602,0.705989,0.129228,0.0264672,0.801848,2.41948,0.151709,0.71773
2.600634921,0.0176282,2.53186,0.120061,0.117664,2.00674,0.725481,0.0700957,0.0322506,0.647111,2.43642,0.174438,0.790367
2.647074830,0.0159682,2.75592,0.105584,0.124712,1.95006,0.730615,0.0267069,0.0345087,0.572112,2.43415,0.125651,0.89906
2.693514739,0.000174495,3.05634,0.0744252,0.116349,1.83516,0.746081,0.216279,0.0316934,0.584857,2.35874,0.0948896,0.79416
2.739954649,0.000406907,3.08136,0.0110562,0.107718,1.6005,0.750713,1.21149,0.0230409,0.652257,2.18154,0.10008,0.445605
2.786394558,0.000399078,3.01847,0.00999399,0.111627,1.27815,0.727129,1.57261,0.00994456,0.829776,1.47164,0.122628,0.980709
2.832834467,0.000227752,3.02385,0.0399207,0.112451,1.77755,0.617488,1.4878,0.0156918,0.815961,0.247345,0.135068,1.51535
2.879274376,0,2.75671,0.303488,0.0967999,2.27827,0.586981,1.10791,0.0409932,0.86034,0.0397471,0.207772,1.67529
2.925714286,0,2.23954,0.392991,0.11475,2.63149,0.573405,0.690809,0.068345,1.01233,0.0656114,0.113223,1.61029
2.972154195,0.304846,1.92962,0.181452,0.250547,2.8708,0.500186,0.604027,0.0915843,1.05,0.0727198,0,1.18977
3.018594104,0.291035,1.21711,0.192889,0.677732,2.81492,0.443698,1.12155,0.0615488,1.11657,0.0890091,0,1.2788
3.065034014,0.0832889,0.647994,0.0354807,1.50533,2.23577,0.344265,1.50601,0.536559,0.996566,0.0628546,0.121287,1.44315
3.111473923,0.000320043,0.622754,0.0465887,2.56134,0.92016,0.142686,1.98212,0.214714,0.896296,0.0462705,0.320189,1.85063
3.157913832,0.000618745,0.860183,0.0247519,2.80282,0.668921,0.114687,2.03795,0.236645,0.68357,0.0539307,0.566977,1.92111
3.204353741,0.000414554,0.907451,0.0094577,2.80367,0.57588,0.113342,1.99386,0.259071,0.602556,0.0955039,0.551781,1.9623
3.250793651,0.000159476,1.05212,0.0267507,2.74199,0.389469,0.128749,1.98125,0.351799,0.506337,0.0883514,0.448759,2.18158
3.297233560,0,1.51018,0.132796,2.48361,0.238039,0.110684,2.01965,0.55965,0.0919632,0,0.495038,2.19467
3.343673469,0,1.78808,0.0634969,1.84039,0.128088,0.147751,2.00736,0.716273,0.0308845,0,0.629065,2.27603
3.390113379,0,1.78947,0.00922679,1.44538,0,0.171138,2.00278,0.72554,0.0124742,0,0.646228,2.4781
3.436553288,0.000271023,1.4498,0.0110852,1.41772,0.145025,0.15812,2.1306,0.657283,0,0.0264194,0.626591,2.57734
3.482993197,0.000583598,1.41043,0.0384898,1.39622,0.456507,0.12332,2.1359,0.619217,0,0.0454089,0.698281,2.49857
3.529433107,0.000768084,1.62741,0.0127608,1.35312,0.587786,0.108384,2.09585,0.617307,0.0232202,0.0459736,0.754599,2.36661
3.575873016,0.000709941,1.81935,0,1.13943,0.690975,0.110663,2.09033,0.644477,0.0689474,0.0927194,0.80586,2.27012
3.622312925,0.000499503,1.93435,0.00165312,0.869873,0.917264,0.108522,2.21025,0.617209,0.0394321,0.0991526,0.865636,2.1562
3.668752834,0.00018933,1.86692,0.0979599,0.954032,0.908294,0.11297,2.32933,0.578256,0.0538783,0.0603743,0.845293,2.19625
3.715192744,9.73501e-05,1.60685,0.0743448,1.06869,0.748831,0.136741,2.38157,0.558112,0.0647537,0.0327458,0.819549,2.23698
3.761632653,6.34483e-05,1.44911,0.0228838,1.3617,0.537553,0.17743,2.4236,0.537866,0.0814674,0.00733851,0.732098,2.29999
3.808072562,0.00671228,1.31722,0.0110354,1.91846,0.253627,0.26908,2.5426,0.480213,0.0715437,0.00784231,0.718045,2.38295
3.854512472,0.00249866,1.26659,0.00151356,2.21669,0,0.502619,2.0964,0.377053,0.226193,0.00814146,0.52823,2.72281
3.900952381,0.000374586,1.37766,0.0343057,2.40207,0,0.567935,2.01799,0.204033,0.343152,0.00807804,0.441436,2.79308
3.947392290,0.0800188,1.43388,0.0385585,2.50727,0,0.520482,2.12893,0.0919222,0.430052,0.00806551,0.390135,2.79995
3.993832200,0.0745544,1.35991,0.00143794,2.5381,0.229452,0.489377,2.34159,0.0772887,0.486114,8.84091e-06,0.364158,2.56752
4.040272109,0.0508336,1.27205,0.00115141,2.45704,0.149081,0.449284,2.34442,0.0992194,0.439112,0.0255298,0.380683,2.65584
4.086712018,0.0104048,1.30953,0.00274509,2.28644,0.00300163,0.411765,2.15565,0.141333,0.290863,0.0592083,0.436755,2.86332
4.133151927,0.0113345,1.41326,0.00239015,2.30805,0.0182368,0.370319,1.77353,0.112448,0.257685,0.0751668,0.466615,2.82609
4.179591837,0.075941,1.21582,0.000722704,2.37593,0.0276252,0.306447,1.94123,0.047583,0.333718,0.0550377,0.42304,2.79276
4.226031746,0.101495,1.093,0.00481449,2.36432,0.03342,0.238042,2.27271,0.000338126,0.352907,0,0.321581,2.71999
4.272471655,0.0704688,1.13005,0.0554997,1.85454,0.0694028,0.170258,2.27293,0.00727581,0.328942,0.187579,0.641987,2.5688
4.318911565,0.0224498,1.1184,0.174965,0.765993,0.740648,0.197537,1.86895,0.00331503,0.365671,0.847294,1.49983,1.95793
4.365351474,0.0586068,1.19211,0.408305,0.109905,1.90308,0.337393,0.852359,0,0.63987,1.90226,1.85832,0.526787
4.411791383,0,1.52405,0.470963,0.00198059,2.31947,0.392953,0.177357,0.0624361,1.13904,2.37724,0.952241,0.337322
4.458231293,0,1.69261,0.303806,0.000333602,2.40348,0.347977,0.158456,0.166639,1.20007,2.37841,0.0344552,0.942758
4.504671202,0.140568,2.01599,0.211641,0.0228496,2.3865,0.230326,0.227773,0.0666072,1.27987,2.13914,0.000691381,0.789568
4.551111111,0.177958,2.6314,0.165079,0.0496028,2.40262,0.125468,0.291984,0.00167423,1.41494,1.61399,0.000325312,0.20997
4.597551020,0.176482,3.03476,0.0866994,0.109001,2.18615,0.103325,0.424877,0.0912827,0.77894,2.36528,0.000135072,0.130889
4.643990930,0.0959496,2.85393,0.145741,0.179589,2.23665,0.0940804,1.00363,0.194837,0.210095,2.37425,0.000708289,0.84976
4.690430839,0.000542181,2.11957,0.193792,0.184814,2.43845,0.0825273,0.937614,0.158183,0.334912,2.42345,0.0224255,1.5686
4.736870748,0.000516799,1.80435,0.196958,0.215233,2.37256,0.0795926,0.79296,0.128952,0.337901,2.40184,0.0372702,2.0629
4.783310658,0.000359974,1.92198,0.163637,0.227325,2.23578,0.0866126,0.963398,0.113508,0.28784,2.42463,0.0333621,2.07083
4.829750567,0,1.92168,0.150731,0.178458,2.40934,0.0987622,1.02799,0.120746,0.239828,2.43236,6.87912e-05,1.90795
4.876190476,0,1.8031,0.125603,0.192203,2.55244,0.373924,1.26894,0.104047,0.3312,2.48869,0.000174171,1.66608
4.922630385,0.107245,1.90938,0.0556193,0.180702,2.54708,0.280191,1.69425,0.0946598,0.578007,2.40202,0.000582701,1.50799
4.969070295,0.0472025,1.86146,0.0373283,0.169953,2.2776,0.278139,2.06244,0.0873743,0.903632,2.07795,0.0253624,1.26698
5.015510204,4.77519e-05,2.13486,0,0.154512,2.11822,0.0790792,2.28735,0.110909,0.946942,1.85965,0.343713,0.41814
5.061950113,0.000280782,2.39563,0.0135577,0.157237,2.13766,0.0846917,2.16941,0.143867,0.77937,1.82509,0.497564,0.290898
5.108390023,0.000298689,2.33976,0.0405744,0.147691,2.20129,0.0898055,2.07597,0.170087,0.849037,1.78219,0.499804,0.286228
5.154829932,0.00032998,2.15979,0.0541877,0.118365,2.13877,0.0959846,1.99203,0.178088,0.979167,1.72686,0.549309,0.368179
5.201269841,0.000324671,2.0947,0.0557919,0.10153,2.04502,0.0916331,1.84982,0.181733,0.999963,1.62118,0.553633,0.425456
5.247709751,0.000475591,2.2157,0.0569322,0.0882735,1.93061,0.0792183,1.62823,0.411339,0.984827,1.33885,0.55263,0.428076
5.294149660,0.000641182,2.27287,0.0747576,0.0803361,1.95829,0.0823939,1.64163,0.558283,1.04305,0.835415,0.417527,0.370409
5.340589569,0.223214,1.97717,0.132441,0.0561837,1.94614,0.0574444,1.88605,0.348354,1.43312,0.20864,0.207413,0.553061
5.387029478,0.0896535,2.22946,0.0946612,0.0727777,1.77196,0.127845,2.07447,0.154725,1.52899,0.108278,0.0226639,0.860451
5.433469388,0.0741408,2.37547,0.0582661,0.0841757,1.81956,0.436743,2.2054,0.0182873,1.71457,0.0686347,0.000876135,1.15336
5.479909297,0.11854,2.15243,0.0734906,0.0603047,1.80674,0.56661,2.28987,0.0195699,1.68178,0.0291306,0,1.35537
5.526349206,0.107086,1.9329,0.05476,0.0529729,1.88003,0.612274,2.30001,0.0249483,1.66597,0.0375376,0,1.36085
5.572789116,0.120723,2.04075,0.0277184,0.0550607,1.79916,0.577361,2.23833,0.0305383,1.52647,0.0462372,0,1.31363
5.619229025,0.144749,2.30268,0.0203305,0.0509222,1.82751,0.440147,2.23865,0.0178582,1.30561,0,0,1.25368
5.665668934,0.135101,2.3681,0.0264005,0.0775992,1.88291,0.381314,2.50449,0.00297799,0.994174,0,0.0791868,1.32384
5.712108844,0.0249271,2.22629,0.0444441,0.0941818,1.93479,0.384058,2.6729,0.00254897,0.951907,0,0.450723,1.29943
5.758548753,0,2.17201,0.052504,0.106747,1.89132,0.32126,2.5453,0.00279472,1.01668,0,0.703249,1.10233
5.804988662,0,2.20391,0.105583,0.110088,1.56867,0.554807,2.41836,0.126117,0.950451,0,0.795276,1.00035
5.851428571,9.38437e-05,2.36101,0.285193,0.205758,1.29572,0.672301,2.2228,0.546314,0.864032,0.0101179,0.472215,0.84181
5.897868481,0.000330086,2.65479,0.421431,0.127534,1.42246,0.600149,1.34741,0.92746,0.899009,0.427033,0.352366,0.901723
5.944308390,0.000221737,2.41155,0.501177,0.12168,1.51521,0.886395,0.598777,0.397473,1.75599,0.329529,0.749376,1.18236
5.990748299,0.0208394,2.20569,0.506684,0.126127,1.62702,0.630476,0.58831,0.0204248,2.29929,0.132321,0.668869,1.30784
6.037188209,0,3.01794,0.216918,0.511197,1.84242,0.388159,0.588243,0.0194893,2.26807,0.0524678,0.386446,1.22346
6.083628118,0,3.47957,0.119737,0.534898,2.21104,0.630176,0.319484,0.0365009,2.53982,0,0.124641,0.835215
6.130068027,0,3.52452,0.142678,0.434567,2.45785,0.88869,0.0519206,0.129272,2.60835,0.0130158,0,0.594799
6.176507937,7.99118e-05,3.39557,0.167874,0.367251,2.57405,0.885063,0.0390608,0.0986809,2.30859,0.0193055,0,0.852189
6.222947846,0.000137877,3.11964,0.182086,0.276824,2.69623,0.737468,0.0672434,0.0350499,1.84556,0.129092,0,1.0346
6.269387755,0.00010158,2.9404,0.14812,0.0754616,3.23271,0.329931,0.232721,0.0161225,1.85505,0.133858,0.0400831,0.965705
6.315827664,4.46567e-05,2.99826,0.0577347,0.0927794,3.48909,0.11121,0.0900478,0.00214042,1.96376,0.108258,0.00255062,1.09373
6.362267574,0,3.0896,0.0960341,0.0949306,3.5395,0.33943,0,0.0677277,2.16242,0.0162469,0,1.33612
6.408707483,0,3.2412,0.100904,0.11819,3.4573,0.346083,0,0.127383,2.39296,0,0,1.48698
6.455147392,0,3.35289,0.037272,0.1295,3.28946,0.18207,0.0606803,0.190235,2.61581,0.107742,0.000282132,1.4901
6.501587302,0,3.45105,0.039353,0.144894,3.11033,0.267529,0.395202,0.351357,2.42689,0.0541668,0.00076968,1.4018
6.548027211,0,3.41899,0.00290082,0.145407,2.94363,0.423479,0.382598,0.363785,2.21752,0.00868233,0.00378355,1.35788
6.594467120,0,3.32424,0.00265992,0.143692,2.86997,0.544869,0.386758,0.391002,2.05008,0.0061971,0.00105407,1.4201
6.640907029,0,3.31871,0.0208602,0.163504,3.05845,0.460123,0.341317,0.247136,2.01762,0.0017544,0.187372,1.54154
6.687346939,0,3.26957,0.115392,0.156902,3.1646,0.478613,0.344957,0.215211,2.27142,0,0.062906,1.6549
6.733786848,0.0863093,3.08668,0.203386,0.162959,2.98997,0.414409,0.311252,0.125997,2.43922,0,0.00403895,1.6767
6.780226757,0.0671142,2.98786,0.205229,0.145889,2.70521,0.405809,0.271198,0.0309892,2.46341,0.0278599,0.00231489,1.52375
6.826666667,0.36123,3.14999,0.0833467,0.095001,1.96401,0.396892,0.129672,0.0709273,2.02271,0.365108,0.000835738,0.956071
6.873106576,0.331067,3.39171,0.0378216,0.0263465,0.3948,1.14739,0.188528,0.395127,1.65669,0.54185,0.0302948,0.271879
6.919546485,0.265168,3.36553,0.0576409,0.0210736,0.390743,1.2563,0.168866,0.462579,1.69806,0.19267,0.038978,0.249764
6.965986395,0.288055,3.17064,0.0692439,0.0198788,0.391719,1.33266,0.347412,0.613433,1.80874,0.00555403,0.00652988,0.179508
7.012426304,0.28669,3.06102,0.136094,0.00275181,0.215568,1.32224,0.407539,0.750556,1.8357,0.0390455,0.00944763,0.273492
7.058866213,0.533301,3.03197,0.169622,0,0.410905,0.893591,0.5826,0.681684,1.83325,0.0365629,0.25211,0.211017
7.105306122,0.519232,3.03289,0.129865,0.00161028,0.577755,0.872723,0.861028,0.466702,1.66717,0.0313252,0.430693,0.195326
7.151746032,0.353087,3.26787,0.0729486,0.00890393,0.64599,0.886345,0.815382,0.360389,1.44208,0,0.485185,0.24598
7.198185941,0.218562,3.49887,0.00489076,0.0137406,0.482311,1.13312,0.718368,0.378405,1.29306,0.200523,0.389095,0.242323
7.244625850,0.0373093,3.76048,0.160776,0.0582596,0.194069,1.57799,0.439294,0.471864,1.22665,0.0420443,0.380852,0.299535
7.291065760,0.0213924,3.88679,0.125113,0.132728,0.0519905,1.7073,0.303851,0.658055,1.24787,0,0.0941164,0.769175
7.337505669,0.0308468,3.72239,0.126714,0.135564,0.0263981,1.60001,0.34115,0.772272,1.22165,0.00142845,0.0611545,0.867591
7.383945578,0.166233,3.66546,0.0111026,0.143514,0.152966,1.54725,0.261786,0.683203,1.05144,0,0.00888095,0.806409
7.430385488,0.0744505,3.71304,0.0052507,0.142299,0.82603,1.43724,0.00510045,0.373246,0.895637,0,0.0465533,0.880102
7.476825397,0.00554464,3.61374,0.0624498,0.130499,1.58709,1.07389,0.133586,0.108741,0.884356,0.272763,0.124469,0.65932
7.523265306,0.0173377,3.45275,0.0926706,0.123677,2.14612,0.604454,0.195508,0.0389138,0.821747,0.572556,0.109231,0.727684
7.569705215,0,3.03284,0.171109,0.102037,2.24158,0.501605,0.210796,0.0151591,0.749308,1.08724,0.115668,0.805082
7.616145125,0.00346367,2.5729,0.131782,0.0873473,2.22818,0.461812,0.230498,0.00548242,0.910498,1.62937,0.113007,0.855076
7.662585034,9.2001e-05,2.64184,0.106025,0.0530371,2.25873,0.456637,0.168058,0.00254637,0.945673,1.63799,0.0735628,1.24678
7.709024943,9.98172e-05,2.59638,0.0375325,0.019823,2.3671,0.519656,0.0347803,0.00173928,0.909949,1.46361,0.0589604,1.57861
7.755464853,0.0654293,2.59997,0.00839545,0.0128052,2.40718,0.633363,0,0.00103463,0.819396,1.39512,0.00251062,1.60638
7.801904762,0.0383754,2.61184,0.0167788,0.0427763,2.34691,0.629114,0.0017578,0.0118154,0.798745,1.42854,0.00103803,1.7361
7.848344671,0.0154558,2.46717,0.078264,0.0687509,2.36991,0.577571,0.0741161,0.0446031,0.810818,1.41787,0.000586229,1.81408
7.894784580,0.090002,2.32521,0.124844,0.074833,2.48262,0.558821,0.103479,0.0128019,0.747982,1.42288,0.0128278,1.83457
7.941224490,0.00316803,2.30648,0.26126,0.101731,2.53855,0.597163,0.0319481,0.00211181,0.638597,1.30567,0.0162141,1.88433
7.987664399,0,2.12226,0.191455,0.109505,2.62179,0.622338,0.0282236,0.0357893,0.823596,1.24337,0.027689,1.70756
8.034104308,0.0980469,1.69466,0.122174,0.105909,2.72193,0.642451,0.250073,0.140258,0.927064,1.27153,0.0503431,1.58047
8.080544218,0.254919,1.68021,0.0763779,0.112948,2.72299,0.46843,0.278913,0.138182,0.97207,1.32691,0.0589797,1.62968
8.126984127,0.212865,1.74569,0.11661,0.1236,2.47137,0.419874,0.394119,0.0261002,1.02954,1.37767,0.0358994,1.70067
8.173424036,0.119961,2.03934,0.0803649,0.119692,2.43575,0.402885,0.240224,0.0456915,0.894765,1.38752,0.008266,1.71328
8.219863946,0.0877818,2.16301,0.124375,0.082311,2.61382,0.392819,0.139336,0.181959,0.85102,0.984095,0.0865606,1.70144
8.266303855,0.0716936,2.06855,0.110885,0.0617697,2.73895,0.372408,0,0.303139,0.807378,0.988276,0.0923391,1.59056
8.312743764,0.119489,2.21695,0.158749,0.141224,2.47061,0.341959,0.0315176,0.187674,0.951494,1.77039,0.000601139,1.17874
8.359183673,0.0379405,2.59474,0.132199,0.106084,2.09691,0.396175,0.13364,0.0231019,1.04385,2.41581,0.0170904,0.655498
8.405623583,0.00840629,2.32225,0.105028,0.12043,1.91361,0.520723,0.162446,0.00713284,1.11297,2.40725,0.0443013,0.587187
8.452063492,0.0655658,2.20561,0.0912756,0.127037,1.84685,0.633489,0.113253,0.0288213,0.989347,2.40573,0.0354296,0.655064
8.498503401,0.0898412,2.36144,0.194537,0.168282,1.939,0.739729,0.0656197,0.0543909,0.719248,2.31855,0.0262728,0.669033
8.544943311,0.0234572,2.5708,0.265679,0.134532,1.96042,0.721263,0.183243,0.0305632,0.687517,2.08516,0.192237,0.516604
8.591383220,0.229837,2.63735,0.288829,0.143565,1.48353,0.869568,0.426083,0.00480996,0.737211,1.88407,0.340026,0.555811
8.637823129,0.346286,2.92238,0.250537,0.175155,0.870308,0.828927,0.322368,0.12387,0.852953,1.88337,0.471401,0.505833
8.684263039,0.237433,2.9522,0.0034824,0.27065,1.09579,0.782109,0.656155,0.254548,0.942348,1.63819,0.34301,0.565023
8.730702948,0.0922437,2.85731,0.155209,0.253352,1.69247,0.659719,1.35536,0.285995,0.905261,0.796869,0.0603051,1.1094
8.777142857,9.64994e-05,2.89043,0.15574,0.16945,2.28058,0.663103,1.19279,0.233222,0.843639,0.0175004,0.1093,1.54703
8.823582766,0.00620604,2.51546,0.241307,0.167478,2.60866,0.645545,0.845491,0.342929,1.00293,0.0113915,0.118006,1.51711
8.870022676,0.139736,2.3008,0.165885,0.132564,2.87763,0.502957,0.531017,0.127202,0.989502,0.0250307,0.0718127,1.33284
8.916462585,0.203643,1.86371,0.199036,0.432843,3.05817,0.395371,0.870973,0.0720327,0.94022,0.0110753,0.0389459,1.10838
8.962902494,0.174035,1.11402,0.161981,0.889345,2.74576,0.349288,1.35923,0.0810438,1.025,0.0267227,0.0368192,1.31943
9.009342404,0.00322959,0.764,0.121449,1.98403,1.88014,0.315241,1.76853,0.221353,0.91872,0.0158263,0.232352,1.4511
9.055782313,0,0.801098,0.0357804,2.70389,0.783264,0.267364,2.10735,0.267452,0.799769,0,0.414844,1.7325
9.102222222,0,0.982473,0.0180966,2.81525,0.875054,0.113497,2.13378,0.26752,0.634553,0,0.541901,1.76395
9.148662132,0.000166907,0.957657,0.00466493,2.77058,0.726203,0.107658,2.07153,0.381482,0.581758,0,0.551173,1.81499
9.195102041,0.00010091,1.11921,0.00176833,2.65318,0.682974,0.114433,2.10562,0.518393,0.329277,0,0.556342,1.81803
9.241541950,0.0946732,1.60926,0.00303956,2.2966,0.568752,0.143078,2.08198,0.667834,0,0,0.619137,1.81322
9.287981859,0.0588956,1.82524,0.00332818,1.58768,0.349595,0.19595,1.96189,0.71251,0,0,0.729432,2.17847
9.334421769,9.75995e-05,1.65199,0.00772839,1.32589,0.311958,0.211542,2.11865,0.651172,0,0,0.696751,2.39494
9.380861678,0,1.29723,0.00632773,1.29148,0.448619,0.33718,2.24214,0.624331,0,0,0.747685,2.46826
9.427301587,1.43492e-05,1.30051,0.137311,1.22215,0.509427,0.291991,2.12312,0.652023,0,0.0314372,0.817287,2.29145
9.473741497,0,1.46725,0.113697,1.02211,0.659443,0.258297,2.09774,0.702099,0,0.0219536,0.915617,2.17412
9.520181406,0.00548284,1.51343,0.132209,0.851967,0.972034,0.259303,2.1193,0.68042,0,0.00295162,1.02042,2.07886
9.566621315,0.0275074,1.49032,0.223306,0.734432,1.21302,0.247026,2.24822,0.647739,0,0.00113981,1.17407,1.81483
9.613061224,0,1.38856,0.146298,0.930938,1.02044,0.319744,2.44126,0.639278,0,0,1.21339,1.6813
9.659501134,0,1.3263,0.218938,1.03816,0.713485,0.490378,2.36726,0.643102,0.00424522,0.00153435,0.912281,2.02974
9.705941043,0.00647674,1.28693,0.173309,1.50703,0.455182,0.485723,2.44463,0.569602,0.00934552,0.00614658,0.791285,2.20655
9.752380952,0.0251677,1.23233,0.145145,2.02331,0.14719,0.611856,2.41451,0.436083,0.0208647,0.00862253,0.786121,2.4003
9.798820862,0.0370929,1.37777,0.00379835,2.31517,0.249972,0.603942,2.18423,0.319348,0.233432,0.00847418,0.434606,2.47589
9.845260771,0.00585175,1.43566,0.0029295,2.45833,0.258036,0.546734,2.1202,0.109558,0.318756,0.0030498,0.37514,2.52792
9.891700680,3.24858e-05,1.37206,0.0181827,2.5753,0.256419,0.521262,2.15914,0.0372316,0.333079,0.00311888,0.314341,2.51945
9.938140590,0.0114847,1.15021,0.0279382,2.49571,0.13794,0.625557,2.18767,0.0826778,0.406806,0.00050364,0.335444,2.57525
9.984580499,0,1.17601,0.118161,2.28149,0.0481735,0.572062,2.06486,0.179206,0.393285,0.0156633,0.38643,2.56559
10.031020408,0,1.54573,0.157024,2.24175,0.0667231,0.30336,1.30294,0.482394,0.525026,0.0169727,0.606446,2.57442
10.077460317,0.0117704,1.54157,0.246362,2.20313,0.172961,0.270312,0.95351,0.500119,0.566326,0.0059882,0.706796,2.49507
10.123900227,0.0431382,1.24747,0.430425,2.16569,0.228075,0.256407,1.39902,0.312349,0.522016,0,0.661815,2.50454
10.170340136,0.0559318,1.07504,0.352346,2.06689,0.112679,0.349007,2.07234,0.263222,0.41332,0,0.535581,2.39999
10.216780045,0.0195618,0.992437,0.183025,1.46916,0.0834232,0.399421,2.14625,0.192471,0.26867,0.242616,0.944809,2.30614
10.263219955,0.123613,1.019,0.24237,0.415584,1.07559,0.381612,1.63429,0.086922,0.307765,1.23306,1.872,1.34464
10.309659864,0.200576,1.15564,0.248383,0.0474302,1.9104,0.540714,0.461093,0,0.850609,2.33303,1.61209,0.307427
10.356099773,0.153876,1.53267,0.183479,0.0257346,2.29219,0.451095,0.220479,0.0842074,1.18304,2.69824,0.522226,0.67248
10.402539683,0.0400025,1.78317,0.286064,0.0272902,2.44668,0.290793,0.203686,0.130662,1.13792,2.47798,0.0441868,1.03227
10.448979592,0.0159934,2.18283,0.480392,0.0415056,2.46292,0.179954,0.257719,0.0616624,1.34326,1.89583,0.0508102,0.817081
10.495419501,0.0171292,2.44805,0.590347,0.122078,2.29313,0.0937463,0.491659,0.0551736,1.37602,1.84495,0.0516953,0.314409
10.541859410,0.0431582,2.48447,0.79088,0.215078,1.98049,0.097066,0.631465,0.104089,0.885592,2.09369,0.0318374,0.832478
10.588299320,0.11788,2.28375,0.852019,0.218459,2.26733,0.0805034,0.854136,0.131499,0.338748,2.00003,0.038378,1.56502
10.634739229,0.026495,1.9759,0.568216,0.20522,2.58294,0.0763167,0.791771,0.115462,0.243852,2.25682,0.0419143,1.88649
10.681179138,0.000198602,1.9919,0.247319,0.195941,2.52821,0.122204,0.840914,0.232855,0.211781,2.34365,0.0897944,2.08022
10.727619048,0.0121103,1.90098,0.187688,0.184233,2.45316,0.0975711,1.04795,0.181745,0.261495,2.41164,0.112102,2.07933
10.774058957,0.0203734,1.92521,0.175318,0.248748,2.62164,0.110692,1.01199,0.100522,0.227281,2.44628,0.0715951,1.85933
10.820498866,0.0820075,1.7823,0.13498,0.202383,2.48471,0.133625,1.41028,0.16889,0.314863,2.49284,0.0867231,1.69866
10.866938776,0.263934,1.75283,0.0664304,0.190061,2.33477,0.130482,1.81219,0.128977,0.731332,2.32283,0.0594953,1.59341
10.913378685,0.184304,1.86974,0.194945,0.166602,2.21252,0.0912004,2.05794,0.0773056,1.09842,1.73481,0.165202,0.876136
10.959818594,0.285212,2.13999,0.218438,0.163036,1.9796,0.0109875,2.04609,0.0832257,1.17943,1.45128,0.427504,0.444877
11.006258503,0.370427,2.02244,0.299452,0.288463,1.87071,0.00448852,1.87348,0.0823907,1.00974,1.33314,0.738553,0.358231
11.052698413,0.2659,1.77161,0.460646,0.352677,1.84771,0.00668093,1.86276,0.105148,1.19927,1.28787,0.69253,0.51938
11.099138322,0.198042,1.83218,0.258811,0.317641,1.90131,0,1.74312,0.14809,1.29055,1.25899,0.457504,0.629608
11.145578231,0.160264,2.01586,0.0568954,0.133901,1.97535,0.0363574,1.61641,0.215983,1.19405,1.12804,0.42236,0.732961
11.192018141,0.116809,2.38565,0.0708745,0.0820442,1.90362,0.0422288,1.53792,0.438003,0.98126,0.815861,0.430034,0.576084
11.238458050,0.0860289,2.27236,0.339998,0.0700738,1.81543,0.0312828,1.67485,0.490019,1.11578,0.383494,0.210324,0.633083
11.284897959,0.0540382,2.19087,0.419133,0.0757541,1.80496,0.0572917,1.88371,0.536062,1.42401,0.0662851,0.0755881,0.736697
11.331337868,0.113568,2.35892,0.253891,0.0992305,1.87048,0.321964,2.01419,0.18798,1.77845,0,0.0176803,1.10815
11.377777778,0.3614,2.08816,0.314447,0.0952329,1.88057,0.481372,2.11898,0.00314401,1.98234,0,0.042422,1.30079
11.424217687,0.364301,1.75502,0.282477,0.0868394,1.93414,0.577798,2.03276,0.00415464,2.03634,0,0.0275171,1.41442
11.470657596,0.351976,1.80186,0.110426,0.0819259,1.98588,0.560841,1.7761,0.0227319,1.99414,0.0145949,0,1.56539
11.517097506,0.441418,2.18458,0.144537,0.0742368,1.72164,0.127832,1.60656,0.0639605,1.92732,0.0280565,0,1.39592
11.563537415,0.607942,2.1562,0.248445,0.184576,1.72099,0.0418087,1.62001,0.0632259,1.65902,0.0192909,0.0860525,1.09742
11.609977324,0.493694,1.86952,0.398812,0.313724,1.45971,0.131671,2.03879,0.00539342,1.42146,0.00360928,0.197674,0.787973
11.656417234,0.367366,1.9506,0.356765,0.356785,1.67527,0.148179,2.16681,0.070943,0.907036,5.97128e-05,0.489682,0.550412
11.702857143,0.28001,2.03595,0.135137,0.36383,1.53458,0.197576,2.38782,0.0535794,0.7865,0.387656,0.489479,0.596616
11.749297052,0.330447,1.87434,0.0682649,0.228581,1.02362,0.108709,2.38848,0.196374,0.672044,0.721143,0.178489,0.138831
11.795736961,0.460095,2.11001,0.229117,0.196114,0.589349,0.0249385,1.70296,0.49348,0.72922,0.946694,0.00616329,0.208409
11.842176871,0.403706,2.00025,0.211122,0.200416,0.564588,0.406577,0.822102,0.218782,1.21816,0.449993,0.364756,1.50282
11.888616780,0.335949,2.03248,0.10146,0.1203,0.77992,0.891693,1.27134,0.131136,2.07324,0.09966,0.182247,1.45555
11.935056689,0.20709,2.27274,0.0195784,0.113,0.946872,0.957179,0.847318,0.072562,2.63721,0.128928,0.0519545,1.27236
11.981496599,0.181331,2.69432,0.103873,0.289549,1.36615,0.867991,0.22766,0.0479788,2.69096,0.0734776,0.00700227,1.17899
12.027936508,0.322026,2.92666,0.0840782,0.563868,1.86149,0.644078,0.0214646,0.0460103,2.63913,0.0509822,0,1.13097
12.074376417,0.288292,2.92205,0.00046274,0.647841,1.91702,0.584242,0.0191492,0.0769983,2.60151,0.00423596,0,1.22568
12.120816327,0.188727,2.88036,0.000643067,0.592607,1.70365,0.557433,0.0205312,0.0283402,2.71455,0,0,1.46358
12.167256236,0.10975,2.79385,0,0.476067,1.90442,0.449857,0.165089,0.0409673,2.69034,0,0,1.39056
12.213696145,0.215393,2.91185,0.00133647,0.37657,2.57699,0.106127,0.0208713,0.112092,2.49797,0,0,1.02349
12.260136054,0.454477,2.83316,0.000991303,0.159623,2.96735,0.0324355,0.0108096,0.139116,2.28635,0.0071026,0.0590521,0.856899
12.306575964,0.603636,2.60784,0.000979256,0.146344,3.00483,0.084106,0.00823761,0.101622,2.2596,0.00353017,0.0674528,1.05833
12.353015873,0.537441,2.57334,0.00650137,0.124444,2.99118,0.216528,0.143627,0.198782,2.1616,0.00245958,0.069088,1.16686
12.399455782,0.458063,2.98169,0.0446642,0.119902,2.90697,0.248096,0.0303502,0.0774526,2.19546,0.00107992,0.0637173,1.18948
12.445895692,0.173222,3.30209,0.000491141,0.134066,2.80517,0.200238,0.00767783,0.0896733,2.27571,0,0.0513381,1.1851
12.492335601,0.0642155,3.42563,0.0523736,0.135346,2.43183,0.256929,0.0107748,0.0753645,2.3371,0,0.033454,1.19875
12.538775510,0.060081,3.28802,0.0663198,0.150825,2.28089,0.341031,0.230318,0.19116,2.51841,0,0.0265204,0.912199
12.585215420,0.0862594,3.38198,0.0594046,0.153889,2.7714,0.384341,0.12535,0.041365,2.38692,0,0.042803,0.464186
12.631655329,0.131503,3.1815,0.0211149,0.154266,2.88318,0.381304,0.23871,0.0476345,2.21953,0,0.072255,0.706881
12.678095238,0.170065,2.67346,0.000514537,0.15463,2.11728,0.389677,0.360123,0.027567,2.37521,0,0.108841,1.3396
12.724535147,0.161297,2.49269,0.0733659,0.12541,1.28345,0.336503,0.701823,0.103356,2.47664,0.000146673,0.0948678,1.87373
12.770975057,0.236659,2.90961,0.0112873,0.181661,0.294338,0.363593,0.524908,0.0330693,2.25791,0.000143823,0.102156,2.16475
12.817414966,0.196547,2.92997,0.000190283,0.0968993,0.152938,0.692782,0.481556,0.0145203,2.11428,0,0.153424,2.3013
12.863854875,0.0998158,2.87376,0.001188,0.120234,0.108502,0.883093,0.472676,0.0217555,2.16317,0,0.208121,2.42446
12.910294785,0.0726173,2.58127,0.000206816,0.167055,0.0529553,0.878244,0.812096,0.132591,2.2491,0,0.220259,2.52355
12.956734694,0.0319123,2.77369,0.00108246,0.152161,0.132224,1.01487,0.352567,0.0427717,2.08676,0,0.231815,2.40332
13.003174603,0.119261,2.51519,0.0908646,0.157349,0.289955,0.976575,0.257543,0.0260129,2.00785,0.000950415,0.334614,2.35793
13.049614512,0.389009,2.1127,0.193496,0.178763,0.568237,0.938977,0.274178,0.0294257,2.10854,0.00208955,0.343248,2.22527
13.096054422,0.651853,1.96356,0.344649,0.178115,0.451863,0.949974,0.419166,0.00968811,2.3848,0.0388638,0.240998,2.12266
13.142494331,0.642655,2.31205,0.247898,0.411958,0.238703,0.7925,0.379788,0.0496699,2.44271,0.0345258,0.17275,1.81649
13.188934240,0.634774,2.36386,0.0810041,0.745884,0.148323,0.795987,0.357456,0.0381759,2.34528,0,0.150192,1.67296
13.235374150,0.595167,2.17441,0.0684896,0.906956,0.163213,0.920605,0.310793,0.0100674,2.33767,0,0.0753491,1.77548
13.281814059,0.51701,2.02538,0.11832,0.607313,0.0660074,1.2661,0.470141,0.0404076,2.34656,0,0.0920641,1.94108
13.328253968,0.4918,2.38438,0.239036,0.251599,0.0677963,1.4591,0.156899,0.0269085,2.43926,0.00536736,0.106276,1.94426
13.374693878,0.52135,2.24919,0.320767,0.100668,0.217517,1.08851,0.137533,0.0284209,2.66371,0.437937,0.071315,1.91853
13.421133787,0.523453,2.19211,0.183259,0.128563,1.90337,0.396674,0.116321,0,2.36516,0.52321,0.000711997,1.35088
13.467573696,0.38071,2.0967,0.224368,0.1375,2.74345,0.103583,0.114473,0,2.18323,0.696885,0.00628467,1.07811
13.514013605,0.218484,1.85088,0.196617,0.14075,2.82524,0.100423,0.260635,0,2.26509,0.960752,0.014793,0.957734
13.560453515,0.225816,1.97272,0.0831958,0.153726,2.55155,0.0851273,0.296861,0,2.34764,1.07851,0.000487179,1.1324
13.606893424,0.230063,2.18623,0.0458948,0.191347,1.9747,0.0607186,0.245578,0,2.37716,1.13385,0.00142724,1.42413
13.653333333,0.230809,2.21657,0.101866,0.337648,1.77729,0.0431117,0.182571,0,2.50402,1.00532,0.0109985,1.53087
13.699773243,0.225821,2.32345,0.0219298,0.35534,1.88805,0.10339,0.179415,0,2.37434,1.15836,0.0926111,1.4859
13.746213152,0.22021,2.44626,0.00233207,0.21188,1.92338,0.217539,0.142132,0,2.22545,1.29064,0.112744,1.36026
13.792653061,0.221393,2.42234,0.0119363,0.249642,1.76169,0.295009,0.056176,0,2.18328,1.34335,0.139994,1.49699
13.839092971,0.213011,2.37184,0.101368,0.292973,2.06456,0.37451,0,0.000348462,2.13004,1.34623,0.154185,1.36
13.885532880,0.155545,2.2067,0.0682999,0.239621,2.26804,0.631948,0,0.000433678,2.2973,1.312,0.124301,1.28709
13.931972789,0.108295,1.89186,0.0430039,0.201787,2.30378,0.869726,0,0.0126914,2.26945,1.39767,0.0939281,1.25215
13.978412698,0.111582,1.9087,0.0575537,0.165457,1.99732,0.982458,0.0456912,0.0928913,2.22033,1.36364,0.0841629,1.27998
14.024852608,0.17904,2.11648,0.0766283,0.184606,1.68891,0.918426,0.130162,0.0571032,2.40217,1.24237,0.0778302,1.06698
14.071292517,0.157805,2.38305,0.0769026,0.229679,1.75246,0.228369,0.188279,0.108785,2.34338,1.15946,0.0621143,1.02117
14.117732426,0.126903,2.49215,0.0368139,0.302461,1.92317,0.0483086,0.445519,0.252013,2.00909,1.17925,0.064405,1.18214
14.164172336,0.106696,2.1701,0.00221197,0.213306,1.74937,0.040892,0.528035,0.363367,1.59799,1.06886,0.0442852,1.87764
14.210612245,0.120532,1.91702,0.0753548,0.257937,1.58891,0.0758263,0.562653,0.330508,1.29248,0.902661,0.0371421,2.25464
14.257052154,0.14311,1.89441,0.0499685,0.28164,1.44557,0.0214953,0.569923,0.139695,1.31747,1.06719,0.0156832,2.3404
14.303492063,0.185118,1.93898,0.000608249,0.169385,1.36739,0.143407,0.546796,0.133941,1.57721,1.41706,0.0141782,2.32173
14.349931973,0.200281,1.83451,0.00175004,0.144033,1.23495,0.2213,0.518885,0.0460576,1.83005,1.44064,0,2.37998
14.396371882,0.25581,1.79246,0.0030687,0.106538,1.52182,0.148349,0.557484,0.0908029,1.97355,1.46689,0,2.21827
14.442811791,0.256325,1.68853,0.0020516,0.152786,1.45955,0.0732022,0.596288,0.120777,2.11961,1.44153,0,2.19376
14.489251701,0.239285,1.42818,0.00163089,0.332352,1.32668,0.0100653,0.574424,0.110015,2.29685,1.48378,9.13447e-05,2.09708
14.535691610,0.24182,0.880359,0.00314727,0.68369,1.28139,0.23717,0.450357,0.0248951,2.55362,1.37501,7.91472e-05,2.006
14.582131519,0.308304,0.829741,0.0183225,0.829466,1.21751,0.323428,0.462831,0.00160291,2.82948,1.21515,0.00108317,1.86622
14.628571429,0.272664,1.44213,0.00213161,0.708941,0.815569,0.0230284,0.494944,0.00269563,2.76347,1.1526,0.0030223,1.70781
14.675011338,0.310145,1.75814,0.00212141,0.283558,0.906369,0.0118338,0.80478,0.00139325,2.50181,0.762222,0.0521716,1.66954
14.721451247,0.487637,1.64638,0.00991175,0.315501,1.07882,0.0124644,0.903495,0,2.31042,0.542735,0.0208655,1.62571
14.767891156,0.260136,1.32385,0.187805,0.420558,1.5914,0.0224431,0.777675,0.00594309,2.23979,0.726192,0.0218801,1.5802
14.814331066,0.247261,1.05896,0.0781254,0.404178,2.2346,0.0722161,0.586015,0.00987152,2.24173,0.97291,0.0288051,1.78721
14.860770975,0.490287,1.01812,0.0308605,0.683199,2.61032,0.110323,0.260589,0,2.40838,0.662094,0.0270951,2.03463
14.907210884,0.27409,1.08364,0.03965,1.17831,2.13075,0.133899,0.687541,0.0047092,2.31465,0.453352,0.00459662,2.14378
14.953650794,0.227318,1.65646,0.0543802,1.33747,1.68487,0.13623,1.31886,0.055492,2.13503,0.000276406,0.00119255,2.2863
15.000090703,0.372504,1.80104,0.0232972,1.46349,0.988198,0.114582,1.52571,0.0970075,2.13583,2.51226e-05,0.00358753,2.2962
15.046530612,0.24762,2.02267,0.00033654,1.51912,0.771871,0.102285,1.36395,0.152072,2.10098,0,0.0198438,2.13364
15.092970522,0.240633,2.18735,0.00139838,1.55472,0.92363,0.0557055,0.750823,0.183501,2.37243,0,0.0193982,1.81257
15.139410431,0.235535,2.04705,0.000790251,1.42608,0.884311,0.235662,0.540029,0.291261,2.70955,0,0.0338358,1.78752
15.185850340,0.3234,2.08041,0.000943905,1.66395,0.535605,0.0294182,0.587009,0.305991,2.56539,0,0.00596951,1.83579
15.232290249,0.35379,1.92741,0.00170561,2.03836,0.280566,0.00701672,1.02032,0.318847,2.44713,0,0.000252804,2.07431
15.278730159,0.353676,1.78636,0.00262501,2.13253,0.321665,0.00477838,1.10551,0.279415,2.35544,0.0479952,0,2.24605
15.325170068,0.384025,1.53872,0.00156088,2.05377,0.333282,0.133518,1.20939,0.317691,2.23845,0.0894803,0.0656321,2.40592
15.371609977,0.335264,1.27071,0,1.86215,0.522263,0.13095,1.48983,0.361523,2.1579,0.000756823,0.184389,2.38851
15.418049887,0.22223,0.994281,0,1.5576,0.629303,0.158373,1.595,0.302751,2.23325,0,0.28095,2.40105
15.464489796,0.161214,1.30189,0.00152998,1.49036,0.927547,0.093316,1.68967,0.258273,2.22469,0.0220715,0.316384,2.19113
15.510929705,0.199815,1.52052,0.00360518,1.62513,0.872488,0.183782,1.60865,0.216159,2.30683,0,0.398478,2.19812
15.557369615,0.206638,1.22915,0.00641482,1.73525,0.902092,0.0593912,1.89115,0.227985,2.2698,0,0.349115,2.29465
15.603809524,0.14371,1.25272,0.000342404,1.52254,0.625738,0.0559147,2.01718,0.176212,2.19384,0,0.279779,2.72826
15.650249433,0.172691,0.989718,7.53108e-07,1.70871,0.30997,0.0646406,2.23459,0.0187073,2.09718,0.000781729,0.0433511,3.30379
15.696689342,0.249746,0.912232,0,1.65367,0.279204,0.0613361,2.2725,0.0345993,2.15261,0.00121198,0,3.45183
15.743129252,0.237499,1.10422,0,1.56471,0.315851,0.0365995,2.13261,0.0125689,2.12875,0.00137878,0,3.51538
15.789569161,0.176383,1.21255,0.000802176,1.37796,0.267184,0.0420897,1.92751,0.0121742,2.19371,0.00150313,0,3.51007
15.836009070,0.143431,1.26605,0.000539697,1.14393,0.304625,0.0618771,1.78767,0.0179992,2.26017,0.0015489,0,3.49259
15.882448980,0.169298,1.11446,0.0763612,1.0798,0.214763,0.158042,1.97186,0.0496945,2.23859,0.00145119,0,3.59691
15.928888889,0.22781,1.11538,0,1.49427,0.285411,0.0471148,2.09629,0.0452835,1.97372,0.00134075,0,3.39701
15.975328798,0.337484,1.15899,0.00109897,1.68793,0.276229,0.0281258,1.56952,0.0494443,1.696,0.00232694,0.0356206,3.12666
16.021768707,0.622772,1.03206,0.00144996,1.89126,0.341308,0.0444147,1.26542,0.153109,1.83986,0.00181208,0.0402354,2.70728
16.068208617,0.287905,1.02041,0.0384567,1.82325,0.291068,0.0327012,1.29713,0.160329,2.26658,0.000234465,0.0470885,2.57152
16.114648526,0.262893,1.26031,0,1.73663,0.079218,0.0182009,1.66436,0.140247,2.407,0,0.0713986,2.57966
16.161088435,0.302915,1.38451,0.00111327,1.70762,0.220749,0.0321248,1.76903,0.0472924,2.32101,0.290915,0.271732,2.33812
16.207528345,0.541857,1.33716,0.0341435,1.13132,0.764184,0.215694,1.25497,0,2.4455,0.983969,0.344024,1.96099
16.253968254,0.511631,1.0398,0.0951736,0.507635,1.42089,0.413332,0.984159,0,2.43313,1.34243,0.0481548,2.08511
16.300408163,0.212163,1.13882,0.130585,0.14049,2.09206,0.0573926,0.843618,0,2.39788,1.30744,0.0163991,2.07608
16.346848073,0.213291,1.57942,0.267833,0.196269,2.26335,0.0969947,0.669228,0.0710356,2.10706,1.06611,0.0251745,1.9433
16.393287982,0.316725,2.1838,0.0741451,0.182737,2.00263,0.108448,0.841566,0.0624607,1.99494,0.78382,0.0119577,1.62826
16.439727891,0.288239,2.66992,0.0453747,0.181193,1.73782,0.0962732,0.739192,0.0621659,2.08246,0.141815,0.22085,1.40514
16.486167800,0.204921,2.7445,0.0120988,0.201225,1.47708,0.0853309,0.773526,0.0700615,2.05044,0.540622,0.472161,1.34003
16.532607710,0.206845,2.51874,0.017545,0.216669,1.63549,0.0674524,0.907285,0.0533033,2.15733,0.66177,0.378921,1.55153
16.579047619,0.2259,2.26617,0.0228147,0.330972,1.38722,0.0562828,0.698915,0.0378814,2.38436,0.498613,0.183141,1.96886
16.625487528,0.222251,2.00863,0.00709548,0.212913,1.44524,0.048166,0.494628,0.0503903,2.66096,0.371799,0.305385,2.15983
16.671927438,0.220852,2.02571,0.00216215,0.174649,1.86741,0.0396258,0.497942,0.0824849,2.59306,0.402284,0.582563,2.05493
16.718367347,0.242191,2.19932,0.00272183,0.181669,2.17647,0.0346252,0.897151,0.086087,2.33136,0.538321,0.604755,1.72342
16.764807256,0.382134,2.1345,0.0784897,0.162707,2.29441,0.0271171,1.42868,0.0652347,2.23191,0.524868,0.361211,1.45141
16.811247166,0.224157,2.27428,0.0250737,0.166294,2.25308,0.0294368,1.60944,0.0956335,2.0831,0.447974,0.56715,1.23758
16.857687075,0.195027,2.37042,0,0.280606,2.23352,0.0321993,1.35775,0.0737251,2.13208,0.321088,0.835401,1.07664
16.904126984,0.151022,2.31807,0,0.390136,2.09086,0.0301671,1.28387,0.0558321,2.19917,0.210131,0.978862,0.914158
16.950566893,0.114034,1.98896,0,0.43787,2.00854,0.0390993,1.52393,0.0515255,2.11948,0.25354,1.19734,0.608825
16.997006803,0.112562,1.84716,0.0863708,0.465919,1.97661,0.0472728,1.76895,0.0593939,1.90943,0.289241,1.38107,0.361481
17.043446712,0.127656,1.74684,0,0.287405,1.88979,0.0595605,1.99223,0.102063,1.84655,0.687283,1.45149,0.329801
17.089886621,0.163673,1.97294,0,0.231515,1.93349,0.0725436,1.91948,0.0978909,1.38884,0.651254,1.04788,1.42638
17.136326531,0.134954,1.79645,0.0245596,0.194106,1.59819,0.0659113,1.81265,0.060226,1.31326,0.366331,0.655043,2.25136
17.182766440,0.11515,1.75404,0.0805941,0.139665,1.40947,0.0495716,1.62097,0.0476542,1.54346,0.129329,0.49678,2.52027
17.229206349,0.141306,1.77685,0,0.14867,1.19727,0.0313606,1.67537,0.0612771,1.76351,0.0541277,0.426005,2.53636
17.275646259,0.198666,1.5547,0,0.141875,0.988028,0.11854,1.9304,0.0689997,1.98189,0.00153429,0.290999,2.4489
17.322086168,0.295188,1.75508,0.00582391,0.13281,0.792505,0.238823,1.97011,0.0668371,1.86959,0.00143769,0,2.62833
17.368526077,0.312608,1.87591,0.0118378,0.127592,0.83298,0.0722814,1.89801,0.0829798,1.74425,0.0668177,0,2.51319
17.414965986,0.243781,1.97801,0,0.177126,0.975209,0.0500195,1.72328,0.0483084,1.84504,0.0401327,0.477788,2.39272
17.461405896,0.243416,1.82556,0,0.33753,1.05199,0.0246683,1.47772,0.0445079,1.76713,0.114321,0.491323,2.31303
17.507845805,0.255253,1.4371,0.0386753,0.654323,1.06764,0.0150199,1.31915,0.07211,1.82077,0.204236,0.521171,2.21092
17.554285714,0.254451,1.47933,0.122974,0.703622,0.972204,0.0138234,1.11538,0.0778723,1.90848,0.0957929,0.564011,2.00883
17.600725624,0.241873,1.57853,0.0158218,0.723394,0.467771,0.0131616,0.903469,0.0625293,2.2934,0,0.625806,1.87306
17.647165533,0.373338,1.66217,0,0.848353,0.146414,0.0277192,1.08301,0.0643684,2.38464,0,0.667582,1.86072
17.693605442,0.530445,1.4051,0.074517,0.742559,0.0270455,0.274631,1.23787,0.240385,2.25587,0.00020896,0.712326,1.90492
17.740045351,0.457214,1.45728,0.129246,0.584477,0.0308637,0.256418,1.0848,0.361224,2.15149,0.00547137,0.907109,1.85154
17.786485261,0.352881,1.80049,0.00849728,0.207533,0.148448,0.278675,1.06026,0.380962,2.09595,0.00663513,0.961197,1.78749
17.832925170,0.24529,2.3196,0,0.231765,0.522878,0.663021,0.846927,0.163279,2.43408,0.00388722,0.613816,1.52241
17.879365079,0.2987,2.26647,0.00673059,0.274019,1.21248,0.679215,0.439059,0.103081,2.88155,0.0160863,0.0890676,1.07238
17.925804989,0.326757,2.41753,0.137427,0.320223,1.69924,0.763859,0.078181,0.228654,2.94175,0.056351,0.0150019,0.898451
17.972244898,0.181665,2.81595,0.185891,0.45038,2.02915,0.728762,0.0377378,0.326286,2.56481,0.0195046,0,1.06451
18.018684807,0.147135,2.96712,0.00131586,0.580703,2.03061,0.676822,0.0165335,0.0177706,2.4274,0.0033726,0,1.42099
18.065124717,0.0853691,2.99489,0.000484015,0.52651,2.01608,0.611235,0.0272925,0.0190783,2.5777,0.00254731,0,1.6037
18.111564626,0.137864,2.62247,0,0.421694,2.41408,0.367623,0.241795,0.0814957,2.57954,0.00270477,0,1.50095
18.158004535,0.461584,2.69845,0.000650483,0.320263,2.89845,0.0344093,0.0137655,0.114074,2.32185,0.00595385,0.0327111,1.11012
18.204444444,0.614629,2.6297,0.001701,0.157374,3.04688,0.0297062,0.00868159,0.101155,2.17331,0.00731459,0.0858335,1.03528
18.250884354,0.695598,2.55093,0.000832136,0.140748,3.01067,0.0966379,0.032409,0.172869,2.24845,0.00805956,0.0686218,1.09931
18.297324263,0.421292,2.8312,0.0379766,0.130091,2.98894,0.209959,0.0756389,0.177436,2.25475,0.00654604,0.0667062,1.07229
18.343764172,0.172802,3.3358,0.000332074,0.1342,2.96358,0.206058,0.0190107,0.100027,2.18775,0.00581373,0.058823,0.993426
18.390204082,0.0943033,3.44573,0.000544531,0.143864,2.74367,0.337127,0.00561249,0.0942046,2.21082,0.00728555,0.0459178,0.935491
18.436643991,0.0519742,3.39333,0.00175273,0.153505,2.30973,0.464498,0.051912,0.225478,2.28716,0.00764509,0.0220387,0.831324
18.483083900,0.0685873,3.18822,0.0151235,0.153186,2.63281,0.52125,0.281359,0.164983,2.44117,0.00589604,0.0292511,0.488141
18.529523810,0.0675963,3.32915,0.034136,0.150098,2.97366,0.374883,0.189833,0.0573988,2.34121,0.00320753,0.0748874,0.365753
18.575963719,0.172481,3.03282,0.0259295,0.153292,2.64354,0.295594,0.346781,0.0528148,2.25955,0.00102086,0.0937869,0.877098
18.622403628,0.233525,2.64019,0.00500568,0.141301,1.87446,0.271076,0.532397,0.148279,2.40187,0,0.104058,1.43653
18.668843537,0.222887,2.81359,0.0992135,0.160569,0.902883,0.182789,0.661804,0.086594,2.278,0.0255342,0.0913585,1.90381
18.715283447,0.24808,3.02739,0,0.171193,0.220652,0.37325,0.477984,0.0135889,2.24564,0,0.133033,2.2161
18.761723356,0.178483,2.94868,0.000799756,0.0684854,0.214989,0.609554,0.453709,0.00948803,2.26343,0,0.202336,2.30907
18.808163265,0.0836165,2.80527,0.000525271,0.074395,0.13638,0.65476,0.578539,0.104704,2.42967,0,0.234585,2.38644
18.854603175,0.0647177,2.70324,0,0.0379847,0.0821888,0.935715,0.706653,0.0389298,2.42322,0,0.236965,2.38911
18.901043084,0.0134541,2.93471,0.0293716,0.0414571,0.240911,1.10823,0.369507,0.0280829,2.11148,0,0.296056,2.26652
18.947482993,0.0945378,2.62482,0.221855,0.102077,0.489394,1.00201,0.27336,0.0481532,2.03402,0,0.372473,2.21369
18.993922902,0.484191,2.09796,0.399784,0.14232,0.510759,0.934828,0.365043,0.000975082,1.91202,0.0994805,0.377778,2.08048
19.040362812,0.631929,2.08283,0.479684,0.161205,0.355364,0.869066,0.418422,0,1.94457,0.0525956,0.277362,2.08296
19.086802721,0.507613,2.22574,0.141964,0.513538,0.169526,0.86653,0.309709,0.110597,2.22626,0.0173007,0.200343,2.07044
19.133242630,0.47023,2.04053,0.00159272,0.976585,0.174301,1.1346,0.26379,0.0411549,2.26549,0,0.131041,2.10139
19.179682540,0.558918,1.93165,0.0266368,0.919826,0.138913,1.35688,0.332868,0.0125395,2.20985,0.00623651,0.121679,2.16996
19.226122449,0.609668,2.11882,0.141995,0.252969,0.0488243,1.54793,0.431778,0.00849227,2.35332,0,0.1625,2.11021
19.272562358,0.568031,2.38894,0.326361,0.131128,0.145113,1.41801,0.250899,0.0318506,2.38488,0.179663,0.108451,1.86969
19.319002268,0.591685,2.2475,0.336518,0.12845,0.908441,0.919671,0.208136,0.0134685,2.36376,0.527477,0.0272282,1.56573
19.365442177,0.477396,2.36596,0.304105,0.135429,2.3581,0.275381,0.121473,0,2.05131,0.67393,0.0145065,1.05288
19.411882086,0.219541,2.21371,0.277295,0.105879,2.82281,0.109032,0.193432,0,2.06202,0.872413,0.0184839,0.884772
19.458321995,0.226928,2.07488,0.101137,0.12625,2.80342,0.108789,0.221532,0,2.26235,1.08092,0.0118869,0.895322
19.504761905,0.234797,2.19526,0.0732757,0.154834,2.43677,0.0882049,0.140075,0,2.2911,1.06918,0.00772435,1.09645
19.551201814,0.237007,2.22679,0.0319109,0.171373,1.98926,0.0584356,0.138065,0,2.31916,1.11617,0.0159203,1.33926
19.597641723,0.227736,2.11638,0.0830012,0.337799,2.063,0.0837483,0.226419,0,2.348,1.03242,0.0560345,1.42202
19.644081633,0.216203,2.22344,0.0010906,0.271137,2.12876,0.191698,0.206996,0,2.24254,1.21636,0.117737,1.39725
19.690521542,0.220599,2.24931,0.00227854,0.215948,1.99249,0.267517,0.0645269,0,2.20533,1.32295,0.109215,1.44337
19.736961451,0.217709,2.16034,0.0255704,0.272773,1.99482,0.371658,0.0010823,0.00204513,2.19,1.32734,0.150718,1.45861
19.783401361,0.187069,2.07114,0.106012,0.258722,2.12258,0.435722,0,0.00316514,2.35381,1.25143,0.131141,1.30602
19.829841270,0.105025,1.98618,0.0583451,0.213815,2.26922,0.783613,0,0.00320866,2.45334,1.36677,0.107101,1.11106
19.876281179,0.0571182,2.13017,0.0457765,0.175786,2.16083,0.905974,0,0.0393882,2.43401,1.38458,0.0939555,1.15162
19.922721088,0.122405,2.16438,0.0465087,0.183648,1.87811,0.951661,0.106034,0.120173,2.39824,1.31993,0.0903174,1.09709
19.969160998,0.0904749,2.22513,0.0724042,0.193413,1.70259,0.755085,0.141859,0.112914,2.5539,1.10241,0.067504,0.924461
20.015600907,0.167077,2.44821,0.0782894,0.291287,1.8534,0.121644,0.226761,0.109343,2.33563,1.15549,0.0665646,0.806399
20.062040816,0.167712,2.51118,0.0854374,0.243636,1.91237,0.0463621,0.553824,0.0992535,1.959,1.11897,0.0514345,1.0407
20.108480726,0.148544,2.3354,0.0477517,0.240008,1.71531,0.0231018,0.622242,0.142605,1.77799,0.974814,0.0441321,1.76083
20.154920635,0.144137,1.99319,0.134055,0.27936,1.58723,0.0358999,0.609313,0.0940898,1.77756,0.930668,0.0309308,2.14871
20.201360544,0.218708,1.93235,0.028214,0.201814,1.52479,0.0207029,0.624966,0.0506888,1.86854,1.23916,0.0110086,2.16618
20.247800454,0.210197,1.8913,0.000792389,0.121339,1.34577,0.204376,0.600287,0.00774009,1.99586,1.44281,0.00623928,2.20329
20.294240363,0.195549,1.7924,0.00245848,0.0800871,1.30892,0.139369,0.567545,0.139294,2.09321,1.39109,0,2.30323
20.340680272,0.248345,1.72184,0.00236607,0.281254,1.48631,0.11599,0.572884,0.356897,2.01765,1.34404,0,2.26229
20.387120181,0.240017,1.67886,0.00185825,0.366241,1.26647,0.0374629,0.55859,0.363389,2.06501,1.4049,0.000789857,2.29851
20.433560091,0.214376,1.58245,0.0016861,0.286061,1.33174,0.335913,0.413545,0.079497,2.27401,1.42782,0.00350123,2.05749
20.480000000,0.272403,1.17234,0.00441536,0.40738,1.36971,0.476524,0.362869,0.00858197,2.38459,1.34215,0.00470835,1.79042
20.526439909,0.305558,1.09871,0.0764174,0.499742,1.26803,0.457528,0.284199,0.0107376,2.6283,1.21001,0.00522705,1.57511
20.572879819,0.248185,1.34294,0.00158082,0.430169,0.98683,0.0828302,0.396779,0.0102421,2.66861,1.13349,0.0456657,1.5684
20.619319728,0.39709,1.40013,0.00797048,0.544094,1.02911,0.0659007,0.729176,0.00772221,2.63651,0.58633,0.0389611,1.67397
20.665759637,0.311239,1.1989,0.0155796,0.626043,1.30267,0.0582113,0.653869,0.00439124,2.68482,0.80161,0.0172099,1.60503
20.712199546,0.21917,1.07893,0.106665,0.608343,1.77819,0.145179,0.521047,0.0141885,2.70616,0.987295,0.0200085,1.54454
20.758639456,0.205617,1.21224,0.0447707,0.571183,2.2831,0.288314,0.273716,0.0492808,2.66398,0.999604,0.03448,1.69608
20.805079365,0.220074,1.45883,0.0100182,1.0438,2.3328,0.29989,0.263759,0.0507779,2.37311,0.494947,0.024841,1.79032
20.851519274,0.239168,1.58829,0.0163261,1.30476,1.7291,0.237184,0.794423,0.046408,2.19813,0.504054,0.0143168,1.9712
20.897959184,0.366051,1.81616,0.00810824,1.64649,1.12712,0.136175,1.22145,0.22258,2.23861,7.57981e-05,0.012766,2.12657
20.944399093,0.273296,1.98056,0,1.79761,0.693359,0.134955,1.26299,0.204893,2.23399,0,0.0238109,2.08516
20.990839002,0.240311,2.16297,0.00119838,1.79215,0.61794,0.0923014,0.951264,0.204095,2.34932,0,0.0201372,1.9051
21.037278912,0.238078,2.16963,0.0010747,1.67265,0.849083,0.0553936,0.57634,0.263125,2.57318,0,0.00843341,1.68772
21.083718821,0.26575,2.03107,0.000681628,1.63523,0.684092,0.198889,0.553888,0.328137,2.70467,0,0.0368973,1.67076
21.130158730,0.34344,1.99184,0.00123267,2.05844,0.268496,0.0279403,0.681279,0.396495,2.54231,0,0.0107207,1.88546
21.176598639,0.344769,1.63181,0.00221613,2.39791,0.283041,0.0286994,1.01104,0.415904,2.41269,0.036277,0.00718187,2.12624
21.223038549,0.358095,1.31579,0.00233021,2.41367,0.305714,0.0559806,0.97907,0.395514,2.40701,0.110826,0.0794204,2.31816
21.269478458,0.382125,1.18569,0.000743827,2.19437,0.392358,0.142475,1.25107,0.420139,2.33184,0.0900002,0.0866024,2.36855
21.315918367,0.312467,1.1864,0,1.82044,0.659555,0.0763869,1.37228,0.421816,2.324,0.0868503,0.100589,2.17581
21.362358277,0.206225,1.3623,0,1.34687,0.990061,0.159845,1.37105,0.335678,2.38965,0.168342,0.248095,1.8121
21.408798186,0.235808,1.73234,0.00212738,1.33856,1.0541,0.314069,1.19957,0.290895,2.41487,0.142123,0.383477,1.61255
21.455238095,0.230465,1.65614,0.00264529,1.72935,0.872296,0.225666,1.37002,0.296256,2.51565,0.0615705,0.370437,1.7347
21.501678005,0.167808,1.56791,0.000961712,1.99524,0.69616,0.0468856,1.75442,0.29683,2.48907,0,0.219323,1.94221
21.548117914,0.094636,1.56755,0.000266297,1.86234,0.375995,0.079478,1.82821,0.167674,2.33223,1.52272e-05,0.0679917,2.72401
21.594557823,0.0618518,1.13873,2.48257e-05,1.75636,0.326948,0.0955296,1.98486,0.0262891,2.35643,0.000325006,0,3.19239
21.640997732,0.145425,0.922465,0,1.67902,0.25402,0.0905215,1.94565,0.0335164,2.48857,0.000227671,0,3.3282
21.687437642,0.11027,0.96416,0,1.60475,0.279725,0.0789617,1.79522,0.0242313,2.56106,0.00527684,0,3.37893
21.733877551,0.0659669,1.09206,0.000869131,1.5192,0.260279,0.127194,1.49882,0.0259824,2.59611,0.021483,0,3.26746
21.780317460,0.0849327,1.33156,0.00213777,1.34438,0.255935,0.140085,1.48245,0.0459858,2.56292,0.0291032,0,3.24917
21.826757370,0.160457,1.42195,0,1.39161,0.262603,0.263805,1.72366,0.0815225,2.42281,0.0194123,0,3.21582
21.873197279,0.191739,1.53181,0.000435102,1.60683,0.388027,0.417851,1.41875,0.0278138,2.23086,0.00098962,0.031033,3.11106
21.919637188,0.257963,1.31615,0.00173767,1.74786,0.572557,0.638257,1.05418,0.077318,2.23469,0,0.0396352,2.84167
21.966077098,0.387731,1.0307,0.00113446,1.64271,0.52155,0.733348,0.945158,0.15947,2.38659,0.0295458,0.046012,2.58285
22.012517007,0.208606,1.18028,0.0391736,1.31208,0.461435,0.595388,1.28889,0.17254,2.51184,0,0.0569419,2.47616
22.058956916,0.186502,1.44909,0,0.987701,0.293302,0.554548,1.41859,0.131486,2.37014,0,0.208215,2.48016
22.105396825,0.173742,1.34801,0,0.731019,0.649169,0.616345,1.40987,0.0963942,2.373,0.391396,0.584703,2.2467
22.151836735,0.213367,1.01711,0,0.568478,1.26248,0.674996,1.40723,0.038117,2.46233,0.685948,0.359341,2.14184
22.198276644,0.153569,0.705914,0.0786829,0.538811,1.72768,0.68773,1.04296,0.0196013,2.60921,0.711743,0.199448,2.23092
22.244716553,0.147321,0.991981,0.159421,0.523199,2.14397,0.637096,0.756033,0.107262,2.54885,0.721302,0.0476436,2.07179
22.291156463,0.189165,1.64374,0.0556306,0.393319,1.98246,0.457983,0.581067,0.218572,2.4326,0.846238,0.102393,1.94574
22.337596372,0.307582,2.28166,0.00269593,0.391224,1.5336,0.546831,0.62784,0.0806585,2.50572,0.850813,0.18701,1.6683
22.384036281,0.317995,2.51415,0.00419379,0.415734,1.13936,0.762809,0.467656,0.0556457,2.63229,0.724424,0.328079,1.51632
22.430476190,0.309034,2.62022,0.300257,0.400325,1.1357,0.735107,0.0574085,0.0815688,2.66887,0.565625,0.124163,1.46062
22.476916100,0.233531,2.52516,0.158176,0.443305,1.20587,0.576451,0.145632,0.0759337,2.50501,0.91343,0,1.45062
22.523356009,0.196443,2.52868,0.0231769,0.473399,1.64468,0.541065,0.12843,0.192614,2.47761,0.699714,0.00363976,1.70167
22.569795918,0.209744,2.78587,0.0270529,0.348484,1.59767,0.527903,0.0965661,0.36432,2.33349,0.690596,0.000388099,1.77749
22.616235828,0.213319,2.95268,0.000893412,0.347851,2.04444,0.470446,0.103041,0.237892,2.06295,0.788234,0.0478636,1.76514
22.662675737,0.212169,2.62068,0.00423356,0.291031,2.26587,0.479693,0.537266,0.0754246,2.05189,0.806057,0.0687553,1.7034
22.709115646,0.190718,2.2384,0.00413206,0.256277,2.20769,0.483548,0.924231,0.0972419,2.15176,0.889829,0.0751583,1.78073
22.755555556,0.22348,2.28069,0.0516285,0.34447,2.02511,0.555646,1.08091,0.07498,2.20717,0.891397,0,1.33586
22.801995465,0.0157267,2.48659,0.0184473,0.458355,1.91349,0.491571,1.23934,0.0598119,2.36666,0.886961,0,0.767967
22.848435374,0.00865622,2.75824,0.00430838,0.521236,1.9733,0.463253,1.24635,0.0499673,2.39016,0.890854,0,0.285224
22.894875283,0.114408,2.85084,0.00488821,0.550696,1.75384,0.668061,1.2562,0.0483699,2.34664,0.903718,0,0.18417
22.941315193,0.191922,2.88984,0.004904,0.473174,1.61987,0.767796,1.34442,0.053177,2.28083,0.825963,0,0.171661
22.987755102,0.242594,2.90942,0.00371641,0.334535,1.50515,0.719763,1.47155,0.0696168,2.18088,0.609439,0,0.304187
23.034195011,0.192577,2.85427,0.00340295,0.327474,1.26804,0.672966,1.1924,0.217587,1.93082,0.141476,0.0392558,1.17719
23.080634921,0.122247,2.57722,0.00244284,0.376347,0.944528,0.549605,1.18589,0.390284,1.84874,0.0644586,0.0289017,1.72539
23.127074830,0.0989125,2.32392,0,0.417815,0.682502,0.530382,1.4317,0.395206,1.9852,0.113212,0.0274264,1.88694
23.173514739,0.0460089,2.10288,0,0.47284,0.701494,0.682234,1.55128,0.2328,2.16669,0.10708,0.0139237,1.90286
23.219954649,0,2.10714,0,0.528852,0.613562,0.80439,1.57759,0.0463627,2.13999,0.103954,0,1.90734
23.266394558,0,2.25795,0,0.597284,0.492182,0.844179,1.56327,0.0221722,1.93899,0.0327119,0,1.91372
23.312834467,0,2.43125,0,0.616313,0.507088,0.803968,1.54591,0.0264281,1.76304,0,0.0156948,1.86529
23.359274376,0.0859072,2.49,0,0.62355,0.511007,0.938166,1.44241,0.0120814,1.90073,0,0.0303316,1.8631
23.405714286,0.139541,2.25069,0,0.604485,0.540281,0.997987,1.18967,0.0118569,2.23542,0.0474431,0.0232502,1.83108
23.452154195,0.112514,1.92085,0,0.603551,0.637129,0.963402,1.04488,0.00987842,2.40111,0.00675713,0,1.8393
23.498594104,0.101343,1.6976,0,0.622397,0.648021,0.983082,0.790458,0.0263641,2.47914,0,0,1.88615
23.545034014,0.0586581,1.5179,0.000854273,0.607067,0.513267,1.03882,0.797746,0.0525858,2.59797,0.00703475,0,1.77526
23.591473923,0.00510088,1.31802,0.0548356,0.54108,0.239259,1.08021,0.836702,0.0479525,2.75226,0.0924311,0,1.56109
23.637913832,0.115752,1.72228,0.164838,0.548501,0.119716,1.0615,0.360367,0.630731,2.66673,0.284592,0,1.19815
23.684353741,0.227541,1.36481,0.428081,0.668566,0.346119,1.38438,0.00254568,0.701918,2.59088,0.327663,0.0010783,0.999089
23.730793651,0.522796,0.835809,0.908981,0.831976,0.137353,1.53045,0.015494,0.198467,2.8007,0.299966,0.00148701,0.924864
23.777233560,0.768388,1.02594,0.636332,1.13095,0.108938,1.45283,0.306083,0.112618,2.62333,0.313191,0.0376946,0.61793
23.823673469,1.15501,1.44688,0.110665,0.887693,0.0576563,2.1018,0.468164,0.0149843,2.60682,0.19497,0.0258635,0.319801
23.870113379,1.07477,1.3516,0.017851,0.785552,0.115114,2.84133,0.406463,0.0389322,2.50258,0.150591,0,0.0686898
23.916553288,1.03444,1.15373,0.00283816,0.597272,0.301182,3.15231,0.234668,0.0876445,2.61463,0.212799,0.186584,0.000391451
23.962993197,1.2718,1.30053,0,0.358107,0.262851,3.00891,0.146134,0.0923888,2.69623,0.191563,0.255166,0.0640184
24.009433107,1.57698,1.3873,0,0.349687,0.120924,2.60207,0.0517702,0.087247,2.70853,0.154051,0.167335,0.304504
24.055873016,1.75308,1.42864,0.0628226,0.516011,0.021435,2.41822,0.0540129,0.0456071,2.68021,0.104803,0.073751,0.636651
24.102312925,1.52875,1.70163,0.152713,0.485804,0.127928,2.39907,0,0.022374,2.72146,0.0332306,0.139319,0.762935
24.148752834,1.4598,1.78845,0.206179,0.519444,0.12043,2.47973,0,0.0835198,2.76507,0.0693977,0.156924,0.576892
24.195192744,1.65127,1.69645,0.207532,0.530734,0.0844907,2.64284,0.00975571,0.109219,2.65284,0.212733,0.121073,0.393628
24.241632653,1.97107,1.64548,0.000577388,0.248392,0.0401468,2.85248,0.0910916,0.0725418,2.55324,0.279512,0.138802,0.161031
24.288072562,2.0417,1.6244,0.000296889,0.0767652,0.0993607,3.141,0.0372305,0.068058,2.21888,0.205172,0.0776735,0.209794
24.334512472,1.88213,1.67589,0.00462975,0.13077,0,3.43727,0.0052872,0.0146501,1.74872,0.236253,0.120257,0.437593
24.380952381,1.7753,1.77822,0.00139831,0.142605,0.00139873,3.66078,0.00601111,0.0027262,1.74438,0.329311,0.0459696,0.388541
24.427392290,1.71475,1.86408,0,0.162764,0.0355141,3.67295,0.00386941,0.0110021,1.81949,0.316564,0,0.183815
24.473832200,1.70779,1.86155,0,0.3403,0.246036,3.12485,0.0327764,0.0667955,1.85179,0.463852,0.000188045,0.000523228
24.520272109,1.59547,1.73591,0.218299,0.564845,0.241056,2.56664,0.0784111,0.086883,1.75737,0.567576,0.135885,0.000513471
24.566712018,1.57557,1.53849,0.338317,0.65143,0.142038,2.14204,0.0762388,0.152419,1.62331,0.590011,0.475638,0.000563174
24.613151927,1.34559,1.48174,0.400213,0.577589,0.122413,2.05724,0.0347592,0.17086,1.66854,0.641036,0.588693,0.102369
24.659591837,1.78204,1.98418,0.124282,0.492415,0.0385884,2.28401,0.0243306,0.028646,1.69878,0.664969,0.480006,0.0598418
24.706031746,1.8908,2.17766,0,0.219443,0.0298437,2.77375,0.186001,0.0851764,1.36154,0.487757,0.269557,0.0024669
24.752471655,2.12135,2.03334,0.00297185,0,0.0445283,2.97024,0.0686295,0.20141,1.52159,0.166039,0.122895,0.0804135
24.798911565,2.04479,1.89243,0.154668,0.380579,0.0531163,3.01418,0.00489574,0.0715672,1.70375,0.100419,4.29129e-05,0.159143
24.845351474,1.90117,1.98134,0.107579,0.910897,0.050955,2.68115,0.0252648,0.100069,1.66552,0.0662169,2.42742e-05,0.0866375
24.891791383,1.91459,1.81345,0.00827291,1.16934,0.0248339,2.50234,0.040259,0.0662833,1.92618,0.0103202,0,0.000378002
24.938231293,1.79115,1.72604,0,1.12562,0.0124836,2.54397,0.0669011,0.0628875,2.17294,0,0,0.000377471
24.984671202,1.88034,1.5851,0,0.964887,0.0784016,2.64396,0.0692907,0.0338232,2.24506,0,0,0.0123709
25.031111111,1.90488,1.47176,0.00191805,0.511793,0.160543,2.27592,0.0432106,0.0048978,1.7302,0.511524,0.082972,0.471216
25.077551020,1.81401,1.2234,0.00489495,0.223792,0.285341,1.67543,0.043573,0.0019487,1.45212,0.655618,0.286961,0.721285
25.123990930,2.05102,0.76936,0.00302099,0.607775,0.265749,1.83586,0.0779282,0.0315724,1.40204,0.644819,0.469463,0.704857
25.170430839,2.04503,0.876032,0.058926,0.647015,0.125362,2.04839,0.122545,0,1.38646,0.490534,0.542869,0.552746
25.216870748,1.88551,1.22286,0.0176475,0.453744,0.00617474,2.12166,0.168562,0,1.78413,0.306564,0.612165,0.105494
25.263310658,1.92915,1.14003,0.0457806,0.477991,0.0294355,2.08794,0.653969,0,1.93627,0.226768,0.337493,0.77658
25.309750567,1.87766,1.21339,0.0104617,0.653435,0.953954,0.819168,1.59227,0.0089979,1.66964,0.19902,0.126546,1.51134
25.356190476,0.408246,1.38654,0.00704498,0.674376,1.68121,0.173234,2.08925,0.0855735,1.08987,0.145798,0.172808,1.66798
25.402630385,0.0760578,1.04695,0.35086,0.594796,1.92645,0.102118,1.95875,0.271291,0.927133,0.014281,0.0101203,1.65269
25.449070295,0.0550173,0.577538,0.633034,0.276992,1.90523,0.0762808,2.0917,0.44021,0.749965,0,0.0534859,1.60584
25.495510204,0.0713303,0.898883,0.548819,0.0691648,1.84713,0.0632956,2.3525,0.347913,0.818481,0,0.0873635,1.59236
25.541950113,0.0423161,1.53358,0.390583,0.0795222,1.81497,0.100038,2.38858,0.177859,0.727236,0.00505648,0.0715396,1.51489
25.588390023,0.113129,1.88506,0.00122785,0.397297,1.91828,0.0211185,2.2769,0.10023,0.686655,0.0503659,0.162248,1.60514
25.634829932,0.122026,1.90482,0,0.84912,1.81965,0.023556,2.00258,0.270502,0.635383,0.0878042,0.102744,2.09112
25.681269841,0.0993447,1.36995,0.041698,1.18712,1.57275,0.209667,1.97594,0.239086,0.919653,0.119454,0.0849245,2.46782
25.727709751,0.0747559,1.16544,0.00104038,1.13746,1.76161,0.168606,1.82523,0.167192,1.15055,0.0278077,0.0660833,2.56957
25.774149660,0.103737,1.07223,0.00103567,0.837267,1.61861,0.0636115,1.93651,0.0774147,1.30601,0,0.0730331,2.72063
25.820589569,0.147996,0.977802,0.148731,0.621105,1.23715,0.0224134,2.12206,0.0428431,1.42534,0.0523624,0.0775047,2.73058
25.867029478,0.0830206,0.953204,0.273791,0.640081,1.33376,0.0353949,2.08044,0.0529615,1.30846,0.00306094,0.00217457,2.72291
25.913469388,0,1.0108,0.137492,0.873161,1.26273,0.130593,1.76376,0.0680455,0.95248,0.0271083,0,2.9134
25.959909297,0,0.941723,0.185519,0.870705,1.05349,0.652033,1.21648,0.133977,0.735734,0.16861,0,2.63739
26.006349206,0,0.682067,0.393017,0.74448,0.708403,0.812801,0.842815,0.151179,0.707211,0.208071,0.000311443,2.49908
26.052789116,0.326627,0.493039,0.435383,0.898405,0.708386,0.446286,0.941736,0.113254,0.730959,0.213641,0.223115,2.36457
26.099229025,0.496475,0.494934,0.336946,0.971959,1.19947,0.0954245,1.42102,0.0757803,0.604437,0.178556,0.256919,2.17445
26.145668934,0.0529397,0.722469,0.221282,0.920261,1.71419,0.0536311,2.03515,0.0384043,0.339855,0,0.287267,2.07424
26.192108844,0,0.786309,0.264177,0.416287,1.73774,0.0717762,2.49595,0.0149775,0.337518,0,0.481066,1.81477
26.238548753,0.0191681,0.599745,0.276738,0.279897,1.60463,0.0666976,2.41114,0.0266799,0.875358,0,0.555405,1.68688
26.284988662,0,0.599586,0.349583,0.206815,1.36111,0.174105,2.40115,0.040855,1.15314,0.0044485,0.531003,1.63052
26.331428571,0,0.487776,0.483049,0.404175,1.03956,0.18855,2.43487,0.0476036,1.36671,0.0411389,0.319021,1.75368
26.377868481,0,0.544514,0.708581,0.571969,0.900242,0.183012,2.5265,0.0426007,1.32577,0.0345896,0.156042,1.74647
26.424308390,0,0.639785,1.02167,0.623662,1.04022,0.150077,2.604,0.0425177,0.952806,0.0223863,0.179229,1.63245
26.470748299,0.0127225,0.81712,1.20331,0.523034,1.21699,0.143381,2.51451,0.0393793,0.767546,0.0586159,0.0843572,2.02661
26.517188209,0.281317,0.891487,1.09554,0.618661,1.36967,0.266222,2.05445,0.0287997,0.813083,0.231116,0.0608586,2.38864
26.563628118,0.505003,0.885588,0.649498,0.956511,1.72177,0.440791,1.14694,0.139323,0.808194,0.411668,0.0649404,2.32667
26.610068027,0.487818,1.01574,0.029298,1.33938,2.1153,0.427191,0.168617,0.657955,0.717161,0.538756,0.0800488,2.18751
26.656507937,0.284012,0.986073,0.00104359,1.30086,2.29666,0.21091,0.512646,0.502839,0.878619,0.455031,0.102799,2.27195
26.702947846,0.152801,1.49311,0,0.783134,2.52148,0.16151,0.628579,0.1684,0.818916,0.30623,0.143824,2.07196
26.749387755,0.179806,1.82779,0,0.0591279,2.54313,0.157811,0.779111,0.0357832,1.3186,0.306952,0.671791,1.2543
26.795827664,0.201234,2.00917,0,0,2.55966,0.30316,0.78744,0.0405861,1.69016,0.423022,0.668801,0.728946
26.842267574,0.0585616,1.68624,0,0.334692,2.50191,0.314979,0.285823,0.151536,1.75235,0.870698,0.566061,0.964933
26.888707483,0.0498887,1.28396,0.13266,0.820786,2.1258,0.172648,0.216811,0.24787,2.40174,1.06365,0,1.26842
26.935147392,0.203117,0.959628,0.101715,1.16954,1.67995,0.0320398,0.196529,0.254449,2.91369,1.01536,0,1.40793
26.981587302,0.247598,0.838736,0.00994917,1.38278,1.49974,0.0284227,0.119485,0.153809,3.19677,0.996238,0.025939,1.30566
27.028027211,0.294429,1.31885,0.222303,1.33385,1.64604,0.0333764,0.0199915,0.058872,3.29554,0.741228,0.148061,1.27467
27.074467120,0.318206,1.59562,0.0930153,1.07807,1.46076,0.115158,0.0538539,0.0267419,3.149,0.955127,0.278979,1.49526
27.120907029,0.2507,1.93948,0.0407878,0.62121,1.50519,0.234287,0.0698197,0.0306534,2.79405,0.904686,0.285347,1.40466
27.167346939,0.185366,2.06167,0.158754,0.472736,1.28004,0.268122,0.0572007,0.0522287,2.71779,0.738709,0.659081,1.0581
27.213786848,0.287999,1.69707,0.000752135,0.978633,1.05054,0.0423383,0.127355,0.170507,2.64115,1.32416,0.273493,0.532896
27.260226757,0.334276,1.9354,0.000734565,1.14764,1.0166,0.189939,0.0598858,0.318844,2.58398,1.50946,0.0884168,0.499294
27.306666667,0.535139,1.99848,0,1.07462,0.938575,0.382778,0.0460781,0.436526,2.614,1.71976,0.124176,0.440102
27.353106576,0.813058,1.73364,0.304294,1.35299,1.24686,0.444118,0.0452195,0.361402,2.28126,1.67052,0.103902,0.241611
27.399546485,0.939854,1.02309,0.190522,1.62996,1.45995,0.20755,0.031522,0.00382592,2.08014,1.91531,0.143952,0.301758
27.445986395,1.00052,0.180351,0.129324,1.80453,1.70969,0.217002,0.231319,0.0544919,1.54111,2.21163,0.115657,0.648074
27.492426304,0.796159,0.308765,0.474921,1.26324,1.7065,0.0221011,0.330416,0.0656682,1.12226,2.16788,0.262781,0.717096
27.538866213,0.554565,0.8016,0.380007,0.485534,1.74613,0.0283976,0.36308,0.17919,1.25491,1.95627,0.357468,0.720948
27.585306122,0.48027,0.875199,0.162477,0.0931318,1.29141,0.0310128,0.331143,0.148693,2.16662,1.62831,0.263865,0.552702
27.631746032,0.22832,1.44738,0.000826716,0.496479,1.43312,0.00160262,0.361719,0.206271,2.22984,1.55266,0.280162,0.0575001
27.678185941,0.155984,1.87136,0.00159579,0.63984,1.53995,0,0.363922,0.448437,2.02776,1.66472,0.319549,0.100291
27.724625850,0.242709,1.89743,0,0.418166,1.76665,0,0.301404,0.449789,2.40928,1.63945,0.297955,0.234794
27.771065760,0.179886,1.69599,0,0.544288,1.7538,0,0.176542,0.258767,2.71107,1.87851,0.137579,0.569592
27.817505669,0.178571,1.60038,0,0.702023,1.47176,0.0122234,0.0619712,0.0925486,2.67123,1.8479,0.107541,0.713537
27.863945578,0.41877,1.75178,0,0.906796,1.09464,0,0,0.348582,2.44374,1.67385,0.0651737,0.533513
27.910385488,0.514649,1.93117,0.0131815,0.931909,1.09083,0.0339669,0.0549455,0.634627,2.29406,1.34139,0.0977206,0.0169382
27.956825397,0.61902,2.12271,0.0564818,0.808514,1.32991,0.0291697,0.227898,0.571893,2.2284,1.31241,0.0816136,0.200957
28.003265306,0.818046,2.06402,0.0376823,0.652426,1.36453,0.0219368,0.326209,0.402961,2.36304,1.56056,0.0802399,0.185607
28.049705215,0.949463,1.90332,0.0788761,0.52227,1.54983,0.106967,0.227656,0.0563209,2.41175,1.56938,0.00849164,0.164022
28.096145125,0.975109,1.48966,0.0442895,0.674482,1.5538,0.116969,0.0362534,0.0111308,2.18138,1.6939,0.0801775,0.146435
28.142585034,0.731214,0.823486,0,1.13801,1.71045,0.0417278,0.0639972,0.0963966,2.01213,2.02481,0.192315,0.178992
28.189024943,0.283154,0.505951,0,1.21012,1.78907,0.0373947,0.111048,0.148167,2.01855,1.91808,0.234491,0.189912
28.235464853,0.101753,0.584107,0.353074,1.17626,1.67233,0.0610292,0.865342,0.307863,1.73672,1.49823,0.250977,0.0224642
28.281904762,0.152526,1.00934,0.414702,1.23456,0.924854,0.0373673,1.6185,0.145256,1.25856,0.668622,1.15391,0.0156601
28.328344671,0.129535,1.86254,0.112868,0.626612,0.220307,0.149833,2.19901,0.132236,0.926301,0.225514,1.88828,0.157327
28.374784580,0.0777325,2.0385,0.238154,0.196062,0.219144,0.178646,2.17581,0.36774,0.58245,0.185413,1.30345,0.736757
28.421224490,0.0949488,1.93331,0.538425,0,0.293327,0.189947,2.27903,0.481127,0.57724,0.0548188,0.568379,0.989602
28.467664399,0.170459,1.77265,0.604345,0,0.278759,0.07277,2.94865,0.437288,0.539003,0.0423897,0.818578,0.870265
28.514104308,0.169793,1.94897,0.334818,0.0145646,0.309208,0.0850774,3.40753,0.157212,0.694799,0.116727,1.09968,0.601275
28.560544218,0,2.03486,0.0719116,0.192999,0.471646,0.100345,3.54491,0.134157,0.875005,0.0380083,1.71451,0.315697
28.606984127,0,2.37823,0.0660104,0.349678,0.443388,0.090684,3.10094,0.30809,0.638194,0.0217968,2.13829,0.494311
28.653424036,0,2.12617,0.016083,0.420806,0.205911,0.0413996,2.80403,0.22369,0.503209,0.00746855,2.45626,0.717833
28.699863946,0.10264,1.74966,0.0702824,0.50657,0.118819,0.0281016,3.11696,0.0818315,0.625331,0.00262424,2.53838,0.801981
28.746303855,0.134296,1.85038,0.10508,0.231095,0.447741,0.0231809,3.08776,0.042542,0.816475,0,2.641,0.33845
28.792743764,0.0130623,2.38615,0.660068,0,0.577722,0.0273861,2.76823,0.05848,0.786152,0.105938,1.98559,0.196484
28.839183673,0,2.58644,0.53905,0,0.0136227,0.0157833,3.49115,0.0840003,0.441667,0.130572,2.20636,0.0887359
28.885623583,0,2.7451,0.184678,0.0274305,0.0212494,0.00444762,3.67193,0.113869,0.0754419,0.133158,2.14486,0.299778
28.932063492,0,2.31028,0.105734,0.414352,0.0626034,0.00607522,3.17199,0.157004,0.0875058,0.423504,1.39542,1.25266
28.978503401,0,1.69897,0.313563,0.701815,0.116377,0.210551,2.89051,0.183333,0.0932086,0.45584,0.67143,1.7064
29.024943311,0.0445477,1.0895,0.541339,0.72535,0.162367,0.301189,2.64973,0.175276,0.115288,0.224869,0.872418,1.71919
29.071383220,0,2.08792,0.194241,0.131944,0.140129,0.112835,2.91906,0.171627,0.0959988,0.0966447,1.67489,1.30293
29.117823129,0,2.88029,0.0386883,0,0.120594,0.069067,3.23091,0.176591,0.0112306,0.124209,1.72624,0.6036
29.164263039,0.0251472,2.93826,0,0.010527,0.151367,0.182576,3.33988,0.122537,0.511384,0.184709,1.60185,0.0755898
29.210702948,0.469018,2.53844,0,0.137558,0.0426872,0.166484,3.2707,0.0674099,0.964384,0.206171,1.85705,0.0271404
29.257142857,0.689017,2.23549,0.0590037,0.21261,0.0824317,0.179394,3.20733,0.0665693,1.12828,0.19458,2.1472,0.0359444
29.303582766,0.741618,2.01181,0.131923,0.208388,0.0244328,0.42514,2.94164,0.127508,1.04637,0.314068,2.00907,0.0799168
29.350022676,0.310259,1.77132,0.0911322,0.163694,0.0334793,0.69085,2.44698,0.360936,0.958437,0.371754,1.45069,0.339223
29.396462585,0.0289361,1.64924,0.0457122,0.0013926,0.0448423,0.513016,2.39752,0.381661,1.11406,0.117688,1.17702,1.08264
29.442902494,0.349229,1.404,0.0825918,0.0158954,0.0458801,0.0296734,2.92045,0.0861827,1.36429,0.00555182,1.33858,1.32024
29.489342404,0.502566,1.31574,0.164933,0.00940264,0.136907,0.0147454,3.22799,0.026761,1.05619,0.0346056,1.32334,1.21875
29.535782313,0.570837,1.3047,0.214772,0,0.0986949,0.00653825,3.33997,0.0769515,0.801667,0.0375755,0.924924,1.32337
29.582222222,0.437605,1.46244,0.260295,0,0.0317681,0.0282041,3.20148,0.0710157,0.4055,0.0300216,1.10799,1.29146
29.628662132,0.398585,1.69989,0.233248,0.00256736,0.0531379,0.0194102,2.70192,0.113338,0.0455348,0.076895,1.45009,0.911103
29.675102041,0.310495,1.44832,0.0844714,0.0277598,0.034996,0.171107,2.58285,0.147265,0.0644782,0.282097,1.75178,0.67307
29.721541950,0.506687,1.91334,0,0.216403,0.0184192,1.19042,2.19501,0.0552077,0.438523,0.177208,1.95119,0.717157
29.767981859,1.14637,1.57035,0.00573559,0.905937,0.0109991,2.0409,1.1828,0.0428139,1.33601,0.152302,1.48053,0.0679708
29.814421769,1.13125,1.57129,0.0429364,0.98654,0.09882,2.61276,0.219448,0.0748825,2.01303,0.224886,0.613628,0.0270462
29.860861678,1.13277,1.60938,0.12416,0.602355,0.0643146,2.72516,0.271652,0.0804507,2.45646,0.218707,0.173233,0.0760152
29.907301587,1.28132,1.6934,0.0292294,0.582409,0.0755808,2.54262,0.225955,0.0864148,2.39445,0.175942,0.095422,0.0783106
29.953741497,1.2578,1.76298,0.0100646,0.736157,0.118318,2.45694,0.0993821,0.131499,2.42233,0.0685491,0.100918,0.172025
30.000181406,0.990525,1.96815,0.0050118,0.745129,0.164008,2.44933,0.0219635,0.0917182,2.39403,0.0639428,0.0668451,0.5284
30.046621315,0.80732,1.9307,0.0119583,0.678059,0.186064,2.37662,0,0.23206,2.49181,0.218789,0.0748225,0.677425
30.093061224,0.974986,1.65198,0.217212,0.548142,0.146925,2.54766,0,0.178118,2.65383,0.417609,0.225595,0.698482
30.139501134,1.50386,1.45796,0.275898,0.316197,0.0499617,2.86493,0.00394317,0.0767067,2.89283,0.346752,0.178141,0.4883
30.185941043,1.71515,1.62852,0.108266,0.356207,0.0396345,2.98514,0.0685725,0.102448,2.70367,0.274377,0.0798539,0.148798
30.232380952,1.83522,1.69889,0.0010465,0.454235,0.0337364,3.03257,0.089021,0.0657461,2.25089,0.104412,0.0746412,0.407418
30.278820862,1.73099,1.6291,0.0005001,0.514881,0,3.12683,0.0763262,0.0273174,2.14349,0.122033,0.0754553,0.45487
30.325260771,1.91293,1.67296,0.0544573,0.381413,0.000583606,3.22052,0.00292172,0.046666,2.43115,0.156251,0.00403942,0.145975
30.371700680,1.93156,1.75226,0.0971294,0.335579,0.122423,2.57905,0.0166252,0.207968,2.4862,0.28254,0,0.0818018
30.418140590,1.73276,1.67482,0.329362,0.545973,0.289359,2.15222,0.0441514,0.296384,2.32824,0.347682,0,0.000379011
30.464580499,1.72384,1.53385,0.31302,0.863048,0.304183,1.68403,0.0745462,0.340724,1.6678,0.659723,0.192712,0.0337055
30.511020408,1.36716,1.31486,0.312898,1.02314,0.313066,1.57572,0.202383,0.477116,1.46607,0.541361,0.416002,0.0925558
30.557460317,1.566,1.6498,0.215449,0.952076,0.261082,1.63298,0.212434,0.392667,1.44714,0.348335,0.374775,0.0729656
30.603900227,1.99942,2.02155,0.00266543,0.47742,0.0962621,2.29499,0.219242,0.393132,1.46213,0.149682,0.251794,0.311427
30.650340136,1.75236,1.97719,0,0.154252,0,3.21206,0.185895,0.266528,1.42286,0.211272,0.232725,0.356434
30.696780045,1.48928,1.8606,0.0495411,0.323938,0,3.63885,0.0169436,0.0667379,1.45801,0.450118,0.0247398,0.281829
30.743219955,1.16596,1.97597,0.00663391,0.795431,0,3.29181,0.0193464,0.115563,1.34583,0.670652,0,0.114627
30.789659864,0.561145,2.08036,0.119568,1.09688,0.0181373,3.10658,0.0541828,0.190943,1.45059,0.774538,0,0.000248728
30.836099773,0.573147,2.19061,0.124758,1.15096,0.0656753,3.15458,0.0562709,0.0754298,1.75148,0.602743,0.0107928,0.000163172
30.882539683,1.25739,1.74617,0.0258039,1.11637,0.0788591,2.99142,0.0551402,0.0550023,2.04746,0.612405,0,0.000292231
30.928979592,1.48823,1.5313,0,0.866345,0.158436,2.93014,0.0463978,0.034957,1.84474,0.649588,0,0.00047342
30.975419501,1.45329,1.37633,0.00307723,0.514026,0.262097,2.63549,0.015476,0,1.45694,0.537536,0.209362,0.0613291
31.021859410,1.84118,0.988277,0.10774,0.522161,0.176451,2.42981,0.0106908,0.0344825,1.30615,0.348186,0.394159,0.235188
31.068299320,2.10767,0.773333,0.109852,0.796217,0.144433,2.09667,0.127755,0.0901673,1.39752,0.27817,0.495359,0.237936
31.114739229,1.87599,1.02812,0.029546,0.82461,0.143975,1.98143,0.215443,0.123139,1.48914,0.373601,0.312451,0.0866488
31.161179138,2.18022,0.995294,0.0026841,1.01429,0.271193,1.18168,0.611618,0,1.55429,0.880491,0.247629,0.293028
31.207619048,1.79297,0.492069,0,0.92828,1.1852,0.693927,1.62716,0,1.58347,0.951937,0.0748423,1.11337
31.254058957,0.993685,0.585419,0.00041005,0.479542,1.62045,0.366038,2.16596,0.00376137,1.20542,0.603161,0.354205,1.62547
31.300498866,0.193505,0.991997,0,0.71721,1.76663,0.212787,2.19377,0.15481,0.987035,0.108547,0.377202,1.61837
31.346938776,0.0326132,0.860542,0.324485,0.405213,1.88544,0.180779,1.63887,0.352421,0.990866,0.000939931,0.193836,1.61931
31.393378685,0.0557319,0.764859,0.374146,0.154952,1.93152,0.13012,1.60867,0.50369,1.05246,0,0.0299429,1.79793
31.439818594,0.126321,1.03196,0.277809,0.0897722,1.9792,0.091787,1.89992,0.360358,1.01808,0,0.100083,1.69997
31.486258503,0.152711,1.5544,0.125751,0.273511,1.96883,0.0460909,2.10152,0.160978,0.805944,0,0.307978,1.48625
31.532698413,0.172133,1.89737,0,0.709941,1.71338,0.00330127,2.254,0.0934329,0.64348,0.033713,0.548269,1.65733
31.579138322,0.121433,1.75708,0.164863,1.07983,1.62868,0.0341801,2.14078,0.122284,0.966877,0.0807516,0.383213,2.11696
31.625578231,0.0976773,1.29788,0.173247,1.26841,1.54809,0.0629159,1.6253,0.128477,1.08456,0.102931,0.257785,2.51747
31.672018141,0.0790755,1.12039,0.000402033,1.16645,1.77067,0.0579129,1.54058,0.0795968,1.08823,0.000684552,0.261636,2.58122
31.718458050,0.120521,1.26832,0.0841076,0.911357,1.52629,0.0488211,1.31153,0.0561655,1.1564,0.0483207,0.213613,2.81669
31.764897959,0.143788,1.20185,0.334973,0.695769,1.2813,0.062612,1.58927,0.0355399,1.21772,0.0379442,0.122483,2.83434
31.811337868,0.113905,1.33822,0.41541,0.716332,1.26793,0.168233,1.87419,0.0381751,0.909829,0.0224238,0,2.97828
31.857777778,0.0437713,1.40256,0.00879311,0.820535,1.28894,0.160215,2.21156,0.0816979,0.533841,0.03,0,3.11498
31.904217687,0,1.54667,0.167512,0.602831,1.3026,0.619344,1.86443,0.377478,0.449156,0.145868,0.00167062,2.82109
31.950657596,0.0219971,1.39769,0.238568,0.189646,1.22779,0.612362,1.59512,0.451677,0.544553,0.187582,0.0601762,2.41308
31.997097506,0.00326081,1.20933,0.151303,0.164533,1.55622,0.214118,1.9757,0.327067,0.503631,0.198907,0.0476941,1.71803
32.043537415,0,0.926798,0.066682,0.522475,1.67248,0.0729801,2.57647,0.0753222,0.256652,0.0305549,0.306258,1.6439
32.089977324,0,0.677325,0.108877,0.801356,1.39828,0.0933302,2.7577,0.0331592,0.154082,0,0.357919,1.99718
32.136417234,0,0.763425,0.265012,0.578653,1.55586,0.118691,2.64215,0.0239461,0.382482,0.012977,0.582622,1.97191
32.182857143,0,0.909853,0.305815,0.242995,1.58994,0.0298255,2.41805,0.0366583,1.01278,0.015384,0.786416,1.61491
32.229297052,0,1.18253,0.276261,0.134481,1.37572,0.0202555,2.11358,0.0385229,1.43419,0.00876256,0.727962,1.43716
32.275736961,0,1.17635,0.39475,0.241755,0.992734,0.0312908,2.04514,0.0326663,1.61691,0.0481513,0.544503,1.72883
32.322176871,0,0.962782,0.593329,0.395531,0.903907,0.0482554,2.18358,0.0322656,1.35487,0.0753182,0.293371,1.88514
32.368616780,0.00752347,0.908621,0.936459,0.467532,0.980634,0.0786296,2.14788,0.0558467,0.928074,0.113368,0.0958036,1.89766
32.415056689,0.0714118,0.879455,0.973846,0.453411,1.22732,0.0870797,1.77157,0.118337,0.771945,0.126152,0.0824916,2.13752
32.461496599,0.302896,1.26785,0.659536,0.613405,1.49872,0.0688653,1.08401,0.347953,0.386132,0.0218645,0.318186,2.21047
32.507936508,0.468137,1.18655,0.200358,0.833261,1.63733,0.0628469,0.883096,0.544863,0.333646,0.0847069,0.544444,1.93272
32.554376417,0.494425,1.06074,0.000207856,0.760818,2.3004,0.0466704,0.768305,0.384692,0.325268,0.157269,0.662256,1.53585
32.600816327,0.231002,0.968236,0.000749704,0.44242,2.55221,0.122767,1.25599,0.103048,0.554941,0.19262,0.606186,1.41455
32.647256236,0.207079,0.806511,0.0117744,0.81025,2.4366,0.140835,1.38351,0.326186,0.437588,0.370473,0.624186,1.86107
32.693696145,0.351878,0.429164,0.0309202,1.84537,1.46648,0.0706024,1.6462,0.389066,0.369604,0.220595,0.656577,2.29097
32.740136054,0.119019,0.255465,0.202872,2.7645,0.320175,0.228406,1.46224,0.300658,0.606194,0.139042,0.562657,2.65015
32.786575964,0.0146884,0.292276,0,2.99317,0.124546,0.21361,1.82667,0.414717,0.429379,0.178655,1.32453,2.43601
32.833015873,0.0368567,0.531307,0.0628421,2.8272,0.0797267,0.2403,1.96577,0.671474,0.142722,0.134127,1.57438,2.3432
32.879455782,0.0457204,0.674849,0.131534,2.48702,0.354134,0.0435368,2.29951,0.554963,0.0596611,0.0311919,1.65253,2.21719
32.925895692,0.0284059,0.846237,0.114865,2.22912,0.0917705,0.060186,2.36202,0.355545,0.0672374,0,1.89319,2.5551
32.972335601,0,0.820442,0.108517,2.59875,0.018536,0.0758899,2.34698,0.0879616,0.113124,0,1.82255,2.70056
33.018775510,0,0.753514,0.0918588,3.04802,0.0266756,0.0430398,2.28796,0,0.140002,0,1.77004,2.45509
33.065215420,0.0409314,0.838662,0,3.18382,0.0361349,0.132486,1.65246,0.0242841,0.218218,0.0179577,1.85268,2.3232
33.111655329,0.147152,0.545849,0,2.99351,0.127802,0.268695,1.33377,0.0187041,0.355438,0.0218992,1.47272,2.44793
33.158095238,0.113365,0.505812,0.00691338,2.49634,0.290136,0.384084,1.57152,0.0593465,0.397242,0,1.13179,2.49045
33.204535147,0.12725,0.443624,0,2.66216,0.161045,0.210761,1.66491,0.302419,0.0628261,0.125753,1.05355,2.74659
33.250975057,0.184369,0.537799,0,2.92214,0.0596562,0.0895999,1.46311,0.87093,0.0909074,0.0801554,1.01013,2.73507
33.297414966,0.0295215,0.699839,0.0308642,2.8836,0.0563589,0.172971,1.57232,1.1258,0.0966951,0.0597848,1.12076,2.52098
33.343854875,0.0374902,0.366848,0.081986,2.78216,0.0599513,0.298507,1.57846,1.16695,0.105403,0.0597006,0.783325,2.60101
33.390294785,0.0788853,0.20278,0.0464209,2.14901,0.0437888,0.380384,1.64516,1.25684,0.133087,0.268891,0.539721,2.53366
33.436734694,0.095201,0.211465,0.0564779,1.7254,0.070778,0.232742,1.64271,1.08459,0.0962272,0.260649,1.01654,2.42019
33.483174603,0.110434,0.189322,0.132028,2.13477,0.0974941,0.0268587,1.67892,0.456332,0.0309643,0.116701,1.07317,2.48131
33.529614512,0.12456,0.49367,0.0376667,2.47742,0.150252,0.0311798,1.72272,0.0584623,0.0385779,0.0802765,0.95404,2.90485
33.576054422,0.191384,0.594515,0.0747328,2.83697,0.172141,0.106876,1.93886,0.0419962,0.00244574,0.264656,0.724623,2.85245
33.622494331,0.231265,0.74548,0.180726,2.81413,0.102528,0.167001,1.97672,0.128141,0.00266973,0.447739,0.391446,3.08408
33.668934240,0.203317,0.892974,0.144862,2.74732,0.0679362,0.215795,1.94935,0.297348,0.00508342,0.211163,0.291597,3.33062
33.715374150,0.0512799,0.956879,0.000322289,2.68659,0.111771,0.252231,1.98148,0.250077,0.0350874,0.0585349,0.361659,3.38949
33.761814059,0.000316568,1.012,0.000659725,2.57205,0.142314,0.2225,2.0022,0.176315,0.0108704,0.0405284,0.433143,3.26728
33.808253968,0.114428,0.90222,0.000993127,2.65319,0.162885,0.00346647,2.24872,0.117672,0.00508762,0.0172807,1.08863,2.64604
33.854693878,0.0641917,0.836518,0.00124947,2.90883,0.189876,0,2.51063,0.32824,0,0,1.33462,2.11085
33.901133787,0.0250696,0.945563,0.00241688,3.07493,0.183873,0,2.47747,0.483051,0,0,1.32506,2.13335
33.947573696,0.255077,0.974718,0.00517166,2.97485,0.180007,0.0186386,2.23166,0.570342,0.110509,0,0.951078,2.41194
33.994013605,0.314502,0.990869,0.193544,2.86666,0.162779,0.0265911,1.90211,0.491358,0.0237074,0.0404844,0.620016,2.70637
34.040453515,0.0185837,1.10451,0.217799,2.23213,0.101484,0.0741241,1.54955,0.420514,0.185992,0.0728091,1.17542,2.83207
34.086893424,0.0162863,1.13645,0.216165,1.73122,0.0721251,0.147386,1.02712,0.287164,0.746453,0.147918,1.16414,2.64333
34.133333333,0.0517368,0.480791,0.463577,1.89487,0.0799365,0.126124,1.10471,0.231631,0.919094,0.192276,1.00088,1.82991
34.179773243,0.302405,0.226633,0.395901,1.9104,0.123029,0.0539997,1.36893,0.147844,1.18706,0.184766,1.5468,1.0575
34.226213152,0.38116,1.01841,0.340193,1.42019,0.0926988,0.0289394,1.54103,0.128977,1.46117,0.0343425,1.8614,0.736744
34.272653061,0.176699,2.02468,0.133862,0.543838,0.107098,0.251304,1.92173,0.181951,1.62368,0.0640281,1.66648,0.175885
34.319092971,0.491003,2.13961,0.0368452,0.30317,0.200191,0.109322,1.86657,0.427234,1.44997,0.383301,1.16165,0.0528609
34.365532880,0.801445,1.96619,0.153363,0.483684,0.128801,0.051069,1.60133,0.581552,1.11308,0.359907,0.996233,0.168589
34.411972789,0.582235,2.8287,0.116652,0.506037,0.410048,0.055011,1.42165,0.507795,1.24875,0.161805,1.21235,0.0440723
34.458412698,0.0170126,3.44702,0,0.262393,0.712144,0.321862,1.44396,0.122125,1.80428,0.0542614,1.42028,0.0120265
34.504852608,0,3.74568,0,0.120172,0.939334,0.407053,1.1778,0.167443,1.72019,0,2.02326,0.000233209
34.551292517,0,2.88353,0,0.163508,0.710474,0.667924,2.08107,0.120888,1.6276,0,2.04768,0.000447867
34.597732426,0.0289904,2.59701,0,0.290837,0.461816,0.683439,2.37872,0.104232,1.544,0,2.22284,0.00227948
34.644172336,0.145659,2.70032,0.0248999,0.599025,0.487456,0.297188,2.47528,0.0664615,1.28865,0.0058646,2.35383,0.0224576
34.690612245,0.135794,2.92415,0,0.596042,0.736459,0.0675021,2.26793,0.0941874,1.26295,0.0118918,2.21994,0.133922
34.737052154,0.168147,2.94476,0.00640387,0.516279,0.636093,0.0475462,2.0019,0.115535,1.63824,0.0498781,2.09011,0.114385
34.783492063,0.190777,3.28951,0.0734922,0.36502,0.180747,0,1.82566,0.159104,1.8777,0.0547002,2.21043,0.0183575
34.829931973,0.139855,3.17812,0.0419719,0.530342,0.0970497,0.211092,1.45308,0.151105,1.92938,0.181703,2.21634,0.532831
34.876371882,0.141409,2.74974,0.0358705,0.708123,0.120107,0.420777,0.953791,0.116753,1.69201,0.288199,2.26348,0.656886
34.922811791,0.101222,2.3332,0.268383,0.58884,0.118553,0.46658,0.740133,0.111185,1.43633,0.08716,2.29063,0.7316
34.969251701,0.128307,2.30872,0.163348,0.458936,0.105073,0.461848,1.19099,0.152868,1.35814,0,2.29337,0.765475
35.015691610,0.109271,2.37565,0.136966,0.0905617,0.10083,0.886172,1.55531,0.203472,1.64007,0,2.0383,0.782794
35.062131519,0.0948673,2.22566,0.136569,0.213999,0.0967741,1.20236,2.1905,0.1903,1.79776,0,1.52499,0.0720884
35.108571429,0.066786,2.37457,0.111979,0.392005,0.0643461,1.35036,2.62648,0.140949,1.71136,0,0.924781,0.0112969
35.155011338,0.0673225,2.41652,0.0248043,0.492614,0.0418516,1.20378,2.89518,0.107004,1.34812,0,0.765029,0.0389701
35.201451247,0.084536,2.4446,0.102747,0.62117,0.898446,0.644129,2.45253,0.102225,1.23822,0.0710381,0.750038,0.0515884
35.247891156,0.138812,2.95419,0.0708526,0.579038,1.36736,0.281926,1.31221,0.194753,1.31532,0.0707081,0.632732,0.0630519
35.294331066,0.109938,3.1951,0,0.372134,1.44749,0.225023,1.24253,0.268156,1.11876,0.0143246,0.778268,0.060806
35.340770975,0.068161,2.99545,0.136915,0.319622,1.15316,0.0716921,2.20073,0.288059,0.858263,0.0155302,0.943132,0.0626433
35.387210884,0.0334483,2.88992,0.273102,0.191145,0.607075,0.297861,3.00431,0.176026,0.823409,0.0750921,1.36847,0.0673569
35.433650794,0,2.85451,0.162823,0.0253694,0.602941,0.661781,3.00082,0.0994215,1.12026,0.127998,1.18005,0.0410038
35.480090703,0,2.83048,0.115206,0.110758,0.73251,0.942555,2.78464,0.0813415,1.27121,0.188936,0.922935,0.0131663
35.526530612,0.0627489,2.67826,0.327184,0.0491484,0.67951,1.17487,2.22688,0.078536,1.50933,0.389581,1.01444,0.133485
35.572970522,0.142726,2.76268,0.440868,0.0121864,0.981812,1.09895,1.63175,0.0602569,1.4757,0.283689,1.24823,0.236268
35.619410431,0.149336,2.97635,0.0849025,0.146814,1.04993,0.905337,2.02373,0.188776,1.03836,0.494908,1.27022,0.156507
35.665850340,0.277705,3.14043,0.00120211,0.215934,1.0669,1.05701,1.97028,0.2809,0.909608,0.503687,1.03515,0.151041
35.712290249,0.416419,3.17113,0.0175056,0.258495,0.97948,1.63815,1.37842,0.0947237,1.05032,0.246969,0.382298,0.332811
35.758730159,0.333324,3.51254,0.0188759,0.161379,1.06288,1.9622,0.326401,0.0899009,2.02089,0.0215164,0,0.440098
35.805170068,0.353211,3.49708,0.0200963,0.00423248,1.40811,1.61011,0.0286377,0.0973168,2.42791,0,0,0.551999
35.851609977,0.421453,3.48166,0.016679,0.0561784,1.9162,0.94344,0.0410867,0.105611,2.18035,0,0,0.733215
35.898049887,0.427312,3.41666,0,0.132233,2.60945,0.694205,0.137041,0.0808886,2.32792,0.000460031,0,0.799933
35.944489796,0.384178,3.26344,0.0109943,0.16317,2.86743,0.640755,0.183672,0.0478654,2.43277,0.000719928,0,0.97603
35.990929705,0.472872,3.37213,0.0842691,0.167191,2.94383,0.582307,0.041357,0.0484749,2.47256,0.000401,0.00158362,0.972075
36.037369615,0.624448,3.49956,0.213468,0.100415,2.84885,0.561019,0.0113599,0.0507578,2.36984,0,0.0723711,0.729808
36.083809524,0.627119,3.62705,0.260497,0.0241848,2.72282,0.675452,0.00510589,0.0365673,2.40683,0,0.070199,0.544735
36.130249433,0.388806,3.59351,0.242501,0.0961439,2.61576,0.919978,0.0173405,0.0269611,2.6026,0.02144,0.0756087,0.483472
36.176689342,0.571668,3.50314,0.0614222,0.039393,2.64009,1.10454,0.2098,0.048965,2.497,0.0093222,0.0888932,0.678128
36.223129252,0.565368,3.28822,0.0014753,0.0885483,2.72355,1.25029,0.246877,0.0335507,2.13934,0.00376489,0.0690215,1.02554
36.269569161,0.322084,3.1432,0.00181753,0.129489,2.76898,1.31298,0.190644,0.00244683,1.97422,0,0.0352573,1.09936
36.316009070,0.222992,3.38237,0.079954,0.153185,2.63735,1.1495,0.177807,0.00441888,2.0541,0,0.075177,0.970564
36.362448980,0.247807,3.54543,0.133544,0.128828,2.1581,1.09349,0.161808,0.0103064,2.08909,0,0.133196,0.723998
36.408888889,0.215769,3.75488,0.181452,0.104654,1.56695,1.03956,0.0243534,0.0136912,1.8473,0,0.233419,0.362465
36.455328798,0.151513,3.76877,0.10882,0.0267613,0.58365,1.09036,0.180664,0.0454897,1.71411,0.554468,0.242123,0.00424481
36.501768707,0.173624,3.88329,0.0771057,0.0988549,0.23279,1.38578,0.183197,0.0500861,1.71236,0.663417,0.00905457,0.202956
36.548208617,0.132646,3.93639,0.00609081,0.11896,0.410198,1.65292,0.13111,0.137864,1.57892,0.297428,0.0120295,0.215139
36.594648526,0.0976808,3.87753,0.00775206,0.117845,0.36724,1.78018,0.248585,0.156046,1.67243,0.0512256,0.0228575,0.172771
36.641088435,0.074085,3.81684,0.122862,0.108524,0.104778,1.74259,0.268509,0.227758,1.89768,0.0537266,0.0304379,0.235902
36.687528345,0.176488,3.98411,0.127369,0.0856238,0.0480704,1.58639,0.344657,0.150064,1.7944,0.0362955,0.106057,0.223929
36.733968254,0.0870181,3.91826,0.103513,0.0465922,0.0707719,1.59123,0.472409,0.173145,1.5231,0.00927055,0.386827,0.308701
36.780408163,0,4.0432,0.0135761,0.0264654,0.245001,1.55425,0.387689,0.174178,1.14973,0.0393067,0.62704,0.222395
36.826848073,0,4.00962,0.00300816,0.0132296,0.196361,1.5989,0.533398,0.309582,0.659216,0.290552,0.543247,0.155882
36.873287982,0.0279492,4.0676,0.132936,0.00303121,0.0894872,1.61717,0.604394,0.180545,1.08803,0.103835,0.360586,0.101236
36.919727891,0.0103467,4.09145,0.139118,0.0208691,0.0693357,1.43742,0.361464,0.212507,1.54849,0.0445555,0.208008,0.0669761
36.966167800,0.0160374,3.94081,0.145877,0.00563071,0.0481618,1.35134,0.391225,0.407162,1.73872,0.0352536,0.0212146,0.0978448
37.012607710,0.118116,3.84269,0.0394862,0.223429,0.249048,1.19967,0.391609,0.292801,1.66457,0.045283,0.00496926,0.379631
37.059047619,0.0633807,4.22744,0.0422592,0.313713,0.357681,1.22656,0.00618553,0.206916,1.53251,0.0532724,0.0467169,0.418441
37.105487528,0.168669,4.01936,0.0462912,0.105192,0.737106,1.21154,0.0118839,0.0422684,1.45232,0.433453,0.0605459,0.200613
37.151927438,0.308063,3.79193,0.0462591,0.0983867,1.44136,0.540894,0.00518755,0,1.02995,0.591582,0.113712,0.263187
37.198367347,0.257104,3.55099,0.144004,0.109893,1.79391,0.335755,0.0470698,0,0.844871,0.761922,0.130186,0.637509
37.244807256,0.0339862,3.19986,0.0682853,0.0327153,1.8284,0.46577,0.0606861,0.000739775,1.07724,1.41517,0.192628,0.779256
37.291247166,0.0001849,2.93385,0.0657946,0.0163987,1.85807,0.521583,0.0338262,0.00271119,1.11639,1.46201,0.189819,0.893861
37.337687075,0.000236283,2.80855,0.0311063,0.0123267,2.0502,0.508859,0.0244924,0.00472683,1.02335,1.35046,0.201991,1.21159
37.384126984,0.122578,2.68731,0.008603,0,2.30844,0.52511,0.0333143,0.00774232,1.0177,1.38765,0.193054,1.36481
37.430566893,0.0160624,2.82906,0.0537413,0.0113527,2.39924,0.555158,0.0291998,0.0461456,1.20901,1.45017,0.131648,1.54329
37.477006803,0.000130362,2.9537,0.0967109,0.0297863,2.3085,0.532644,0.0484992,0.0266294,1.36609,1.44552,0.0406188,1.75307
37.523446712,0.263835,2.78328,0.0942479,0.0317654,2.05638,0.503273,0.0495995,0.0367071,1.51021,1.41983,0.0380865,1.67943
37.569886621,0.0893964,2.67053,0.267929,0.069738,2.0767,0.560106,0,0.0636093,1.44993,1.17055,0.332915,1.52849
37.616326531,0,2.75293,0.215302,0.11664,1.99594,0.604814,0,0.0121704,1.31189,1.12808,0.437538,1.42049
37.662766440,0,2.75451,0.159895,0.132798,2.05322,0.638454,0.127936,0.00785906,1.48119,1.13171,0.387164,1.33514
37.709206349,0.0364041,2.60836,0.0288253,0.128943,2.15945,0.498463,0.209317,0.00600117,1.64554,1.29354,0.272534,1.40207
37.755646259,0.137534,2.59889,0.0538008,0.1423,2.35171,0.449751,0.16424,0.00757975,1.58748,1.41306,0.0884623,1.49875
37.802086168,0.122225,2.37264,0.095016,0.114826,2.66212,0.37595,0.0940809,0.00519711,1.5477,1.33531,0.00607368,1.53851
37.848526077,0.109,2.3525,0.0617926,0.0431005,2.7126,0.414929,0.0629071,0.0515626,1.48528,0.957141,0.0532482,1.65659
37.894965986,0.0923937,2.54501,0.00479057,0.156758,2.30636,0.246083,0.00217758,0.157993,1.51923,1.05923,0.0983858,1.52565
37.941405896,0.0705688,2.77967,0.0120144,0.551799,1.58054,0.274156,0.00449359,9.35242e-05,1.63866,1.67853,0,0.944665
37.987845805,0.0255139,3.04886,0.0310404,0.533523,1.37678,0.233557,0.00209492,0.00148844,1.4162,2.0397,0.0121823,0.868128
38.034285714,6.09776e-05,3.37895,0.0325304,0.624366,1.45343,0.10218,0.00252552,0.224103,1.28648,2.18956,0.0363378,0.843415
38.080725624,0.0759358,3.5881,0.00241705,0.650736,1.66005,0.111601,0.0775559,0.34718,1.24785,2.37759,0.000442055,0.347879
38.127165533,0.0202365,3.50065,0.091774,0.571806,1.87431,0.232661,0.0413186,0.375216,1.20457,2.23954,0.128974,0.230672
38.173605442,0.0518133,3.38715,0.0804694,0.35398,1.63131,0.513792,0.0324707,0.354691,1.0369,2.15084,0.137144,0.221022
38.220045351,0.153192,3.29065,0.039023,0.19039,1.2988,0.71974,0.25064,0.26453,0.656321,2.20273,0,0.464994
38.266485261,0.168822,3.2761,0.00691808,0.0751047,1.07881,0.726248,0.274075,0.180866,0.331444,2.12079,0.0684194,0.420464
38.312925170,0.0894006,2.89208,0.0209136,0.176705,1.08059,0.708827,1.32,0.296791,0.313163,1.70062,0.100029,0.6721
38.359365079,0,2.96398,0.135267,0.203311,1.30617,0.579885,1.72965,0.270749,0.46422,0.780126,0.156997,0.77148
38.405804989,0.000103124,3.38871,0.11191,0.110046,1.55449,0.687791,1.35742,0.139393,0.715315,0.00905811,0.136815,0.931289
38.452244898,0.00456622,3.59297,0.0151838,0.145687,1.91603,0.674834,0.979585,0.201731,0.86868,0.017583,0.0969423,0.600737
38.498684807,0.0596673,3.79438,0.0514868,0.338031,2.36697,0.608646,0.734718,0.102142,0.488189,1.03013e-05,0.122657,0.551319
38.545124717,0.443968,2.86848,0.0843347,0.378503,2.78291,0.242874,0.923903,0.0753063,0.462512,0,0.0450649,0.928633
38.591564626,0.550408,2.03018,0.0804811,0.892926,2.39166,0.0488364,1.58253,0.0205905,0.428241,0.00017786,0.050283,1.00808
38.638004535,0.3286,1.71136,0.0508597,1.78766,1.29127,0.122838,1.98894,0.135638,0.124955,0.000445618,0.212273,1.25105
38.684444444,0.19809,1.3586,0.00651154,2.55553,0.56137,0.195604,2.18351,0.193044,0.55378,0,0.252041,1.69007
38.730884354,0.0647202,1.20181,0.00328876,2.66223,0.554865,0.0952013,2.16115,0.173317,0.778568,0.000394817,0.369748,1.71089
38.777324263,0.000140223,1.33005,0.00234146,2.51734,0.514073,0.0824621,1.96381,0.261825,1.0131,0,0.466156,1.65684
38.823764172,6.21442e-06,1.77148,0.00275897,2.21084,0.582477,0.0701674,1.92937,0.43967,0.946181,0,0.667947,1.61359
38.870204082,0,2.04639,0.00541726,1.62521,0.5036,0.162135,1.8769,0.680088,0.726814,0,0.851536,1.76834
38.916643991,0.0061156,2.22495,0.0125185,1.35484,0.359108,0.174608,1.62156,0.785182,0.460834,0,0.835592,2.10168
38.963083900,0.00560715,1.92622,0.014658,1.41294,0.265749,0.118445,1.79261,0.653959,0.333183,0,0.71252,2.2436
39.009523810,0.00667837,1.72802,0.0026222,1.38111,0.139482,0.0906691,1.90508,0.508986,0.328198,0.0133911,0.753919,2.43795
39.055963719,0.00710526,1.78015,0.142376,1.16858,0.388922,0.161261,1.95626,0.478455,0.34202,0.0295866,0.703145,2.35089
39.102403628,0.00631754,1.75137,0.143812,0.728693,0.568856,0.311753,2.00065,0.597832,0.126674,0.0114203,0.810301,2.36922
39.148843537,0.00782278,1.37479,0.125873,0.79778,1.06251,0.255148,2.03141,0.589878,0.0644431,0,0.776067,2.38811
39.195283447,0,0.915007,0.0983028,0.851191,1.34584,0.273845,2.05382,0.556665,0.0917235,0,1.12032,2.18179
39.241723356,0,0.654286,0.147293,1.02697,1.02378,0.461008,2.16997,0.532025,0,0,1.20158,2.13767
39.288163265,0,0.773917,0.21135,1.19022,0.641099,0.632946,2.16924,0.474951,0,0,1.12839,2.29372
39.334603175,0.00450891,1.06395,0.163032,1.54493,0.428745,0.504221,2.36162,0.359038,0,0,1.25502,2.1678
39.381043084,0.00669752,1.67778,0.155542,1.73822,0.176515,0.386847,2.42702,0.25367,0,0,1.35205,2.09107
39.427482993,0.0334267,2.00708,0.00313102,1.80844,0.164852,0.266232,2.48262,0.157074,0,7.34203e-05,1.18855,2.05301
39.473922902,0.000369941,2.45203,0.00251304,1.80108,0.23541,0.331275,2.27621,0.175563,0.0617137,0.000381904,0.965064,2.07044
39.520362812,0.000113322,2.39173,0.114754,1.66268,0.246664,0.153796,2.2267,0.116454,0.239183,0,0.468614,2.12494
39.566802721,0,2.13606,0.164022,1.54663,0.168206,0.306216,2.15489,0.114526,0.284588,0,0.465792,2.26082
39.613242630,1.75405e-05,1.88223,0.291108,1.53108,0.021518,0.188844,1.94688,0.189187,0.439296,0.0227355,0.51061,2.33026
39.659682540,0.00824649,1.86214,0.222675,1.9291,0.0452762,0.179572,1.30916,0.321852,0.626477,0.0207817,0.548255,2.21899
39.706122449,0.109011,1.88052,0.0888005,2.07427,0.049115,0.284272,1.31686,0.409318,0.482688,0.0021948,0.515404,2.33086
39.752562358,0.111836,1.52713,0.120336,2.03788,0.0679682,0.250763,1.58443,0.415212,0.0879576,0.00108216,0.485418,2.55319
39.799002268,0.0673687,1.26994,0.0135988,1.30079,0.100109,0.230829,1.88646,0.485382,0.0901387,0,0.712685,2.63308
39.845442177,0.155688,1.58346,0.0890818,0.779397,0.152403,0.192562,1.13476,0.542034,0.0890601,0,1.63033,2.25551
39.891882086,0.271934,1.58274,0.113126,0.825426,0.155672,0.1438,0.597266,0.531983,0.0298122,0.56407,2.09586,1.37539
39.938321995,0.373416,1.087,0.185774,0.891715,0.386593,0.179476,0.469149,0.326971,0.001003,1.29032,1.83708,1.00147
39.984761905,0.24092,1.07401,0.25357,0.710046,1.00473,0.108064,0.391064,0.114748,0.387553,2.00445,1.20432,1.34403
40.031201814,0.393082,1.58401,0.220323,0.0767747,2.18155,0.0944214,0.67395,0.235985,0.656273,2.01497,0.134355,0.99813
40.077641723,0.100774,1.99767,0.262381,0.0223427,2.59038,0.0692531,0.604616,0.388169,1.02404,1.49498,0.0469087,0.382394
40.124081633,0.135712,2.23482,0.665253,0.036661,2.03064,0.0152972,0.586908,0.375084,1.01741,1.56959,0.0134332,0.428352
40.170521542,0.237187,2.44348,0.944929,0.0608197,1.85092,0.0205987,0.618655,0.156474,0.654124,1.67319,0.311277,1.27461
40.216961451,0.23007,2.35588,0.645857,0.07646,1.98578,0.0138891,1.09121,0.0800135,0.368205,1.72437,0.388331,1.63448
40.263401361,0.0675761,2.2732,0.112389,0.0196138,1.98501,0.161761,0.867784,0.106926,0.488986,1.98135,0.298233,1.49876
40.309841270,0.0738594,2.20707,0.171696,0.0176883,2.08633,0.0914259,0.848514,0.101759,0.541484,2.10192,0.139448,1.43913
40.356281179,0.0382228,1.71438,0.282253,0.00512243,2.00282,0.0769863,1.29639,0.0760249,0.659545,2.41743,0.332713,1.02677
40.402721088,3.39686e-05,1.64762,0.265032,0.0117132,1.97182,0.052197,1.19005,0.132006,0.465328,2.52586,0.346236,0.79638
40.449160998,0.0195407,1.41272,0.215826,0.108582,1.98806,0.247329,1.47908,0.33954,0.530017,2.34451,0.191773,0.573889
40.495600907,0.103781,1.15874,0.307303,0.201027,1.83072,0.530468,1.60027,0.359998,0.744074,1.96611,0.268938,0.528022
40.542040816,0.088088,1.47627,0.329746,0.11756,1.66755,0.539906,1.76358,0.224564,0.782785,1.59757,0.828964,0.319261
40.588480726,0.268286,1.58102,0.349088,0.0408853,1.17888,0.586865,1.51475,0.417165,0.19595,1.42723,1.16254,0.691931
40.634920635,0.393492,1.52275,0.434698,0.0475483,0.926688,0.397637,1.46634,0.360837,0.00501042,1.02774,1.55876,1.15045
40.681360544,0.440595,1.49748,0.404179,0.0326572,1.01529,0.234369,1.81829,0.212131,0.174184,0.850271,1.57734,1.02195
40.727800454,0.423766,1.36094,0.25302,0.0337804,1.63226,0.132209,2.18342,0.176475,0.650376,0.865927,1.44518,0.625907
40.774240363,0.319709,1.54411,0.00131145,0.0247669,2.13373,0.0579422,2.4058,0.129409,0.96724,0.746388,1.17592,0.171463
40.820680272,0.125402,1.91721,0.00199495,0.00375072,2.01708,0.0845597,2.19286,0.252579,0.945067,0.74024,0.92364,0.000390265
40.867120181,0.143415,1.78022,0.246943,0.0725494,1.84632,0.0527428,1.8798,0.470804,1.26527,0.638305,0.613075,0.10251
40.913560091,0.119405,1.63427,0.331826,0.129947,1.52394,0.029404,2.0284,0.263071,1.59304,0.722808,0.34002,0.140159
40.960000000,1.12101,1.39589,0.105333,0.161567,0.878383,0.00518795,2.21402,0.0282481,1.38675,0.55789,0.290839,0.330078
41.006439909,1.0448,1.24166,0.131602,0.386341,0.199937,0.177938,1.8216,0.0216582,1.04816,0.421303,0.272639,0.77098
41.052879819,0.739462,0.998472,0.339967,0.903347,0,0.122576,1.21441,0.00469993,1.34996,0.194805,0.169799,0.721224
41.099319728,0.383144,1.18419,0.315907,1.11172,0,0.0494049,0.827991,0,1.36027,0.243685,0.0418941,0.509269
41.145759637,0.195861,1.77921,0.204821,1.45289,0.0620509,0.251442,0.833517,0.357992,0.823013,0.512093,0,0.291354
41.192199546,0.262984,2.1756,0.157305,1.21657,0.239625,0.229806,0.762219,0.57623,0.238953,0.563411,0.115465,0.411456
41.238639456,0.316909,2.03878,0.2282,0.965776,0.396404,0.171022,0.93451,0.659854,0.218084,0.38853,0.402331,0.477109
41.285079365,0.143496,1.97722,0.402779,0.357974,0.280783,0.310646,1.25732,0.523209,0.46432,0.208552,0.736367,0.69024
41.331519274,0.0855756,1.2645,0.549509,0.0166248,0.0538211,0.225549,1.79824,0.0213648,1.15725,0.627567,0.135579,1.27709
41.377959184,0.0914795,0.711191,0.530268,0.00518402,0.246995,0.0421239,1.91723,0.0794916,1.21203,1.12818,0.0662722,1.59881
41.424399093,0.0888249,0.492238,0.492036,0.237246,0.243157,0.0823622,2.23195,0.160391,1.2111,1.44858,0.0389959,2.06046
41.470839002,0.149271,0.684624,0.440121,0.13803,0.277574,0.121764,2.00785,0.0421009,1.38383,1.30459,0.0549579,2.44448
41.517278912,0.312841,0.5961,1.41213,0.00497265,0.431601,0.159431,1.42704,0.000801206,1.36889,0.531262,0.0977652,2.31308
41.563718821,0.458762,0.845705,1.90607,0.0978172,0.245179,0.420315,1.12264,0.0824771,1.85216,0.0817122,0.108195,1.97005
41.610158730,0.439092,1.69578,1.5785,0.205784,0.373274,0.810067,0.479571,0.214192,2.47824,0.100939,0.0156644,1.25274
41.656598639,0.297594,3.14859,0.6312,0.314786,1.16311,1.15655,0.011269,0.154355,2.32123,0.0652087,0,0.870808
41.703038549,0.26031,3.66363,0,0.215441,1.33279,1.14431,0.0258987,0.0992576,2.3506,0.0366152,0,0.702772
41.749478458,0.21247,3.49484,0,0.131994,1.36997,0.750982,0.0391332,0.116701,2.42136,0.0026601,0,0.427025
41.795918367,0.111298,3.47775,0,0.164384,1.64416,0.395288,0.0607914,0.105633,2.49717,0.00327816,0,0.272776
41.842358277,0.248157,3.55274,0.0551677,0.183691,1.99036,0.313965,0.100271,0.0536831,2.39809,0.00342846,0.00304739,0.244932
41.888798186,0.44192,3.42514,0.211104,0.205251,2.2074,0.504069,0.357186,0.151715,2.32516,0.00298763,0.0637467,0.344092
41.935238095,1.06193,3.12172,0.109441,0.187155,2.03096,0.825625,0.229314,0.269133,2.17083,0.0517921,0.127134,0.428045
41.981678005,0.78015,3.38045,0.00672261,0.19219,2.05283,0.789724,0.0928614,0.307472,1.96407,0.114467,0.164678,0.318346
42.028117914,0.584104,3.56693,0,0.185063,2.12125,0.827681,0.0240261,0.136272,2.21143,0.107061,0.0568189,0.478796
42.074557823,0.169461,3.65678,0,0.171968,2.27596,0.732122,0.0310663,0.0758512,2.33604,0.0496224,0.000468207,0.716931
42.120997732,0.145609,3.54675,0.00923721,0.176569,2.51141,0.3705,0.0355838,0.0860819,2.24002,0.000371548,0.0232383,0.64059
42.167437642,0.200057,3.49569,0.0197023,0.18858,2.75885,0.317982,0.0518288,0.0923236,2.41697,0,0.00159318,0.42133
42.213877551,0.2882,2.83404,0.5575,0.177364,2.77759,0.232622,0.0668095,0.0718002,2.61024,0,0.000901354,0.452718
42.260317460,0.480581,1.25503,1.06368,0.143147,1.56066,0.0773051,0.149627,0.0951966,2.84472,0,0.314465,1.37399
42.306757370,0.685706,0.538405,0.927225,0.140818,0.681003,0.0736691,0.61006,0.172649,2.75071,0,0.525269,2.08934
42.353197279,0.930535,0.897248,0.567349,0.0942584,0.388561,0.0403593,1.05024,0.159144,2.15711,0,0.575745,2.28443
42.399637188,0.760827,2.04666,0.306071,0.205484,0.186595,0.0373123,1.23627,0.195694,1.58046,0.0108922,0.294047,2.30668
42.446077098,0.552331,2.65295,0.00340163,0.0516822,0.0947884,0.0147257,0.950684,0.325328,1.68035,0.0285521,0.00216984,2.33717
42.492517007,0.257997,2.60907,0,0.0408165,0.152764,0.363521,0.287994,0.112775,2.07583,0,0.00100403,2.38719
42.538956916,0.112934,2.55616,0,0,0.318292,0.616255,0.0880034,0.110094,2.08842,0,0,2.34459
42.585396825,0.152975,2.80564,0.00366857,0,0.455683,0.846421,0.0268118,0.142419,2.01431,0,0,2.18215
42.631836735,0.225075,2.7347,0.0826839,0,0.336351,0.98327,0.0428916,0.477637,1.81797,0,0.0151797,2.17325
42.678276644,0.406143,2.34499,0.158472,0.0751036,0.0665181,0.742934,0.121572,1.14333,1.18435,0.0153604,0.144758,1.64534
42.724716553,0.364396,1.79472,0.110079,0.109178,0.091245,0.459201,0.187523,1.26533,1.28632,0,0.487506,1.18908
42.771156463,0.384724,1.80649,0.00358272,0.107752,0.216273,0.359079,0.222602,0.659895,1.57726,0.00709364,0.73766,1.20955
42.817596372,0.397352,1.73615,0.0227036,0.0675884,0.150537,0.467799,0.182239,0.0590507,2.14884,0.0242756,0.63801,1.28409
42.864036281,0.376092,1.74209,0.00109872,0.400127,0.113033,0.802488,0.249391,0.077109,2.30197,0.154946,0.166093,1.32217
42.910476190,0.30154,2.11292,0.214324,0.114598,0.0721547,1.12132,0.160757,0.122407,2.3606,0.0591904,0,1.73612
42.956916100,0.537869,2.27512,0.273441,0.00979531,0.0495906,1.49795,0.201725,0.47845,2.14374,0.0825931,0,1.82774
43.003356009,0.715759,2.32529,0.0723431,0.214379,0.0994709,1.2957,0.0416074,0.772577,1.72783,0.303385,0.25908,1.53053
43.049795918,0.437012,2.02309,0.025731,0.474064,0.478305,0.698495,0.108303,0.900014,0.914029,0.832534,0.154951,0.937214
43.096235828,0.367983,1.84573,0.0443662,0.188825,0.802151,0.191154,0.0308751,1.02521,0.690187,1.19564,0.0348576,0.783313
43.142675737,0.384691,1.98337,0.13314,0.115704,1.49433,0.095906,0.0182585,0.763577,1.18888,1.53481,0.00419522,0.432932
43.189115646,0.581223,2.38885,0.184529,0.145019,1.63515,0.0763969,0.0254102,0.529982,1.46605,1.2666,0.0786822,0.562094
43.235555556,0.753013,2.33224,0.0407096,0.146973,1.695,0.00864374,0.286399,0.311095,1.6229,1.20489,0.365938,0.678245
43.281995465,0.521587,1.80278,0.523158,0.115063,1.63933,0.0291715,0.511336,0.0434795,2.28014,1.04755,0.35855,0.966177
43.328435374,0.216104,1.53436,0.690325,0.124802,1.7686,0.268877,0.247251,0.0299786,2.3834,1.00139,0.126653,1.36773
43.374875283,0.196637,1.48355,0.687133,0.158502,1.73977,0.38006,0,0.0626633,2.37415,0.895667,0.000930046,1.62346
43.421315193,0.12221,1.4695,0.488683,0.161001,1.7152,0.728364,0,0.106947,2.36432,0.803387,0.2092,1.62715
43.467755102,0.107975,1.69225,0.337133,0.16318,1.78037,0.831035,0,0.125832,2.084,0.938143,0.17657,1.75624
43.514195011,0.112861,1.94259,0.268171,0.163126,2.2383,0.490954,0.0154055,0.1089,2.28596,1.05894,0.0982226,1.55593
43.560634921,0.0866124,1.86852,0.288467,0.159258,2.2167,0.404714,0.0218206,0.085939,2.30524,1.15278,0.0793275,1.2263
43.607074830,0.109806,1.79812,0.645337,0.11966,1.5371,0.283928,0.0321705,0.0745268,2.5088,1.15631,0.0416696,0.992064
43.653514739,0.127819,1.94784,0.613942,0.0703911,1.48535,0.241526,0.0618379,0.116069,2.49359,1.21682,0.0498157,0.69104
43.699954649,0.126147,2.04365,0.417796,0.0467151,1.1844,0.084407,0.490327,0.26868,2.40235,0.889816,0.0176414,0.587546
43.746394558,0.895861,1.17782,0.546762,0.331216,1.34986,0.0268236,1.04078,0.261378,1.70838,0.960365,0.402835,0.450112
43.792834467,0.907349,0.808554,0.613895,0.783387,1.24293,0.0572003,0.777884,0.531969,0.478528,0.910066,0.76447,1.08893
43.839274376,0.814159,0.132396,0.610562,0.957614,1.02302,0.0507945,0.746651,0.735853,0.593082,0.682132,0.666893,1.63186
43.885714286,0.693987,0,0.557796,1.33726,0.776126,0,0.396731,0.465971,1.25641,0.869647,0.269263,2.07573
43.932154195,0.211869,0.648836,0.322391,0.844025,0.892119,0,0.270113,0.18872,1.92602,1.33111,0.158654,2.37857
43.978594104,0.103621,1.04236,0.0210682,0.582281,1.51091,0,0.338856,0.05122,2.02793,1.31731,0.12962,2.39598
44.025034014,0.118639,1.31834,0.0456211,0.367311,2.06353,0,0.537462,0.149384,1.66988,1.28694,0.158159,2.16225
44.071473923,0.0591295,1.35746,0.0592932,0.0227476,1.67926,0.649878,0.596943,0.169704,1.22937,1.93177,0.143217,2.00092
44.117913832,0.25842,1.15046,0.0388159,0.0728195,0.902192,1.69881,0.200673,0.181424,0.999616,2.44891,0.127618,1.53453
44.164353741,0.76919,0.597516,0.00121754,0.0693144,0.572568,2.40266,0.0290802,0.141874,1.35191,2.14522,0.136558,1.24141
44.210793651,0.892508,0.52877,0.00269742,0.867067,0.634045,2.45086,0.0109036,0.0741642,1.69904,1.78509,0.0789132,1.14039
44.257233560,1.06977,0.719268,0.00188876,1.32477,0.582495,1.58794,0.0055241,0.00252203,1.93311,1.60904,0.0787633,1.108
44.303673469,1.16743,0.886943,0.0313313,1.30036,0.566382,1.0453,0.177862,0,2.11309,1.23775,0.0968158,1.46234
44.350113379,0.701862,1.10514,0.0792954,0.926893,1.3393,0.010406,0.474048,0.00395732,2.30907,0.590868,0.0898103,1.68903
44.396553288,0.634533,1.03474,0.200438,0.22753,2.08017,0.00148296,0.504157,0.0065391,2.11211,0.688232,0.0686646,1.49892
44.442993197,0.557947,1.21801,0.151223,0.171077,2.6431,0,0.505339,0.00669868,1.74115,0.877244,0.129934,1.58344
44.489433107,0.36876,1.71619,0.0205427,0.182712,2.5491,0.284835,0.570686,0.0509245,1.75278,0.759868,0.104258,1.3858
44.535873016,0.452602,2.01292,0,0.18774,1.08264,0.299655,1.21345,0.0576924,1.66943,0.814632,0.307313,1.45397
44.582312925,0.581923,1.93415,0.0947826,0.528115,0.390226,0.186102,1.58779,0.0817458,1.35459,0.333426,0.161961,1.52255
44.628752834,0.664958,1.68329,0.0477785,1.08823,0.0540159,0.420062,1.62983,0.0757153,1.22924,0.468412,0,1.41613
44.675192744,0.817616,1.48526,0.0113519,1.19174,0,0.963271,1.4567,0.117738,1.17472,0.723551,7.61758e-05,1.35585
44.721632653,0.818933,1.38769,0,1.22164,0.288464,1.21096,0.805614,0.116955,1.63516,0.773346,0.000490098,1.21641
44.768072562,0.613499,1.72963,0.0292944,1.27669,0.104011,0.870356,0.295703,0.195147,2.09524,0.516697,0.00117829,1.68617
44.814512472,0.359437,1.93982,0.0537537,1.80201,0.0873663,0.152531,0.439677,0.447018,2.29325,0,0.0946304,2.21262
44.860952381,0.361037,1.93815,0,2.16924,0.0563959,0,0.386271,0.684459,2.13873,0.0408489,0.112783,2.27163
44.907392290,0.318623,1.5547,0.22007,1.7894,0.017315,0.0947866,0.736498,0.840485,1.99992,0.0915797,0.207261,2.35637
44.953832200,0.236255,1.17992,0.525351,1.23449,0.022348,0.180921,1.25717,0.919611,1.80898,0.107268,0.377275,2.25012
45.000272109,0.200631,1.20714,0.509605,0.720249,0.399696,0.256771,1.49031,0.605218,1.89209,0.0500559,0.461133,2.05764
45.046712018,0.119012,1.09675,0.148917,0.482682,1.18879,0.611815,1.53439,0.389878,1.74923,0,0.639594,1.73688
45.093151927,0.14407,1.0596,0.00420967,0.373275,2.13852,0.546374,1.21548,0.334478,1.71738,0.0192523,0.620586,1.41338
45.139591837,0.200304,1.22161,0,0.476239,2.52987,0.130352,0.886571,0.351117,1.71443,0,0.584831,1.7229
45.186031746,0.248704,0.645629,0.448966,0.344273,2.18256,0.181457,0.779055,0.471986,1.84303,0,0.807484,1.91369
45.232471655,0.359733,0.276224,0.50936,0.367874,1.6132,0.365396,0.452971,0.969426,1.65758,0,1.19173,1.7237
45.278911565,0.773669,0.27251,0.470084,0.514482,1.06024,0.357834,0.593567,0.88668,1.49642,0,0.92823,1.59145
45.325351474,0.804484,0.545238,0.480614,0.677587,0.551355,0.153141,0.619497,0.909133,1.58388,0,0.63906,2.0363
45.371791383,0.29912,0.658816,0.508075,1.06555,0.531818,0.0221491,1.22384,0.64356,1.93447,0,0.158472,2.6066
45.418231293,0.191034,0.95801,0.286814,1.23979,0.249172,0.0467661,2.10295,0.114331,1.94994,0,0.105833,3.24915
45.464671202,0.196912,0.976363,0.119602,0.82658,0.281068,0.861092,2.12859,0.0408458,1.48703,0.0291018,0.306027,3.34874
45.511111111,0.255577,0.999883,0.127247,0.367142,0.687684,1.11178,1.66009,0.0269356,1.08183,0.013984,0.607826,3.20091
45.557551020,0.194931,1.04201,0.10799,0.0425474,1.26128,0.844294,0.991415,0.0239771,1.30578,0,0.649676,3.05635
45.603990930,0.296484,1.02477,0.00847475,0.626367,1.73682,0.128395,0.762834,0.00882297,1.43808,0,0.436448,2.76913
45.650430839,0.42691,0.6652,0,1.00011,1.71017,0.116713,0.655034,0.040958,1.72089,0,0.357601,2.71674
45.696870748,0.19324,0.519998,0,1.15674,1.3562,0.11258,0.787632,0.0454575,2.06654,0,0.253832,2.85166
45.743310658,0.207692,0.616223,0,1.34393,0.565477,0.0272304,1.30992,0.0295036,2.24115,0,0.19545,3.06645
45.789750567,0.330856,0.708153,0,1.34683,0.00665362,0,1.60459,0.00369442,2.43894,0.584993,0.0907848,2.95449
45.836190476,0.535503,1.00354,0.109562,0.404761,1.04365,0.447012,0.89459,0.0430661,2.44467,1.32293,0.040188,2.28808
45.882630385,0.488416,1.15217,0.197951,0.122062,1.6824,0.43634,0.369276,0.0474243,2.14018,1.76013,0.0315106,2.32781
45.929070295,0.173361,1.12822,0.27519,0.289803,2.07458,0.274967,0.210687,0.25401,1.96152,1.48986,0.0403707,2.21219
45.975510204,0.151177,0.83847,0.371876,0.175496,2.17438,0.538798,0.181899,0.489947,1.66418,0.901879,0.0732304,2.15292
46.021950113,0.0809707,1.404,0.273769,0.159047,1.93146,0.713664,0,0.379126,1.20899,0.782499,0.672062,1.92038
46.068390023,0.140203,2.26738,0.113984,0.171519,1.51413,0.718932,0.2768,0.145826,1.08416,0.694553,0.830317,1.51371
46.114829932,0.375648,2.65935,0.0357047,0.160728,0.75813,0.526862,1.27232,0.0863978,1.1464,0.499591,0.795794,1.05437
46.161269841,0.957005,2.43425,0.0133335,0.162221,0.508862,0.194058,1.6432,0.0734146,1.20949,0.630424,0.767574,0.833533
46.207709751,1.31573,1.93896,0,0.148986,1.02549,0.0676165,1.09749,0.0835022,1.47576,0.601989,0.6065,0.877402
46.254149660,1.39608,1.63155,0,0.144341,1.31979,0.0592036,0.884601,0.286636,1.4448,0.488263,0.68882,1.03798
46.300589569,1.26926,1.65217,0.000135607,0.152074,1.59503,0.0607225,0.330909,0.426725,1.36423,0.738416,0.64928,1.51517
46.347029478,0.771811,2.08691,0.0601152,0.199395,1.84069,0.311512,0.334784,0.459745,1.11532,1.17903,0.157977,1.62093
46.393469388,0.295139,2.69928,0.144382,0.115436,2.00941,0.404904,0.859216,0.332351,1.02135,1.06102,0.184168,1.34497
46.439909297,0.260746,2.79269,0.103379,0.155482,2.06865,0.271607,1.38524,0.208438,1.3152,0.544163,0.876069,1.10261
46.486349206,0.192572,2.49395,0.071505,0.133265,2.05406,0.102791,1.66039,0.429794,1.76912,0.269912,1.02906,1.01496
46.532789116,0.313402,2.23869,0.0776148,0.354472,2.00558,0.0161318,1.31747,0.526176,2.08759,0.12082,1.01988,0.509608
46.579229025,0.566821,1.86242,0.0523646,0.717039,1.7535,0.0264511,1.06471,0.250028,2.50498,0.159606,0.810195,0.108746
46.625668934,0.519272,1.79127,0.0504059,0.637419,1.81542,0.0332122,0.818781,0.110527,2.63662,0.20409,0.851385,0.169215
46.672108844,0.0881202,1.56484,0.0883387,0.676062,1.94579,0.0378539,0.68861,0.122357,2.625,0.196857,0.626411,0.144225
46.718548753,0.0625934,0.433328,0.303604,0.826836,1.41999,0.73863,0.682226,0.320768,1.63978,0,0.00409314,1.8028
46.764988662,0.144904,0.0955625,0.263122,0.96955,0.963745,0.899782,1.04738,0.421736,1.42094,0,0,2.60168
46.811428571,0.131506,0.434853,0.192323,1.47507,0.44625,0.533419,1.06097,0.394303,1.30562,0,0.0360102,3.04024
46.857868481,0.169028,0.809504,0.0429725,1.77487,0.424104,0.0615859,1.15356,0.128257,1.32788,0,0.184382,3.05805
46.904308390,0.0517017,1.25257,0,1.58319,0.365653,0.183819,1.64431,0.0762394,1.54781,0.0424129,0.112656,2.71701
46.950748299,0.048287,1.86423,0,0.85167,0.108765,0.157863,1.69542,0.126249,1.61166,0.0801117,0,2.22854
46.997188209,0.0644547,2.49565,0,0.136751,0.420309,0.314706,1.45959,0.126214,1.72371,0.0800188,0.0731533,1.92689
47.043628118,0.094055,2.95087,0,0.131113,0.447981,0.360805,1.369,0.0588355,1.82273,0.0148701,0.246277,1.40694
47.090068027,0.324546,3.21585,0,0.28193,0.356723,0.321918,1.22943,0.061949,1.80741,0.0701242,0.365407,1.0307
47.136507937,0.501046,3.24256,0,0.375558,0.119331,0.208858,1.04988,0.121033,1.75372,0.110302,0.561701,0.867306
47.182947846,0.397116,3.23985,0,0.359661,0.0454436,0.104135,0.869184,0.127472,1.90219,0,0.755155,0.981577
47.229387755,0.300462,3.17839,0,0.206756,0.199787,0.0655675,0.525604,0.123439,2.03594,0,0.941799,1.38032
47.275827664,0.367446,2.67434,0,0.795395,0.247269,0.0638605,0.737939,0.127551,2.12214,0,1.01894,1.75808
47.322267574,0.988511,1.39761,0,1.43537,0.549645,0.0632508,0.756325,0.233384,2.25426,0,1.16551,1.50262
47.368707483,0.975424,0.989855,0,1.53386,0.738026,0.105955,0.820778,0.286768,2.16167,0,1.43932,1.0745
47.415147392,0.694352,0.951791,0.0464211,1.21425,0.745784,0.188323,0.896825,0.348408,2.13931,0.0369036,1.52907,0.972682
47.461587302,0.434296,1.70431,0.354083,0.554177,0.751358,0.178204,0.717636,0.272847,2.20149,0.0710736,1.5793,1.23599
47.508027211,0.278042,2.01358,0.357112,0.0389793,1.1396,0.394803,0.57507,0.189838,2.57251,0.112229,1.34315,1.33438
47.554467120,0.133729,2.73309,0,0.334947,1.12737,0.772356,0.282786,0.333862,2.42758,0.112131,0.450628,1.48525
47.600907029,0.104876,3.27862,0.00137168,0.538073,1.26646,0.971265,0.10214,0.258745,2.03672,0.0707958,0,1.40626
47.647346939,0.0710222,2.97451,0.0801817,0.232665,1.55507,1.147,0.0320223,0.0909011,2.35796,0.034666,0,1.25535
47.693786848,0.0691002,2.10658,0.228869,0.109351,1.59881,1.06279,0.047515,0.081387,2.847,0,0.0909601,1.02529
47.740226757,0.101201,1.90476,0.306133,0.0986363,1.62187,1.09054,0.0802196,0.0471673,3.07573,0.000925184,1.21382e-06,1.0277
47.786666667,0.257496,1.88312,0.321535,0.163807,1.77408,0.840768,0.256235,0,2.87325,0,0.000115415,1.08492
47.833106576,0.722202,2.08774,0.172264,0.171056,2.03633,0.528278,0.360949,0,2.60308,0,0.0613453,0.984719
47.879546485,0.866962,2.44066,0.155236,0.176941,1.87531,0.502955,0.561301,0.000806761,2.3322,0.171802,0.0652049,0.66248
47.925986395,0.561647,3.03034,0.240763,0.118795,1.70336,0.287229,1.16602,0.0184017,1.91069,0.490479,0.0142346,0.488568
47.972426304,0.353515,3.32679,0.134179,0.129047,2.2609,0.252513,1.2095,0.0854559,1.64366,0.0728241,0.0707908,0.173985
48.018866213,0.258279,2.95317,0,0.575555,2.22211,0.0709525,0.764174,0.390533,1.50977,0.0790489,0.573164,0.145595
48.065306122,0.128196,2.28343,0,0.49268,2.18185,0.0668997,0.121869,0.835119,1.42587,0.0687046,0.798024,0.000102742
48.111746032,0.0634184,2.05183,0,0.195184,2.28164,0.070538,0.133025,0.879412,1.54349,0.0597419,0.817501,0
48.158185941,0.162434,1.13491,0.273042,0.440699,2.24741,0.0388151,0.136466,0.525993,1.66067,0.00771455,0.634896,0.10277
48.204625850,0.818275,0.542404,0.539541,0.434689,2.18597,0.0310997,0.302076,0.28926,1.89889,0,0.616564,0.794273
48.251065760,0.963772,0.244997,0.647618,0.474287,1.9767,0.0469855,0.326278,0.183915,1.97495,0.0710243,0.511082,1.27923
48.297505669,0.968693,0.757145,0.595131,0.500381,1.53236,0.0427879,0.316532,0.081347,1.77726,0,0.322936,1.62794
48.343945578,0.16711,1.95168,0.82064,0.319188,1.07947,0.0368133,0.282921,0.0769563,1.51616,0.00372398,0.120249,2.06742
48.390385488,0.097675,2.29618,0.461955,0,1.32161,0.0364786,0.456874,0.0448069,1.14362,0.0117264,0.00512049,2.13056
48.436825397,0.103134,2.47599,0,0,0.972321,0.322307,0.524022,0.0368184,1.2553,0,0,2.11744
48.483265306,0.118195,2.78345,0,0,0.632124,0.433689,0.446261,0.0750179,1.26702,0,0,2.11458
48.529705215,0.117666,3.04043,0.026832,0.00799561,0.288471,0.493276,0.419672,0.0572159,1.29567,0,0,2.09565
48.576145125,0.0886295,3.1386,0.140502,0.0299134,0.42452,0.48609,0.304958,0.0329076,1.44307,0.047713,0,1.58468
48.622585034,0.129748,2.75889,0.174009,0.130056,0.510911,0.664319,0.166094,0.0778384,1.62634,0.186709,0,0.952668
48.669024943,0.152488,2.57129,0.0820961,0.18262,0.871172,0.538679,0.0695848,0.0957643,1.65307,0.187953,0,0.8203
48.715464853,0.225004,2.43604,0.0272636,0.191934,1.52353,0.351412,0,0.0981479,1.7335,0.0583289,1.84722e-05,1.10681
48.761904762,0.347281,2.0691,0.0868835,0.17081,2.47575,0.258247,0,0.0432782,1.83063,0.01548,0.000161231,1.26991
48.808344671,0.406759,1.95773,0.0937455,0.115173,2.94765,0.214629,0.00100646,0.0105894,1.69847,0.0488162,5.30705e-05,1.50473
48.854784580,0.364625,1.95129,0.0716991,0.115903,2.93261,0.0451637,0.12287,0,1.62609,0.0462375,0,1.55794
48.901224490,0.292083,1.8821,0.0233504,0.145076,2.61243,0.0380547,0.0783416,0.0352448,1.32716,0.239991,0.192041,1.68286
48.947664399,0.223249,1.70982,0.0159036,0.153209,1.92277,0.0368207,0,0.109042,1.21151,0.396379,0.505764,1.57575
48.994104308,0.424805,1.27668,0.246756,0.148253,0.819317,0.13493,0,0.148012,1.12731,0.69959,0.522006,0.99863
49.040544218,0.799936,1.15887,0.149766,0.119502,0.664594,0.417418,0.0088807,0.279135,1.38901,1.1895,0.173332,0.786026
49.086984127,1.06694,1.71755,0.240626,0.110676,1.38993,0.471581,0.0310941,0.350958,1.60739,1.38159,0,0.335154
49.133424036,1.09375,1.95734,0.223857,0.139308,1.70344,0.33574,0.0629856,0.499448,1.58788,1.24662,0,0.2073
49.179863946,1.25988,1.78075,0.0829185,0.162315,1.4965,0.280769,0.0878292,0.517927,1.80239,1.22565,0,0.22675
49.226303855,1.27576,1.659,0.321704,0.164263,1.47486,0.132113,0.0536428,0.31945,2.03358,0.910706,0,0.481257
49.272743764,0.855338,1.67583,0.316954,0.177893,1.73561,0.149897,0,0.105217,2.17147,0.830366,0,1.03349
49.319183673,0.26116,1.82622,0.36894,0.151296,1.61621,0.672719,0,0.0353034,2.33028,0.711478,0.0471012,1.67032
49.365623583,0.265164,1.81798,0.373603,0.14508,1.99642,0.754159,0.113999,0.0510447,2.2786,0.698589,0.0628605,1.6408
49.412063492,0.161591,1.84688,0.35367,0.154991,2.18198,0.550882,0.000330084,0.0802912,2.19756,0.827573,0.00234452,1.52829
49.458503401,0.155697,1.84755,0.341093,0.181667,2.16763,0.288104,0.0158862,0.43192,1.7674,0.983449,0.0052096,1.1261
49.504943311,0.148294,1.70015,0.299026,0.190503,1.89236,0.00813906,0.12353,1.11532,1.02529,1.10748,0.502877,1.04536
49.551383220,0.144698,1.75175,0.154552,0.212322,1.66582,0.0108918,0.489229,1.16122,0.801538,1.16133,0.728101,0.566352
49.597823129,0.243774,1.72868,0.0470147,0.213006,1.56403,0.0361856,0.829247,0.796659,0.748178,1.23274,0.77303,0.113735
49.644263039,0.698705,1.17487,0.000359893,0.630268,1.02967,0.0321835,0.567724,0.552711,0.841153,1.10882,0.863401,0.140418
49.690702948,0.981668,0.79885,0.00185266,1.44806,1.01954,0.147152,0.31803,0.946003,0.19484,1.00195,0.688758,0.442966
49.737142857,0.675032,0.292725,0.000731247,1.16566,1.03199,0.395339,0.0424241,1.22717,0.646005,0.843585,0.786423,1.17372
49.783582766,0.327229,0.486807,0.00697618,1.0041,1.2861,0.250276,0.0950943,1.06758,0.586132,0.50633,0.719412,1.84246
49.830022676,0.0596379,0.867692,0.140821,0.642774,1.48979,0.0359518,0.321892,0.270389,0.813744,0.83038,0.544543,2.1161
49.876462585,0,1.16113,0.0582001,0.00918743,1.86056,0.0250845,0.467869,0.0178484,1.24786,1.52098,0.38429,2.31402
49.922902494,0,1.00902,0.0335364,0,2.30337,0.0258319,0.527045,0.0645494,0.944114,1.4902,0.147699,2.35552
49.969342404,0.0245489,0.849516,0.0771427,0,2.75229,0.0257156,0.454431,0.110458,0.777123,1.28077,0.142614,2.19118
50.015782313,0.0663202,0.841452,0.0865637,0.0193669,2.9403,0.0261361,0.353667,0.0659292,0.907728,1.15321,0.10397,2.14196
50.062222222,0.0894962,0.835489,0.0431515,0.0787154,2.5671,0.788497,0.344823,0.0716899,1.30702,1.08993,0.100059,1.92032
50.108662132,0.219318,0.67456,0.0399967,0.107748,1.87468,1.01317,0.402937,0.0671752,1.66811,0.780046,0.183617,1.88832
50.155102041,0.199748,0.570071,0.00251371,0.125206,1.67753,1.04793,0.437561,0.06182,1.89525,0.760659,0.118594,1.86093
50.201541950,0.257157,0.722204,0.140038,0.138317,1.26019,0.615385,1.16574,0.0535296,2.12682,0.739604,0.103157,1.75126
50.247981859,0.324778,1.0123,0.107055,0.247972,0.00433342,0.345062,1.31058,0.138655,2.32254,0.567043,0.188134,1.30983
50.294421769,0.350028,1.22393,0.144931,0.18337,0.343017,0.371645,1.07525,0.185003,1.90269,0.455782,0.297339,0.699505
50.340861678,0.244845,1.43653,0.207696,0.166758,0.960417,0.215612,0.456186,0.226502,1.63791,0.530388,0.238348,0.939546
50.387301587,0.339891,1.17552,0.0130722,0.163541,1.74633,0.135042,0.263641,0.229524,1.74973,0.936796,0.095626,0.904598
50.433741497,0.339362,1.01626,0.0847303,0.12974,1.65358,0.22947,0.0187322,0.195171,2.04557,0.982157,0.020282,1.35579
50.480181406,0.399758,1.07667,0.144162,0.317871,1.90046,0.0774909,0.446018,0.153538,2.31732,0.694818,0.0869173,2.03287
50.526621315,0.381795,1.5769,0.068049,0.781899,2.13691,0.224567,0.967732,0.25512,2.0867,0.101868,0.0867092,2.12567
50.573061224,0.351905,1.82523,0.00107676,0.860069,1.90517,0.67626,1.08218,0.263518,1.97223,0.0142237,0.200218,2.01472
50.619501134,0.28227,2.03386,0.00668509,0.954636,0.72894,1.37167,1.09666,0.308332,2.03094,0.00187684,0.116534,1.71601
50.665941043,0.205082,2.09884,0.0119004,0.764444,0.189398,1.40119,0.890637,0.348973,2.08002,0.00165079,0.00448987,1.45816
50.712380952,0.365253,2.02324,0.0029929,0.408781,0.917087,0.752518,0.807136,0.402859,2.03638,0.000910254,0.00529598,1.70361
50.758820862,0.386141,1.94635,0.000897585,0.420434,1.11532,0.178768,0.987795,0.499888,1.75321,0.0239125,0.301369,1.89813
50.805260771,0.421505,1.89727,0.182085,0.494124,1.30798,0.00375175,0.888548,0.672577,1.53681,0.0686874,0.709247,1.92574
50.851700680,0.385801,1.46223,0.353927,0.798416,1.33384,0.113632,1.01477,0.607815,1.55979,0.103488,0.881299,2.29922
50.898140590,0.249595,1.06396,0.173144,0.802358,1.24169,0.286891,1.26966,0.57798,1.78082,0.0975563,0.802668,2.33449
50.944580499,0.190572,0.816384,0.137853,0.73683,0.829699,0.250013,1.6071,0.597424,1.84191,0.0165306,0.420509,2.28157
50.991020408,0.2547,0.588846,0.0649662,0.869742,0.427264,0.0384444,1.88628,0.31652,1.59755,0.638032,1.11236,1.58591
51.037460317,0.28222,0.449442,0.0614699,1.27536,0.163927,0.049593,1.58514,0.139695,1.47813,1.16072,0.918921,1.26267
51.083900227,0.221481,0.354046,0.236586,1.26361,0.00657426,0.0720008,1.38008,0.0862562,1.66872,1.03132,0.824298,1.57225
51.130340136,0.12777,0,0.64865,0.7632,0.0455278,0.0605801,1.13314,0.710056,1.68452,0.441732,0.502265,2.41345
51.176780045,0.821668,0,0.529387,0.827825,0.441229,0.400405,0.829171,0.52575,0.877505,0.134488,0.95989,2.41501
51.223219955,0.997703,0.229718,0.380886,0.925873,0.708639,0.262143,1.28758,0.27871,0.991166,0.245762,0.951676,2.26529
51.269659864,0.756892,0.457447,0.429171,1.05243,0.917965,0.166532,1.25843,0.269287,1.23493,0,0.691379,2.63276
51.316099773,0.270256,0.951446,0.420008,1.27384,0.724103,0.0744548,1.29898,0.0548037,1.7018,0,0.0832811,3.23822
51.362539683,0.455392,1.18199,0.122387,1.6883,0.624509,0,1.38196,0.117918,1.70093,0,0.0811075,3.24233
51.408979592,0.630353,1.25755,0.0665506,1.84353,0.431573,0,1.14009,0.269445,1.5663,0.0362466,0.0923964,3.16658
51.455419501,0.554776,1.46464,0.000443063,1.78115,0.35147,0,1.10885,0.289143,1.45099,0.185334,0.0929421,3.02158
51.501859410,0.340684,1.64231,0.00129378,2.02277,0.201698,0,1.37474,0.483789,1.21009,0.072509,0.0699378,2.94162
51.548299320,0.469314,1.44906,0.00120995,2.15502,0.156188,0.00438481,1.08945,0.638184,1.47481,0,0.102202,2.71605
51.594739229,0.553716,1.06522,0,1.94788,0.150895,0.00248107,0.787243,0.887913,1.68199,0,0.118818,2.67622
51.641179138,0.316349,0.945298,0,1.44254,0.102962,0.0118785,1.06764,1.01853,1.78246,0,0.0907203,2.62482
51.687619048,0.307388,0.875239,0,0.820453,0.117948,0.00547266,1.90032,0.69516,1.72458,0,0.200648,2.5624
51.734058957,0.499464,0.818966,0.00103685,0.605686,0.131279,0.0863384,2.00111,0,1.69746,1.22135,0.32196,2.34883
51.780498866,0.715121,0.845947,0.0287535,0.359534,0.563375,0.274162,1.57114,0.0643947,1.96316,1.69602,0.157213,2.13119
51.826938776,0.288494,0.889426,0.217723,0.193403,1.49026,0.186777,0.831625,0.0869267,2.01882,1.60739,0.0475168,2.36712
51.873378685,0.128088,0.617127,0.883548,0.22277,2.07418,0.0604336,0.393358,0.331775,2.22345,0.93701,0.0497078,2.08219
51.919818594,0.0201119,0.557181,1.13957,0,1.83724,0.205399,0.370556,0.661488,1.71983,0.52646,0.105282,1.8478
51.966258503,0,1.10349,1.23238,0,1.67709,0.278535,0.136976,1.1212,1.38309,0.291174,0.408308,1.5753
52.012698413,0.0303857,1.43684,1.10719,0.0252076,1.07601,0.132471,0.719647,1.26043,1.43784,0.138891,0.703073,1.33747
52.059138322,0.0473072,1.70478,1.07441,0.0925784,0.720877,0.0245126,1.69907,0.660822,1.3252,0.683983,0.7036,1.20058
52.105578231,0.139955,1.80676,0.634921,0.0899272,0.971019,0.00808963,2.11227,0.235871,1.3892,0.596825,0.63517,1.39487
52.152018141,0.211803,1.81323,0,0.156642,1.14866,0.0185,2.24416,0.117179,1.82667,0.39239,0.682414,1.54942
52.198458050,0.224439,1.71369,0,0.119659,1.53195,0.0367402,2.10135,0.0764069,2.0754,0.322962,0.698181,1.56653
52.244897959,0.260933,1.53639,0.294686,0.152401,1.70671,0.0688797,1.40066,0.133051,2.11097,0.612868,0.501485,1.61343
52.291337868,0.268704,1.93472,0.985434,0.203315,1.74824,0.266154,0.669407,0.19312,1.67866,0.984344,0.141061,1.44177
52.337777778,0.264857,2.06086,0.901033,0.389506,1.47139,0.228097,0.517777,0.188661,1.62341,1.0076,0.115567,1.26623
52.384217687,0.254648,2.15381,0.65073,0.406754,1.41814,0.0608935,0.599945,0.178467,1.76819,0.453344,0.938258,1.08333
52.430657596,0.185718,2.03436,0.110196,0.195168,1.38612,0.647171,0.896537,0.550681,1.49449,0.229883,1.0806,1.15021
52.477097506,0.110961,1.99764,0,0.370864,1.23341,0.700152,0.989184,1.03486,0.828498,0.105004,1.09672,1.07799
52.523537415,0.196747,1.61851,0.0165542,0.492303,1.41822,0.27579,1.38749,1.4475,0.335177,0.0438033,1.26438,0.642594
52.569977324,0.21297,1.56168,0,0.361098,1.73765,0.0527582,1.59643,1.46438,0.00596496,0.161283,1.24168,0.552284
52.616417234,0.728162,0.838571,0.10565,0.450798,1.23121,0.0516756,1.24422,1.14416,0.317015,0.220727,0.861979,0.620711
52.662857143,0.735894,0.545853,0.669525,0.426768,0.711819,0.274395,1.08273,1.12751,0.652438,0.377121,0.168149,0.930213
52.709297052,0.949814,0.580243,0.93929,0.392022,0.504832,0.296561,1.30081,0.645713,0.929731,0.404624,0.149272,1.40611
52.755736961,1.05086,1.11817,0.936203,0.220405,0.736195,0.114187,1.25719,0.50041,1.38061,0.063081,0.160127,1.93183
52.802176871,1.51967,1.20254,0.757872,0.567687,0.840564,0.146452,1.38598,0.0768959,1.66718,0,0.148842,1.75487
52.848616780,2.0353,1.06224,0.486973,0.641916,0.472301,0.2397,1.66117,0.0710235,1.46444,0,0,1.31958
52.895056689,2.08537,1.12125,0.288839,0.529887,0.174718,0.175891,1.77748,0.0777018,1.79031,0,0,1.37193
52.941496599,2.20616,0.961411,0.202345,0.432057,0.102465,0.0543071,1.77128,0.0635768,2.12051,0.226403,0,1.39924
52.987936508,1.98554,1.00404,0.0322012,0.134159,0.425619,0.0274238,1.79923,0.0555194,1.88992,0.280928,0.0483451,1.62494
53.034376417,0.728761,1.38067,0.152768,0.256147,0,0.489531,1.66923,0.0914474,1.69314,0.116032,0.952331,1.85739
53.080816327,0.363877,1.58822,0.0823194,0.494882,0.299917,0.973835,0.920085,0.253493,1.72669,0.00443484,1.03323,1.17251
53.127256236,0.374212,1.72858,0,0.639367,0.410063,0.814051,0.448956,0.369156,1.69917,0.00251141,0.974208,0.785489
53.173696145,0.466398,1.53003,0,0.608498,0.444847,0.23535,0.368219,0.375187,1.61056,0.00226007,1.009,0.976712
53.220136054,0.306889,1.43875,0,0.496844,0.613534,0.2226,0.759327,0.465934,1.36399,0.00205064,0.859989,1.2097
53.266575964,0.121448,1.51162,0,0.3271,0.691768,0.214064,0.872989,0.570515,1.11639,0.000739865,0.889246,1.55125
53.313015873,0.266414,1.23484,0.0385411,0.454072,0.527299,0.0733396,0.847877,0.420856,1.27127,0,1.02784,1.9132
53.359455782,0.314667,0.901253,0.582499,0.251072,0.0832351,0.032117,0.792124,0.186934,2.15606,0.0360169,1.06561,2.0835
53.405895692,0.238281,1.89954,0.773383,0.0533188,1.83575,0.0569752,0.573558,0.122839,2.60125,0.0685421,0.736017,1.45854
53.452335601,0.115587,2.48917,0.273654,0.133812,2.40349,0.251388,0.273389,0.249064,2.82347,0.418568,0.0912654,0.60508
53.498775510,0.198622,3.17819,0,0.415097,2.36018,0.44996,0.105611,0.319269,2.73544,0.0672876,0.00100888,0.101083
53.545215420,0.168832,3.50715,0,0.443419,2.35639,0.797134,0.0277407,0.11804,2.67528,0.0211164,3.55388e-05,0.146838
53.591655329,0.145239,3.1923,0,0.113624,3.12807,0.411023,0.0364395,0.108902,2.59287,0.103855,0.00049015,0.265967
53.638095238,0.20794,2.67825,0.0550756,0.108373,3.20536,0.0681532,0.124737,0.0975085,2.44935,0.184098,0.000737561,0.298033
53.684535147,0.517759,2.30409,0.318341,0.115689,3.04655,0.0919657,0.439968,0.0200144,2.37575,0.273533,0.0222368,0.324905
53.730975057,0.688583,1.97024,0.473144,0.123885,2.94646,0.0719939,0.810438,0,2.59319,0.151672,0.0566208,0.428947
53.777414966,0.847569,2.00307,0.285221,0.137558,2.72796,0.327006,0.437688,0.351998,2.49445,0.0378661,0.128745,0.539336
53.823854875,0.384478,2.53681,0.0776497,0.300361,2.06137,0.724672,0.291214,0.743554,1.95681,0.115277,0.248219,0.204606
53.870294785,0.221413,3.00643,0.0264604,0.439353,1.94499,0.781201,0.149737,0.704709,1.68335,0.109547,0.170634,0.0744842
53.916734694,0.168484,3.24239,0,0.323727,2.37618,0.687975,0.0668059,0.601335,1.53824,0.0626052,0,0.232443
53.963174603,0.0940151,3.28763,0,0.19517,2.90814,0.0571398,0.0478346,0.445171,1.28864,0,0,0.681194
54.009614512,0.172701,2.71918,0,0.174254,2.69998,0.0469166,0.113929,0.327873,1.48952,0,0,0.982258
54.056054422,0.153196,2.50279,0,0.153541,2.54056,0.0476404,0.178408,0.253155,1.69401,0,0,0.986951
54.102494331,0.226582,2.02136,0.408742,0.146303,2.4596,0.069868,0.284571,0.0260253,1.95158,0.18609,0,0.802986
54.148934240,0.453045,1.06143,0.922033,0.0297772,1.92973,0.0442673,0.412403,0.00949568,2.35383,0.490487,0.00207125,0.997386
54.195374150,0.426675,1.48648,0.858866,0,1.66229,0.0373916,0.42086,0.00815724,2.19407,0.376621,0.0163757,1.06182
54.241814059,0.307276,2.11128,0.723009,0.036283,1.44628,0.0248022,0.474481,0.00821227,1.95136,0.213218,0.0222064,1.04327
54.288253968,0.312258,2.58788,0.558915,0.0708788,1.24827,0.0187663,0.423625,0.0154803,1.85507,0.0796674,5.09285e-05,1.37728
54.334693878,0.286531,2.98114,0.0575318,0.136781,1.22317,0.678567,0.409494,0.0553807,1.84229,0.0124982,0,1.91952
54.381133787,0.136163,2.99355,0.000285372,0.298661,1.10135,1.35056,0.470632,0.0450606,1.51138,0,0,2.19907
54.427573696,0.150068,2.94539,0,0.289984,1.05553,1.66955,0.457495,0.0342684,1.21962,0.0100301,0,2.30909
54.474013605,0.197758,2.727,0.123174,0.209111,1.22559,1.43295,0.394934,0.279554,1.14975,0,0,2.12016
54.520453515,0.471171,2.4202,0.177243,0.269913,1.22827,1.01774,1.25397,0.524907,1.32524,0.0313397,0,1.80949
54.566893424,0.766994,2.4941,0.191118,0.465656,0.896143,0.790422,1.56325,0.399038,0.976589,0,0,1.62133
54.613333333,0.89404,2.48828,0.0934331,0.588178,0.524391,0.7642,1.78819,0.168012,0.979712,0.00441606,0,1.67468
54.659773243,0.75812,2.45119,0.0323881,0.350888,1.18822,0.9436,1.43683,0.193755,1.05345,0.00257125,0,1.74476
54.706213152,0.510492,2.16626,0.0294478,0.120598,1.76157,1.37674,0.190029,0.156443,1.06992,0.0532338,0,1.49349
54.752653061,0.415903,1.78419,0.0503646,0.100301,1.93567,1.37598,0.000580703,0.14451,1.2842,0.0744128,0.00271985,1.5524
54.799092971,0.265868,1.70603,0.0919677,0.188308,1.65689,1.06006,0.114973,0.143741,1.59634,0.0943254,0.000646662,1.89965
54.845532880,0.54799,2.36744,0.0472999,0.320396,1.06007,0.755536,0.560174,0.340693,1.50394,0.339876,0.241384,2.05971
54.891972789,0.397711,2.67138,0.09586,0.708441,0.033242,0.538926,1.18593,0.829804,1.01452,0.407464,0.351237,1.32712
54.938412698,0.300158,2.5552,0.493835,0.543013,0.0382581,0.459862,1.34839,0.708782,1.26813,0.508037,0.445466,0.541366
54.984852608,0.277984,2.47164,0.370524,0.0825774,0.504386,0.382125,1.07385,0.486572,1.4649,1.19601,0.116115,0.282266
55.031292517,0.190916,2.58771,0.357529,0.115249,1.11831,0.244738,0.53958,0.0764902,1.41994,1.67416,0.0681827,0.153222
55.077732426,0.254502,2.46229,0.18152,0.121122,1.6113,0.120163,0.395376,0.0790615,1.44129,1.69845,0.0657948,0.397547
55.124172336,0.301861,2.63744,0.121858,0.137153,1.87015,0.0571565,0.416411,0.282468,1.64806,1.49216,0.00344782,0.757758
55.170612245,0.146153,2.91559,0.25231,0.172314,1.93508,0.192776,0.182438,0.457944,1.65122,1.27714,0.00434023,1.05793
55.217052154,0.145632,2.8623,0.201846,0.169925,1.56886,0.822274,0.00611359,0.214887,1.85115,1.30316,0.00345997,1.51694
55.263492063,0.248625,2.82994,0.295936,0.197267,1.69591,0.925319,0.115948,0.0483669,1.93733,1.06405,0.0591177,1.39189
55.309931973,0.278203,2.76929,0.308567,0.161621,2.03811,1.01206,0.103464,0.0585252,1.76279,1.0072,0.0162107,1.24121
55.356371882,0.317201,2.55059,0.111922,0.180567,2.18721,0.906827,0.00174065,0.0760087,1.70578,1.45735,0.000763279,1.03742
55.402811791,0.265766,2.5136,0.0226101,0.0951083,2.19731,0.602191,0.0203397,0.239423,1.76693,1.65568,0.00608376,0.887479
55.449251701,0.208803,2.50073,0.0440261,0.00956203,2.14912,0.487612,0.0322215,0.543146,1.862,1.62828,0.00474931,0.705009
55.495691610,0.172404,2.7649,0.0690921,0,2.0215,0.377548,0.0355548,0.769262,1.83876,1.49214,0.0252624,0.502721
55.542131519,0.136747,2.50604,0.257993,0.221019,1.92634,0.290264,0.0757091,1.06482,1.70598,1.06126,0.00569801,0.560518
55.588571429,0.494181,1.27541,0.613582,0.645079,1.74415,0.0287196,0.313968,1.20582,1.29249,1.04193,0.0386306,0.496532
55.635011338,0.877486,0.451446,0.669925,0.809174,1.41186,0.0101921,0.802922,0.99853,1.02428,1.0919,0.113636,0.926115
55.681451247,1.09761,0,0.770633,0.772065,0.870195,0.0030273,1.86825,0.0535906,0.987091,1.00014,0.208918,1.62448
55.727891156,0.992637,0,0.632299,0.772942,0.415418,0.0223767,2.13271,0.00457575,1.064,1.43056,0.0893261,2.01983
55.774331066,0.311399,0.904839,0.29962,0.488619,0.867219,0,2.26528,0.0130149,1.1399,1.70942,0.149526,2.31281
55.820770975,0,1.65153,0.0349596,0.0210699,1.45528,0.165986,1.68746,0.0463206,1.08931,1.77443,0.143663,2.20172
55.867210884,0,1.79553,0.0511007,0.0216173,1.37202,0.261143,1.29084,0.309693,1.02614,1.63741,0.159233,2.37145
55.913650794,4.94138e-05,1.74533,0.0380462,0.0628243,0.940491,0.363402,1.08116,0.457105,1.01529,1.61789,0.121862,2.5707
55.960090703,0.117122,1.83715,0,0.109838,0.772323,0.404072,0.918565,0.385089,1.13849,1.77641,0.0890309,2.59745
56.006530612,0.236622,1.98658,0,0.130144,1.50768,0,0.597271,0.360308,1.2348,1.64064,0.0694626,1.82418
56.052970522,0.215894,1.90977,0,0.124433,1.80827,0.0344229,0.427832,0.426209,1.62788,1.20669,0.115869,1.53298
56.099410431,0.202159,2.0011,0.020487,0.194517,1.46839,0,0.722506,0.262876,2.0287,0.841838,0.0968454,1.47587
56.145850340,0.269493,1.3658,0.195509,0.496793,0.813385,0,1.31075,0.265978,1.91646,0.995176,0.469576,1.10127
56.192290249,0.480465,0.4765,0.425825,0.704598,0.548689,0,1.66796,0.276087,1.72886,1.02423,0.848045,0.881711
56.238730159,0.373157,0.000382899,0.476711,0.540227,0.640054,0,2.15642,0.266819,1.6493,0.876395,0.867859,0.890168
56.285170068,0.27909,0.0860016,0.246308,0.19208,1.03884,0,2.54621,0.259698,1.29055,0.749449,0.942043,0.963684
56.331609977,0.356631,0.149791,0.0165792,1.49941,0.971549,0,2.19295,0.428001,1.1663,0.826951,0.751185,1.39735
56.378049887,0.335761,0.538942,0.0225282,2.10464,0.539587,0.213864,2.04232,0.591786,1.06581,0.787405,0.607984,1.71385
56.424489796,0.303235,0.707631,0.0109679,2.36638,0.217397,0.173395,2.01029,0.592461,0.975614,0.657831,0.601026,2.14664
56.470929705,0.292128,1.1758,0,2.57406,0.545737,0.228027,2.14425,0.510432,1.0154,0.038902,0.429513,2.22342
56.517369615,0.284099,1.24135,0,2.59881,0.55137,0.270265,2.19896,0.362397,1.08952,0,0.309045,2.1948
56.563809524,0.25671,1.14779,0.0647729,2.59568,0.274935,0.262108,1.87188,0.703667,1.03132,0,0.192696,2.07076
56.610249433,0.1747,1.43167,0.0836619,2.43261,0.196403,0.118307,1.5644,1.55868,0.949568,0,0.131329,1.73174
56.656689342,0.340775,1.35111,0.0575215,2.32241,0.0173829,0.027711,1.46968,1.55096,1.29327,0,0.303728,1.72326
56.703129252,0.332916,1.38957,0.0293959,2.23418,0.0249963,0,1.16607,1.21164,1.29318,0.035793,0.551629,1.66466
56.749569161,0.389198,1.5271,0.0144859,2.04951,0.0286178,0.00396498,0.890938,0.84812,1.35722,0.0842957,0.738582,1.48556
56.796009070,0.33972,1.35549,0.121158,1.71482,0.0170473,0.0583937,1.37744,0.375185,1.6777,0.108722,0.87708,1.40704
56.842448980,0.198541,1.44639,0.0959379,1.787,0.0743716,0.159621,1.98006,0.487242,1.96646,0.0284748,0.727404,1.24744
56.888888889,0.0414988,1.27109,0.147147,1.89628,0,0.21652,1.74359,0.341973,2.04778,0,0.461983,1.33418
56.935328798,0.00807368,0.712016,0.532733,1.35174,0.316477,0.195796,1.73494,0.321789,1.8234,0.0110296,0.52646,1.39108
56.981768707,0.0401166,0.688652,0.770055,1.17338,0.312702,0.224781,1.67503,0.493892,1.66501,0,0.568494,1.5804
57.028208617,0.016447,0.55441,1.01389,0.790181,0.0206938,0.0424964,1.70409,1.33124,1.52299,0,0.826072,1.79852
57.074648526,0.451875,0.197145,1.15408,0.676855,0.159296,0.11624,1.65705,1.67391,0.977377,0,1.30592,1.57883
57.121088435,0.747149,0.072066,0.752596,1.11831,0.291564,0.28627,1.53392,1.01424,0.853781,0.00925006,0.98617,1.78848
57.167528345,0.658155,0.276315,0.703968,1.13905,0.361993,0.244138,1.55384,0.298321,0.847519,0,0.632274,2.2844
57.213968254,0.277018,0.69,0.383342,1.04496,0.248118,0.134406,1.54359,0.305465,0.933016,0,0.273823,3.04138
57.260408163,0.265325,0.959572,0.222948,0.695677,0.0964908,0.430632,2.48558,0.0233471,0.932793,0,0.0870352,3.46447
57.306848073,0.296019,1.17461,0,0.614423,0.194938,0.884689,2.40699,0.024248,1.09095,0.0162378,0.0822456,3.34607
57.353287982,0.327183,1.44857,0,0.674823,0.230206,1.06663,1.83636,0.00801108,1.21868,0.00375373,0.115314,3.11358
57.399727891,0.21732,1.58431,0.0013097,0.650919,0.118974,0.847092,1.44016,0.00516656,1.43144,0,0.464843,2.75337
57.446167800,0.163574,1.47412,0.0010593,1.02496,0.352093,0.453779,1.02168,0.510066,0.544353,0.000587827,0.611257,2.45387
57.492607710,0.151571,1.19284,0,1.28453,0.32853,0.0163639,0.971183,0.636533,0.67341,0.00212853,0.591981,2.35403
57.539047619,0.157595,1.08187,0.00666135,1.21625,0.296418,0.0103865,1.17745,0.511659,1.01232,0.00212722,0.588555,2.32626
57.585487528,0.187487,1.09379,0,1.03113,0.314314,0.0574677,1.50474,0.478311,1.26689,0.000315,0.616737,2.29131
57.631927438,0.241796,1.14049,0.143165,0.786165,0.155676,0.207876,1.49133,0.370986,1.41691,0.53931,0.801945,2.14414
57.678367347,0.593871,0.861973,0.316167,0.837398,0.48787,0.501874,1.29624,0.563457,1.29876,1.12563,0.0424713,2.15861
57.724807256,0.90866,0.806484,0.204729,0.70255,1.05616,0.488603,1.12005,0.629838,0.808275,1.19015,0.0390255,1.93149
57.771247166,0.614147,0.719515,0.213647,0.463387,1.48723,0.43455,0.905801,0.603423,1.00844,1.1183,0.049125,1.88866
57.817687075,0.526129,1.31198,0.4536,0.165248,1.52605,0.508335,0.981661,0.715207,0.948663,0.666229,0.0735978,1.84258
57.864126984,0,2.12915,0.495352,0.147407,0.740221,0.946961,0.975576,0.354898,0.912915,0.311479,0.279377,1.79365
57.910566893,0.0118646,2.45844,0.350443,0.088784,0.147767,1.02422,1.32701,0.299051,0.819888,0.0570294,0.577105,1.26231
57.957006803,0.184091,2.40567,0.146167,0.0384308,0.111817,0.87837,1.63788,0.296759,0.332286,0.260087,0.899643,0.995556
58.003446712,0.215597,2.2729,0.0301592,0.0559758,0.148036,0.691145,2.11004,0.231328,0.0518094,0.522494,1.09636,0.890538
58.049886621,0.270373,2.26911,0,0.107478,0.229298,0.475016,2.35731,0.1398,0.812436,0.384991,1.16708,1.05374
58.096326531,0.271909,2.29814,0,0.127356,0.593448,0.737377,2.32985,0.0879373,1.37807,0.242344,1.04234,1.20629
58.142766440,0.218329,2.45598,0.000644079,0.1421,1.0759,1.08147,2.05947,0.0947392,1.58235,0.23374,0.797867,1.20393
58.189206349,0.281989,2.60594,0.0101291,0.153593,1.36811,1.18109,1.84416,0.160911,1.40425,0.727704,0.365092,0.999988
58.235646259,0.276352,2.56957,0.38889,0.155821,1.35916,0.925253,1.60959,0.229438,1.15594,1.00477,0.161718,0.660334
58.282086168,0.258794,2.68916,0.142638,0.177983,0.972304,0.145423,1.93677,0.25965,0.988519,1.38896,0.859815,0.435035
58.328526077,0.261827,2.50785,0.0491276,0.165235,1.01538,0.0353231,2.14061,0.18309,1.02711,1.11785,1.18105,0.467188
58.374965986,0.0908328,2.23398,0.0313321,0,1.47281,0.295063,2.05694,0.0873597,1.33455,0.798004,1.18038,0.729824
58.421405896,0,1.85998,0,0.0361307,1.71636,0.363323,1.67252,0.0592141,1.35356,0.61951,1.075,0.739262
58.467845805,0.00855636,2.02554,0.0293626,0,1.90123,0.300595,1.16092,0.10292,1.86571,0.574556,0.972753,0.694993
58.514285714,0.267711,2.17958,0.25943,0.128814,1.9415,0.129877,0.91573,0.175438,1.94504,0.533371,0.788981,0.498839
58.560725624,0.784062,1.41186,0.725764,0.421236,1.05829,0.0930925,1.29072,0.531198,1.55035,0.316553,0.0704398,0.563929
58.607165533,0.840902,0.537143,0.690436,0.475116,0.598048,0.504151,1.15719,0.970572,1.00996,0.0538051,0.0657541,1.27832
58.653605442,0.995744,0.326391,0.566284,0.404071,0.510412,0.675812,1.19809,0.899553,0.552699,0.0473159,0.0138879,1.66734
58.700045351,0.764108,1.20566,0.387559,0.277607,0.656207,0.481846,1.10433,0.453006,0.550646,0.0100067,0.0657909,2.0282
58.746485261,0.386519,1.27717,0.577717,0.735749,0.744386,0.337912,1.20126,0.405137,1.062,0,0.118005,2.18256
58.792925170,0.193852,0.848733,0.817159,0.860536,0.42859,0.184391,1.42425,0.53634,1.56598,0,0.646317,1.92814
58.839365079,0.101591,0.46719,0.574207,0.907904,0.177403,0.0329574,1.82145,0.320316,1.55375,0,1.09202,1.60705
58.885804989,0.110769,0.339658,0.36539,1.0168,0.312836,0.0231556,2.00014,0.132736,1.38912,0.0446578,1.32646,1.50168
58.932244898,0.192576,0.969675,0.125789,1.17582,0.475203,0.0216777,2.22862,0.12904,1.0942,0.0562107,1.22884,1.32446
58.978684807,0.179297,1.56946,0.00509561,1.28076,0.61219,0.0117742,2.21975,0.128625,1.13084,0.037821,1.13748,1.38676
59.025124717,0.176629,1.57791,0.172655,1.91118,0.0247412,0.0133667,2.14374,0.220976,1.51619,0.0182477,0.963543,1.49217
59.071564626,0.170925,1.4144,0.618569,2.13405,0.00356093,0.0351484,1.79275,0.244054,1.92283,0,1.06862,1.47377
59.118004535,0.187059,1.15933,0.83808,1.63425,0.743776,0.0454254,1.40653,0.306263,1.94447,0.0855057,1.00475,1.44922
59.164444444,0.189787,0.772878,1.06165,0.61921,1.42559,0.0239614,1.1191,0.48844,1.67016,0.678702,0.86317,1.31338
59.210884354,0.141436,0.991563,0.970314,0.228264,1.49581,0.113392,0.883251,0.375815,1.71004,0.648851,0.957014,1.30061
59.257324263,0.266954,1.27721,0.959064,0.144297,1.50018,0.177247,0.672717,0.0477842,1.89316,0.386931,0.804512,1.60368
59.303764172,0.332697,1.7308,0.340688,0.122114,2.05249,0.0428197,0.599826,0.0058766,2.29117,0.0866379,0.444033,1.53078
59.350204082,0.329586,2.07463,0.370602,0.0617886,2.31422,0,0.429991,0.200124,2.52657,0.0940109,0.148682,1.22193
59.396643991,0.283722,2.46738,0.161774,0.0150142,2.38225,0,0.281574,0.350066,2.50094,0.610586,0.0739864,0.687403
59.443083900,0.514431,2.68134,0.101697,0.172049,2.32619,0.200011,0.0449922,0.267495,2.57842,0.626913,0,0.538321
59.489523810,0.589829,2.65952,0,0.430164,2.21881,0.564786,0.0287674,0.0900772,2.60819,0.350657,0,0.401503
59.535963719,0.682168,2.65949,0,0.622381,2.17451,0.564145,0.0429081,0.0713487,2.62581,0.00427136,0,0.275916
59.582403628,0.572996,2.86917,0,0.689303,2.08958,0.481396,0.0846598,0.0914301,2.57376,0,0.0996756,0.469313
59.628843537,0.532297,2.86179,0.127138,0.482784,2.36573,0.420563,0.269331,0.194441,2.50414,0,0.0117493,0.661934
59.675283447,0.525697,2.89455,0.17099,0.127176,2.68631,0.443722,0.394583,0.103928,2.37286,0.0146578,0.11262,0.661333
59.721723356,0.418737,3.00073,0.0696949,0.137749,2.68963,0.421324,0.187892,0.411014,2.01978,0.281837,0.370103,0.393907
59.768163265,0.257323,3.08596,0,0.32893,2.5233,0.441969,0.14018,0.771848,1.4266,0.659312,0.254979,0.321338
59.814603175,0.195227,3.20257,0,0.430079,2.66836,0.293246,0.0193179,0.908198,1.32099,0.485361,0.130466,0.44485
59.861043084,0.169019,3.45214,0,0.2851,3.09179,0.178379,0.0278849,0.829937,1.36356,0.374274,0.026973,0.463795
59.907482993,0.109655,3.6913,0,0.128966,3.2762,0.00546238,0.0375412,0.334554,2.12837,0.224757,0.00191846,0.326643
59.953922902,0.0808028,3.63305,0.00265355,0.114483,3.28338,0.0902938,0.0592674,0.0752087,2.52522,0.0470323,0.00205842,0.393431
60.000362812,0.0986937,2.85486,0.297661,0.136048,2.78726,0.159061,0.0313838,0.046359,2.58025,0.0237912,0.1502,0.717385
60.046802721,0.213404,1.65369,0.525754,0.254113,1.63887,0.330362,0.37334,0.0438907,2.38816,0.200662,0.562765,1.01909
60.093242630,0.629343,1.36857,0.570578,0.377656,1.27342,0.338952,0.452349,0.037432,1.48618,0.472515,0.931977,1.2499
60.139682540,0.446977,1.56376,0.480904,0.451422,1.2488,0.359654,0.56318,0.027619,0.904407,0.607868,0.809363,1.34431
60.186122449,0.212152,2.08361,0.297119,0.155162,1.29783,0.526899,0.793628,0.0126813,0.837098,0.550013,0.390046,1.29717
60.232562358,0.122479,2.79494,0,0.0962146,1.40536,0.274914,0.901708,0.0759152,1.20889,0.238383,0.143699,1.21597
60.279002268,0.114406,3.10434,0,0.0800135,1.08521,0.484408,0.795197,0.0114327,1.38063,0.324369,0.0640171,1.28902
60.325442177,0.0713106,3.2026,0.0318745,0.0619311,1.15874,0.851345,0.499014,0.026429,1.33447,0.338393,0,1.53316
60.371882086,0.0984277,2.91838,0.0330198,0.075906,1.50519,0.871277,0.272016,0.0579871,1.65717,0.169871,0,2.00791
60.418321995,0.156657,2.76428,0.134467,0.291066,1.67014,0.974466,0.155494,0.0790075,2.02865,0.0631381,0,2.05398
60.464761905,0.359985,2.39005,0.335203,0.330688,1.72932,0.911815,0.131464,0.0859776,2.35637,0.225645,0.000132219,1.99312
60.511201814,0.532592,1.95875,0.314859,0.273347,1.65263,0.804733,0.221367,0.103634,2.68332,0.130163,0,1.84655
60.557641723,0.470367,2.20358,0.325958,0.134618,1.09706,1.30163,0.0040488,0.061291,2.50532,0.00883298,0.0475652,1.45867
60.604081633,0.469076,2.30817,0.350157,0.134631,0.871212,1.46671,0,0.0344538,1.89365,0.137931,0.66546,0.911279
60.650521542,0.836368,2.16946,0.215253,0.080871,0.576707,1.52793,0.00335812,0.033912,1.28283,0.453222,0.709976,0.890984
60.696961451,0.919889,2.22538,0.042873,0.0652726,0.477342,1.48055,0.0279585,0.0314487,1.42239,0.388168,0.431786,1.00261
60.743401361,1.2622,2.38997,0.000192645,0.107203,0.379468,0.912642,0.196411,0.0912974,1.69869,0.395456,0.33853,0.957426
60.789841270,1.39953,2.50746,0,0.0961582,0.597542,0.1046,0.473458,0.135599,1.74516,0.513934,0.272288,0.886168
60.836281179,0.992997,2.32129,0.233489,0.00931135,1.43963,0.145646,0.988323,0.0914049,1.55076,0.434078,0.690693,0.654858
60.882721088,0.356927,2.42947,0.501399,0.0590989,1.43088,0.201034,1.43117,0.0945109,0.949659,1.02583,0.85013,0.498016
60.929160998,0.261374,2.8188,0.300986,0.14912,1.86005,0.310897,1.25822,0.0489567,0.837441,1.74152,0.593956,0.280496
60.975600907,0.264915,3.02894,0.207434,0.168889,1.82856,0.360235,0.856359,0.0536165,0.797998,2.30678,0.0104917,0.108406
61.022040816,0.182996,2.78931,0,0.525949,1.81864,0.203767,0.470923,0.0791496,0.72227,2.35784,0.000741135,0.393853
61.068480726,0.108793,2.83657,0.136131,0.537883,1.94902,0.202076,0.0943136,0.0343341,1.1734,1.71265,0.000248099,0.668813
61.114920635,0.052535,2.8075,0.146179,0.264929,1.98016,0.304678,0.0436018,0.066284,1.5176,1.37879,0.00687388,1.0327
61.161360544,0.0573972,2.3276,0.299068,0.12268,1.36214,0.939791,0.0332737,0.0442096,1.53507,1.18565,0.0753195,1.53506
61.207800454,0.298949,2.184,0.359982,0.155104,1.33453,1.47019,0.0202844,0.406889,1.45864,1.44617,0.0869976,1.3889
61.254240363,0.231318,2.18298,0.190717,0.183402,1.66158,1.56821,0.00616369,0.587312,1.20741,1.88253,0.0333623,0.889285
61.300680272,0.123527,2.31159,0.0589151,0.189564,1.806,1.13066,0.0117384,0.666326,1.24654,1.89864,0.0188976,0.754816
61.347120181,0.234615,2.07869,0.000511542,0.523063,2.07333,0.439424,0.02421,0.163115,1.38442,1.91809,7.40503e-05,0.931829
61.393560091,0.275399,1.56235,0,0.914594,1.66539,0.205449,0.158536,0.10758,1.4302,1.94207,0.00779251,0.831092
61.440000000,0.227184,1.8042,0,0.940379,1.5896,0.158959,0.172838,0.0710869,1.24022,1.82495,0.0251295,0.775741
61.486439909,0.482628,1.2488,0.337346,0.953155,1.39284,0.0385841,0.165248,0.655003,1.47565,1.47083,0.0238943,0.676413
61.532879819,0.952327,0.862636,0.36214,1.07336,1.4716,0.020856,0.321999,1.17112,0.816505,1.00153,0.370386,0.387367
61.579319728,0.914538,0.600223,0.528905,0.838361,1.23255,0.0424225,0.921089,1.16055,0.511176,0.99548,0.622722,0.605576
61.625759637,0.781776,0.569285,0.604004,0.558536,0.766537,0.0775239,1.60391,0.449569,0.62519,1.27983,0.648215,1.20517
61.672199546,0.357506,1.22694,0.357089,0.423219,0.478477,0.248928,1.89481,0.0107971,0.655849,1.70373,0.458429,1.51245
61.718639456,0.206285,1.90602,0.0828149,0.0517682,0.626372,0.591699,1.60396,0.0181914,0.819791,1.98461,0.284965,1.44766
61.765079365,0.288296,2.04186,0.0760809,0,0.863795,0.449838,1.21484,0.0350008,0.858172,1.89022,0.237968,1.70853
61.811519274,0.0313032,1.89991,0.0997286,0,0.852136,0.324733,1.15661,0.241935,0.871073,1.68395,0.336445,1.87453
61.857959184,0.0271761,1.64885,0,0,0.530764,0.480351,1.07669,0.481279,1.03047,1.82231,0.301301,2.01337
61.904399093,0.231749,1.82807,0.0387281,0.0746903,0.444367,0.681815,0.907964,0.392925,0.982035,1.60467,0.162946,1.8147
61.950839002,0.208725,1.81934,0.104696,0.0985542,0.640757,0.754812,0.835051,0.255165,0.912565,1.152,0.0748077,1.68736
61.997278912,0.17848,1.94524,0.126104,0.0983932,0.874509,0.630648,0.596372,0.177002,1.20113,0.72158,0.288308,1.60215
62.043718821,0.135567,1.46813,0.652459,0.145542,0.572721,0.843124,0.626826,0.0818645,1.65549,0.808409,0.368963,1.51337
62.090158730,0.253025,0.487999,0.502118,0.299548,0.569606,0.707642,1.44593,0.00450154,1.3875,0.93194,0.74568,0.770844
62.136598639,0.348358,0.324018,0.533662,0.28777,0.872399,0.730281,1.24997,0.00856531,1.01086,1.09746,0.893182,0.511502
62.183038549,0.342447,0.289861,0.384006,0.217451,1.41653,0.737263,0.838808,0.0388886,0.901652,1.17593,0.701241,0.34422
62.229478458,0.68808,0.499339,0.0282291,0.40101,1.75879,0.0987449,0.688522,0.484796,0.728836,1.23285,0.686236,0.451175
62.275918367,0.845675,1.08081,0.205176,1.04398,1.14084,0.0496865,0.981139,0.479329,0.638991,0.972402,0.0956668,0.850843
62.322358277,0.306086,1.08085,0.0409712,2.07817,0.16674,0.159896,1.70336,0.500812,0.94522,0.790645,0.241572,1.49917
62.368798186,0.239106,1.36059,0.0255943,2.32081,0.000215596,0.199442,2.22211,0.386318,1.04128,0.273128,0.341908,1.9667
62.415238095,0.259056,1.52047,0.0492357,2.28142,0.0238775,0.237747,2.51611,0.366571,1.20058,0.023058,0.364636,2.0315
62.461678005,0.224736,1.40229,0.00399671,2.28585,0.05818,0.288174,2.37197,0.324,1.49969,0,0.183582,2.16094
62.508117914,0.131351,1.33778,0,2.03037,0.310917,0.250478,1.98189,0.387952,1.88798,0,0.129165,1.79577
62.554557823,0.171985,1.44246,0,2.03846,0.168043,0.0363432,1.81388,0.499834,2.01029,0,0.235725,1.87277
62.600997732,0.309778,1.53153,0.00135493,2.26774,0,0.0421585,1.64356,0.501921,1.89756,1.54674e-05,0.448929,1.94963
62.647437642,0.259955,1.43947,0,2.32029,0.0137151,0.312484,1.1073,0.421511,1.59152,0.0681919,0.392877,1.98055
62.693877551,0.129156,1.4218,0.101573,1.85905,0.0412552,0.544473,0.547215,0.415969,1.47063,0.153993,0.120521,2.24086
62.740317460,0,1.30982,0.440954,1.21061,0.00945481,0.688269,0.432777,0.478791,1.39508,0.111785,0.125648,2.464
62.786757370,0,0.607938,1.11723,0.788313,0,0.686862,1.02051,0.308821,1.42033,0.0097488,0.0985937,2.37835
62.833197279,0.0303872,0.329217,1.10133,0.795241,0.403608,0.438807,1.28421,0.365049,1.35132,0,0.386392,2.11488
62.879637188,0.244763,0.413065,0.738622,1.01694,0.89594,0.183269,1.55528,0.10497,1.39561,0,0.746128,1.85894
62.926077098,0.334281,0.206868,0.562493,1.14886,0.993414,0.0883575,1.65092,0.0788418,1.33412,0,0.88067,1.90077
62.972517007,0.144093,0.444166,0.339584,1.20906,0.493847,0.0706399,1.84526,0.0920387,0.963201,0,1.31889,2.16667
63.018956916,0.306224,0.825939,0.236566,1.07097,0.0462701,0.157044,1.78604,0.265714,0.774162,0.0496092,1.273,2.04629
63.065396825,0.640024,0.789239,0.217813,1.07304,0.0117185,0.121853,1.92175,0.110462,0.574744,0.164122,1.12674,1.95677
63.111836735,0.28112,0.809826,0.238476,1.00861,0.0107798,0.0442503,1.95293,0.220161,0.648853,0.118676,0.993971,2.28095
63.158276644,0.175933,0.861918,0.214593,1.10043,0.0266973,0.121361,2.31563,0.0158633,0.978849,0.00261745,0.605783,2.76477
63.204716553,0.384401,1.01631,0.0560207,0.87801,0.164213,0.734113,2.34424,0.00250354,1.36818,0,0.345839,2.98149
63.251156463,0.764171,1.2431,0,0.453714,0.180162,1.34717,2.05115,0.00204537,1.59027,0.173731,0.103837,3.02698
63.297596372,0.864952,1.413,0.00141119,0.343429,0.217541,1.59274,1.56834,0.000147401,1.62277,0.266335,0.202529,2.76535
63.344036281,0.838611,1.50691,0.00314212,0.492845,0.118977,1.59154,1.15527,0,1.73198,0.404053,0.20536,2.82401
63.390476190,0.176255,1.7859,0.00141498,0.87387,0.3157,1.75734,0.621033,0.249209,1.65117,0.447358,0.149471,2.95708
63.436916100,0.0887177,1.5738,0,1.13826,0.315901,1.49538,0.789405,0.277474,1.89277,0.27757,0.122407,2.87598
63.483356009,0.093297,1.25029,0.013253,1.03371,0.18899,1.11186,1.42177,0.254341,2.07121,0.252588,0.0854909,2.85475
63.529795918,1.218,0.97505,0,0.713581,0.00985286,0.238064,1.89129,0.139185,2.03774,0.248308,0.0610621,2.82991
63.576235828,1.65395,0.611736,0.108548,0.682928,0.0752278,0.328095,2.24082,0,1.89985,0.706791,0.0310855,2.21809
63.622675737,1.57983,0.271163,0.205112,0.507586,0.662234,0.936502,1.64828,0,1.95653,0.862918,0.000835734,1.65537
63.669115646,1.17838,0.319485,0.258892,0.326807,0.863419,1.00211,1.18421,0.0115503,1.54135,1.12135,0.00113603,1.82257
63.715555556,0.432369,1.02311,0.378953,0.255193,0.895035,0.786865,1.34716,0.175078,0.781682,1.00582,0.0029607,2.23221
63.761995465,0.177527,1.52845,0.572629,0.206498,0.745941,0.34955,1.24033,0.280823,0.412225,0.57189,0.0110166,2.46186
63.808435374,0.0379048,1.8673,0.57295,0.0308538,0.445025,0.35697,1.38361,0.364074,0.467531,0.75139,0.0236786,2.23742
63.854875283,0.0422991,2.44376,0.341841,0.0506756,0.452096,0.823533,1.61807,0.315761,0.423156,0.830818,0.106903,1.88349
63.901315193,0.0870195,3.14458,0.0796703,0.0641084,0.464262,1.17411,1.60405,0.224978,0.577941,0.610999,0.140982,1.16821
63.947755102,0.0616298,3.31624,0,0.0735925,0.468955,1.0415,1.4143,0.162057,1.09366,0.0685286,0.546449,0.60791
63.994195011,0.0723074,3.12475,0,0.0268812,0.390278,0.85228,1.41117,0.317495,1.55832,0.131925,0.560324,0.750881
64.040634921,0.0820584,3.29496,0.143153,0.0301316,0.0997917,1.0077,1.49194,0.125281,1.77137,0.102638,0.176642,1.17981
64.087074830,0.0768004,3.22262,0.153258,0.100474,0.38766,0.928728,1.92789,0.0696015,1.52966,0.226359,0.258946,0.948961
64.133514739,0.0308233,2.92016,0.100649,0.119022,0.404748,0.800467,1.55845,0.548417,0.860156,0.411475,0.527733,1.1712
64.179954649,0.0271477,2.68533,0.0233708,0.117895,0.416716,0.760517,1.36009,0.806154,0.643029,0.486029,0.586851,1.21852
64.226394558,0.653811,2.58111,0.0274049,0.116449,0.444761,0.451343,1.5784,0.820055,0.502019,0.425745,0.4047,0.837435
64.272834467,1.09143,2.41326,0.0156723,0.0724668,0.528004,0.0399704,1.79985,0.478871,0.731725,0.349351,0.588003,0.20049
64.319274376,0.931671,2.47821,0.342387,0.0333878,0.566803,0.029015,1.7218,0.197862,0.884162,0.310753,0.784165,0.110199
64.365714286,0.20362,2.81402,0.732238,0.0133999,0.616665,0.422435,1.48098,0.17968,0.921483,0.0855135,1.39761,0.120322
64.412154195,0.16099,2.91169,0.320457,0.0278806,0.430372,0.401124,1.63842,0.172339,0.493183,0.100674,2.1377,0.165636
64.458594104,0.141954,2.69913,0.000430609,0.0360391,0.271206,0.355737,1.24632,0.724304,0.256721,0.153829,1.97775,0.458444
64.505034014,0.186323,2.58407,0,0.121883,0.571521,0.0924564,0.775094,1.08563,0.0528862,0.0671127,1.22148,1.02499
64.551473923,0.106717,2.4461,0.0855701,0.208816,0.979887,0.0609798,1.06678,1.07435,0.101503,0.0325746,1.03682,1.23678
64.597913832,0.0111964,2.68289,0.446789,0.0747727,0.880619,0.0785956,1.32396,0.833752,0.106113,0.410829,1.14456,1.39956
64.644353741,8.80575e-05,2.58486,0.75014,0.15096,0.433271,0.0864719,1.98011,0.229172,0.298502,0.759405,1.07585,1.43978
64.690793651,0.183576,2.30251,0.590114,0.197983,0.567729,0.277586,0.758048,0.132984,1.10762,0.831061,0.673036,0.865744
64.737233560,0.282199,2.5988,0.256049,0.233003,0.711511,0.0680806,0.124092,0.0519793,1.89703,0.324418,0.209854,0.863646
64.783673469,0.1991,2.4798,0.113454,0.426598,0.602355,0.0761891,0.34949,0.0299634,1.87888,0.541903,0.00656741,1.11067
64.830113379,0.41553,2.02852,0.100806,0.884164,0.27531,0.0531442,0.687076,0.0259084,1.65507,0.614982,0.00433389,1.00277
64.876553288,0.664244,1.76536,0.010112,1.18825,0.0810372,0.113838,0.794031,0.0274763,1.30843,0.709037,0.000356059,0.838892
64.922993197,0.715756,1.58171,0.0167558,0.914103,0.322225,0.304421,0.699306,0.0118081,0.773083,0.596204,0,0.842679
64.969433107,0.471379,1.74422,0.0252342,0.438703,0.542951,0.163558,0.42281,0.176719,1.24004,0.263417,0.0028712,1.1472
65.015873016,0.249806,1.50337,0.0549144,0.15761,0.566645,0.0857368,0.249374,0.583737,2.11291,0.138826,0.00524875,1.435
65.062312925,0.220874,1.71447,0.623955,0.486222,0.49272,0.0641725,0.225444,0.72441,2.11077,0.0222145,0.0542534,1.66117
65.108752834,0.122641,2.07628,0.76483,0.652435,0.459462,0.0329256,0.80823,0.31598,1.04505,0.199084,0.407659,1.24805
65.155192744,0.00358975,2.24626,0.452986,0.652259,0.287522,0.19764,1.0719,0.451641,0.528874,0.403871,0.555644,1.06756
65.201632653,0.0115478,2.47755,0.186331,0.772988,0.357145,0.695437,1.22115,0.554867,0.639121,0.930186,0.82345,0.219216
65.248072562,0.158259,2.52078,0.107218,0.878041,0.437099,1.15279,0.978166,0.373298,0.903288,1.14243,0.741034,0.16402
65.294512472,1.18313,2.1678,0.114082,1.31308,0.425699,1.47217,0.459425,0.0240528,0.730041,1.01557,0.173528,0.164699
65.340952381,1.35712,1.89299,0.0228774,1.08409,0.0531408,1.76371,0.401638,0.0293246,1.13569,0.382971,0,0.101389
65.387392290,1.27109,1.81955,0.00105754,0.660145,0,2.21784,0.496615,0.0639766,1.59096,0.029315,0,0.0418073
65.433832200,1.04721,1.56265,0,0.697697,0,2.31575,0.410014,0.072735,1.72971,0.0428722,0,0.0167644
65.480272109,0.869014,1.59862,0.0128612,0.931642,0,1.96886,0.219468,0.0680188,1.98448,0.0408403,0,0.0211083
65.526712018,0.596492,1.74158,0.160685,1.34961,0.000178077,2.04838,0.130878,0,2.23679,0.0119971,0,0.25471
65.573151927,0.373932,1.9444,0.116671,1.41234,0,2.04464,0.0794799,0.0667327,2.49848,0.113095,0.0747444,0.362356
65.619591837,0.681106,1.8556,0.00288084,1.31281,0.000499827,2.14917,0.0719334,0.0626934,2.73126,0.313125,0.0833983,0.490274
65.666031746,1.15548,1.39967,0.0348303,0.880629,0,2.4718,0.0858617,0.00422889,3.45544,0.348519,0.0605564,0.582004
65.712471655,1.39145,1.43607,0.00173318,0.578559,0.01292,2.72452,0.0450578,0.0101525,3.56538,0.301375,0.0460924,0.306194
65.758911565,1.56837,1.58211,0.00945032,0.683133,0.112137,2.57199,0.0322902,0.0327141,3.347,0.088621,0.0493089,0.00303755
65.805351474,1.5952,1.57511,0.0114957,0.830014,0.0100548,2.4234,0.0646092,0.00732431,3.16309,0,0.0637782,0.00997213
65.851791383,1.45529,1.54816,0.00485674,0.853793,0,2.34468,0.0613121,0.00651178,3.05969,0,0.0300116,0.102735
65.898231293,1.40196,1.67386,0.0946964,0.940844,0.027448,2.04065,0.147956,0.0161453,2.68826,0,0.04139,0.144555
65.944671202,1.66381,1.46208,0.32216,0.920154,0.0557282,1.65534,0.220443,0.164611,2.62915,0,0.0784972,0.0859668
65.991111111,1.87614,1.38785,0.329246,0.827551,0.0693285,1.75433,0.150435,0.403372,2.01073,0.250788,0.0972416,0.117907
66.037551020,1.49864,1.31197,0.266635,0.744853,0.0933591,2.05173,0.0564747,0.494365,1.2992,0.411329,0.31583,0.27184
66.083990930,0.963229,1.56259,0.123341,0.651196,0.104916,2.13717,0.0480035,0.511231,1.24041,0.0181837,0.606286,0.782891
66.130430839,1.07764,2.35366,0.00535311,0.991803,0.111052,2.15506,0,0.104612,1.8509,0,0.50792,0.723498
66.176870748,0.950547,2.01958,0.00108026,0.97647,0.119274,2.23465,0,0.0189681,2.29542,0.0666186,0.570312,0.276062
66.223310658,1.02924,1.50001,0,0.773003,0.117507,2.32408,0,0.0423746,2.53853,0.0651169,0.701853,0.118641
66.269750567,1.12599,1.48892,0,0.785318,0.102398,2.44166,0.0171647,0.1279,2.81065,0.0771309,0.358091,0.132143
66.316190476,1.25569,1.77266,0.0016399,0.979023,0.0513816,2.4824,0.0323644,0.065979,2.98949,0.032913,0,0.012713
66.362630385,1.04553,2.02302,0.136276,1.14895,0.00736096,2.58046,0.0374423,0.0602591,2.67885,0,0,6.99926e-05
66.409070295,0.694947,1.982,0.142313,1.17464,0.00908509,2.6985,0.0471216,0.0591857,2.62524,0,0,0.0507142
66.455510204,0.593409,1.98339,0.115382,1.11671,0.0394984,2.52876,0.0473264,0.0566467,2.75455,0.000608393,0,0.155999
66.501950113,0.675508,1.64985,0.0564338,0.826538,0.0645562,2.18083,0.0251049,0.0671112,2.38021,0.00188008,0,0.787766
66.548390023,0.859276,1.16594,0.203792,0.0246148,0.0233593,1.91604,0.124417,0.0740578,1.8904,0.0014674,0.363096,1.35164
66.594829932,0.992248,1.04539,0.346402,0.252165,0.0237272,1.84476,0.558874,0.0563949,1.45429,0,0.472823,1.17933
66.641269841,1.13682,1.04568,0.0946072,0.474763,0.0221562,1.95372,0.896116,0.0360261,1.46644,0,0.677502,0.944059
66.687709751,1.20906,1.21126,0.0049463,0.413218,0.0721812,2.00449,0.898485,0.00672955,1.52935,0.243861,1.18663,0.520114
66.734149660,1.19361,0.799295,0.0647627,0.568862,0.349189,1.80158,1.17674,0,0.988047,1.12606,1.04143,0.403709
66.780589569,0.712652,0.48194,0.313183,0.358205,0.762097,1.28521,1.43375,0,1.21877,1.11823,1.03089,1.24325
66.827029478,0.265269,0.405902,0.477753,0.385877,1.29439,0.206386,1.909,0.0346634,1.81686,0.632913,0.489482,1.52347
66.873469388,0.0817539,0.702721,0.482314,0.483971,1.65728,0.0977297,1.61768,0.141262,2.0331,0.0113453,0,1.53666
66.919909297,0.0279918,0.762117,0.652899,0.436924,1.69306,0.0538328,1.40705,0.182015,2.0939,0,0,1.48018
66.966349206,0,0.629664,0.697348,0.300081,1.70222,0.0319357,1.57918,0.124164,1.99892,0,0.00257947,1.39574
67.012789116,0,0.908904,0.418513,0.207433,1.52302,0.0433443,1.85596,0.0487678,1.93522,0,0,1.28157
67.059229025,0.0889427,1.16334,0.137327,0.340418,1.57101,0,1.82479,0.00936532,1.86384,0.00715825,0.0649396,1.14879
67.105668934,0.0848709,1.30948,0.284872,0.711599,1.56002,0.149286,1.43127,0.0041009,1.82199,0.0554443,0.101207,1.40167
67.152108844,0.118954,0.621888,0.567321,0.97137,1.37957,0.069625,1.08567,0.00693106,2.3959,0.0923936,0.0863667,2.03686
67.198548753,0.163472,0.308108,0.281743,1.1624,1.36723,0,1.16688,0.0646282,2.54941,0.0310587,0.0745818,2.28923
67.244988662,0.227233,0.266354,0.0677418,1.31047,1.24528,0,1.24741,0.0593242,2.56534,0,0.0633336,2.32508
67.291428571,0.29999,0.222237,0.000855869,1.1773,1.17607,0.00710978,1.07,0.0430652,2.70768,0.0538923,0.0744936,2.21241
67.337868481,0.282193,0.0393173,0.0677616,0.930375,1.10212,0.0243821,0.72394,0.0598386,2.69338,0.0418645,0.0132181,2.33685
67.384308390,0.23676,0.0338174,0.00984515,0.749513,1.15522,0.0270183,0.934802,0.0607672,2.1582,0.0381063,0,2.53365
67.430748299,0.241658,0.0289188,0.0323401,0.641932,1.03677,0.186687,1.2728,0.0885672,1.55524,0.00676126,0,2.49459
67.477188209,0.296799,0.424317,0.0681876,0.406896,0.747147,0.403281,1.36985,0.10164,1.59747,0.000464676,0.214053,2.16371
67.523628118,0.330895,0.959823,0.0274802,0.442901,0.724133,0.280987,1.25224,0.114698,1.58781,0.0631607,0.438881,1.72335
67.570068027,0.271318,1.23258,0.0018805,0.364731,0.954225,0.312887,1.21698,0.0762729,1.1922,0.0351845,0.34773,2.02286
67.616507937,0,1.14873,0.0403433,0.613817,1.46932,0.0474791,1.795,0.0150619,1.13943,0,0.127745,2.12147
67.662947846,0,1.0215,0.155187,0.348122,2.01581,0.0452042,1.84212,0.0266212,1.10321,0,0.354724,1.92832
67.709387755,0,1.09062,0.15719,0.0747544,1.99984,0.0355681,1.74299,0.0652528,1.45951,0,0.582835,1.58336
67.755827664,0.0647919,0.937541,0.213877,0.00129326,1.73849,0.0341944,1.48327,0.0875702,1.80461,0.535881,0.136979,1.09585
67.802267574,0.0549252,1.4031,0.134169,0.00094171,1.09033,0.0522374,0.478983,0.0704874,1.87254,1.44122,0,0.901151
67.848707483,0.145434,1.11465,0.198312,0.103679,0.933383,0.0882918,0.119327,0.000583807,1.83944,1.60113,0,1.15194
67.895147392,0.184153,0.785642,0.523284,0.350386,0.949643,0.117152,0.0232919,0,1.68212,1.43356,0,1.55728
67.941587302,0.145202,0,1.07304,0.367595,1.0062,0.0793427,0.670683,0.180595,2.02993,0.558386,0.0450592,2.03844
67.988027211,0.874842,0.370258,0.971868,0.517476,0.701182,0.0231378,0.657642,0.569535,1.15453,0.0976034,0.428448,2.1842
68.034467120,1.03828,0.532159,0.60884,0.636693,0.984446,0.0409593,0.831224,1.44041,0.239476,0.0894302,1.06495,1.76552
68.080907029,0.949231,0.525171,0.199956,0.651086,1.27336,0.111935,1.47592,1.04497,0.160255,0.15743,1.12161,1.64218
68.127346939,0.798493,0.876604,0,0.807227,1.85294,0.0652122,1.73868,0.174182,0.289026,0.205412,1.00749,1.13568
68.173786848,0.246243,1.46347,0,0.683334,2.32424,0.0923232,0.694386,0.00865728,0.409784,1.37554,0.490328,1.14076
68.220226757,0.383723,1.36179,0,0.970909,2.44588,0.0801754,0,0.00221291,0.651879,1.26419,0.455056,0.921161
68.266666667,0.477715,1.53046,0,1.31834,1.95273,0.160881,0,0,1.09326,1.28507,0.331271,0.417637
68.313106576,0.472824,1.73366,0,1.53267,1.3891,0.229233,0.00425415,0.00330873,2.36067,1.02501,0.00493403,0.107445
68.359546485,0.418156,1.59078,0,1.52088,1.34345,0.135557,0.0164039,0.0409892,2.90473,1.03808,0.00669408,0.276923
68.405986395,0.295634,1.36205,0,1.32427,1.27746,0.0254917,0.0294565,0.047219,3.26453,1.03297,0.00709681,0.239293
68.452426304,0.197926,1.30856,0.203487,1.35423,1.05189,0.0364032,0.0439411,0.00897678,3.38896,0.802028,0.00701801,0.190862
68.498866213,0.223173,1.62638,0.322485,1.42484,0.698848,0.0365042,0.0142661,0.00690167,3.42237,0.710183,0.00684081,0.38817
68.545306122,0.44677,1.8726,0.349856,1.26656,0.0519602,0.103295,0.0176751,0.0381238,3.41392,0.700671,0.00403212,0.791495
68.591746032,0.37872,1.83097,0.64309,0.880063,0.0697391,0.19016,0.1413,0.928181,3.11193,0.441022,0.0642356,1.22461
68.638185941,0.124326,1.62058,0.418723,1.22964,0,0.198961,0.0273223,1.84434,2.06995,0.446003,0.0799173,1.69367
68.684625850,0.228154,1.55359,0.0501438,1.35047,0.649292,0.0752815,0.00903217,1.72908,1.37408,1.39616,0.0865344,1.4544
68.731065760,0.556824,1.61792,0.0539734,1.43955,0.751391,0.0299036,0.0128315,0.59469,1.78568,2.23195,0.0659749,1.01223
68.777505669,0.700998,1.75839,0.205537,1.39524,0.554883,0.0108149,0.0243484,0.0311406,1.86609,2.20867,0.0954989,0.869535
68.823945578,0.783614,1.92843,0.427099,1.20207,0.374246,0.0142347,0.00749993,0,1.83055,1.92544,0.044993,0.88685
68.870385488,0.710275,2.05074,0.178869,1.1999,1.43301,0.0761703,0.00304808,0.248876,1.79018,1.57672,0.047538,0.554506
68.916825397,0.480387,1.88738,0,1.15854,1.77693,0.168566,0.0297924,0.7331,2.28425,0.864033,0.0877723,0.517421
68.963265306,0.367907,1.5668,0,1.22759,1.76411,0.0153733,0.037512,0.734502,2.14823,0.644946,0.140589,0.408673
69.009705215,0.296386,1.71814,0,1.40103,1.54324,0.0397351,0.0985063,0.52541,1.83232,0.966157,0.1631,0
69.056145125,0.288928,1.90867,0.0438321,1.20945,1.11138,0.0370084,0.141965,0,2.91886,0.867203,0.0537112,7.29115e-05
69.102585034,0.239671,1.87007,0.0495047,1.22668,1.33344,0.0101357,0.195262,0,2.71598,1.084,0.0617888,0.000362997
69.149024943,0.275457,1.33671,0.00146442,1.27995,1.42571,0,0.123767,0,2.337,1.38597,0.1118,0.0634342
69.195464853,0.252492,1.05841,0,1.50196,1.48966,0,0.226206,0.00357388,1.99343,1.94032,0.119292,0.208328
69.241904762,0.0986671,1.05957,0,1.58469,1.37382,0,0.226183,0.0182898,1.38164,3.14334,0.0877262,0.176713
69.288344671,0.200216,1.43129,0.00107702,1.57504,0.952912,0.00101989,0.157214,0.00163435,0.586056,3.62352,0.0496683,0.000748862
69.334784580,0.32854,1.59343,0.0652321,1.19021,1.14654,0.000997573,0.0663713,0,0.47398,3.63842,0.0263389,0.000258091
69.381224490,0.319707,1.55566,0.357067,0.795842,1.48138,0,0.0278982,0,0.562152,3.67755,0.0493281,0.000212858
69.427664399,0.10057,1.50823,0.442516,0.32023,1.95454,0,0,0.00501415,0.922624,3.66395,0,0.000153012
69.474104308,0.197063,0.978654,0.487311,0.256079,2.052,0.0614497,0.0498474,0,2.03732,2.64713,0,0.102478
69.520544218,0.225049,0.63101,0.49696,0.512928,1.66223,0.119322,0.0653277,0,2.52355,2.06885,0,0.146498
69.566984127,0.187037,1.08279,0.335954,0.986561,1.10696,0.118704,0.0659348,0,2.55488,1.73107,0.0525358,0.285896
69.613424036,0.133387,1.37303,0.111503,1.26671,1.30334,0,0.0870701,0.0392304,2.80183,1.33155,0.12794,0.189556
69.659863946,0.0867081,1.34364,0.128669,1.34469,1.38938,0.00230253,0.0652831,0.0817808,3.0592,1.17249,0.110024,0.300903
69.706303855,0.0789536,1.19238,0.220719,1.31751,1.45324,0.0138268,0.397871,0.344423,2.64217,1.37892,0.139534,0.372789
69.752743764,0.0861103,1.45334,0.133202,1.06259,1.31268,0.0067635,1.08547,0.0785935,2.49338,0.659765,0.882113,0.158685
69.799183673,0.0545935,1.79853,0.111729,0.587491,0.408597,0.103246,1.81349,0.0240969,2.27143,0.527532,1.24584,0.107861
69.845623583,0.0575232,1.69713,0.574291,0.198892,0.611089,0.143933,1.8457,0.0308489,2.20349,0.334184,0.980259,0.504284
69.892063492,0.298077,1.36654,0.920198,0.17715,0.549167,0.114537,1.83594,0.05773,1.88059,0.206891,0.276876,0.830656
69.938503401,0.527009,1.15737,0.843173,0.419553,0.276175,0.0463025,2.02577,0.0788146,1.85474,0.0439185,0.436108,0.852761
69.984943311,0.470712,1.02532,0.306666,0.630831,0.139917,0.0213938,2.60665,0.093218,2.47393,0,0.986044,0.352642
70.031383220,0.239114,1.41256,0.356501,0.628888,0.337233,0.0357627,2.38962,0.0909032,2.79101,0,1.23784,0
70.077823129,0.241417,1.94197,0.201595,0.722886,0.339501,0.0492957,1.87712,0.299292,2.65943,0,1.03124,0
70.124263039,0.216187,1.67611,0.0280701,0.78081,0.200974,0.0395489,1.27197,0.287177,2.84025,0,1.03201,0.129129
70.170702948,0.262022,1.13351,0.0707817,0.766699,0.22732,0.0243442,1.22512,0.0394035,3.15298,0,1.27347,0.0532169
70.217142857,0.207477,1.18757,0.0790303,0.755296,0.652532,0.0230698,1.10501,0.0404298,3.17489,0.000228363,1.10744,0.107637
70.263582766,0.147321,1.27594,0.573603,0.69413,0.57492,0.0314989,0.980288,0.280881,2.94836,0.0888015,0.663475,0.770405
70.310022676,0.160942,1.78056,0.479177,0.544009,0.0525459,0.132648,1.48255,0.665262,2.28174,0.129885,1.58621,0.448617
70.356462585,0.154754,2.22815,0.177884,0.480789,0.0169687,0.0380423,2.76075,0.448014,0.986257,0.0328432,2.20663,0.137347
70.402902494,0.389832,1.78778,0.194006,0.91484,0.048158,0.186718,2.39686,0.120961,0.977179,0.282761,1.99985,1.01562
70.449342404,0.614558,1.51762,0.171863,0.913361,0.0517201,0.501291,2.05007,0.0814204,1.10049,0.292456,1.26011,1.5966
70.495782313,0.562267,1.0842,0.00256157,0.870305,0.0329499,0.498829,2.31589,0.162558,0.993421,0.22189,1.24768,1.76658
70.542222222,0.0707249,2.00955,0.15841,0.823494,0.0245988,0.0939111,3.07521,0.177507,0.537242,0.0354304,1.96242,1.13352
70.588662132,0.118874,2.41942,0.0762742,0.347032,0.390149,0.0567085,3.25015,0.227427,0.674258,0.0272015,1.86409,0.060932
70.635102041,0.198678,2.25326,0,0.468059,0.777333,0.105207,2.36587,0.152089,1.13151,0.00213193,1.38604,0.0983979
70.681541950,0.581482,1.92794,0,0.617961,0.959492,0.0806495,1.57207,0.0954575,1.58357,0,1.25825,0.0813937
70.727981859,0.609984,1.65716,0,0.701698,0.962765,0.0835973,1.15659,0.0600493,2.13748,0,1.18045,0.113858
70.774421769,0.650025,1.48062,0.373136,0.524134,0.596434,0.213244,1.13473,0.0936298,2.60112,0,1.0239,0.130881
70.820861678,0.271262,1.46352,0.325205,0.488123,0.195403,0.310895,1.25466,0.495151,2.48066,0.0323029,0.867243,0.219932
70.867301587,0.111924,1.24577,0.40119,0.616221,0.0728982,0.111225,1.58564,0.468544,2.37017,0,0.85704,0.597056
70.913741497,0.104187,0.95305,0.078956,0.703709,0.0481687,0.0313171,1.72568,0.120396,2.41715,0,0.995353,1.01623
70.960181406,0.210385,0.78382,0.0769197,1.09088,0.0685795,0.0168237,2.32378,0.0812084,1.81978,0,1.07786,1.16926
71.006621315,0.383663,0.536438,0.0800261,1.07136,0.100295,0.00744548,2.67164,0.0644045,0.907341,0.0606382,0.682708,1.25657
71.053061224,0.410583,0.537733,0.0484503,0.741917,0.120516,0.167016,2.83187,0.0266231,0.420746,0.219167,0.609253,1.19549
71.099501134,0.360887,0.708421,0.163125,0.965959,0.131731,0.40487,2.60985,0.568212,0.0294391,0.200618,0.79589,1.00641
71.145941043,0.408072,0.933889,0.0690657,0.756386,0.0211089,0.34063,2.19985,0.955703,0.144442,0.393419,0.862228,1.01334
71.192380952,0.624082,0.923096,0.550307,0.42553,0.00490254,0.220052,1.83259,1.02377,0.635481,0.250318,0.580795,1.03145
71.238820862,1.0622,1.2026,0.883033,0.44747,0,0.717075,0.848312,0.690204,1.59558,0.136112,0.102953,0.588691
71.285260771,1.02261,1.19675,0.765064,0.954806,0,1.50014,0.0956265,0.0755815,2.98987,0.0744012,0.00674786,0.119176
71.331700680,0.849257,1.27317,0.291853,1.05094,0,1.61905,0.0771825,0.0682005,3.36132,0.0152416,0.0061686,0.11372
71.378140590,0.8597,1.31467,0.0080259,0.91055,0,1.46804,0.058472,0.0773541,3.53797,0,0.00564456,0.130817
71.424580499,0.787659,1.40722,0.00756359,1.04925,0.00942588,1.6301,0.0632303,0.0590352,3.51412,0,0.00491255,0.217222
71.471020408,0.669321,1.62123,0.00116493,1.06519,0.163126,2.19299,0.0194831,0.011096,3.14653,0,0.00342157,0.378716
71.517460317,0.592185,1.67115,0.00328163,1.01306,0.183434,2.25639,0,0.0183998,2.98234,0.396574,0.0838758,0.408561
71.563900227,0.836211,1.44215,0.00141379,0.937366,0.181174,1.96575,0,0.00769049,3.01238,0.407283,0.088419,0.370322
71.610340136,1.10688,1.25976,0.0276972,0.554961,0.168879,2.03484,0.00546612,0.00705618,3.43713,0.30208,0.0539336,0.22717
71.656780045,1.20697,1.47597,0.00138032,0.630087,0.113444,2.20925,0.01521,0.0494867,3.00916,0.288287,0.0496832,0.0323017
71.703219955,1.48232,1.59678,0.000720189,0.552576,0,2.21964,0.0218259,0.0369636,2.52215,0.115215,0.0571057,0.145556
71.749659864,1.57868,1.63078,0.0999798,0.452285,0,2.05801,0.0283341,0.149828,2.27926,0,0.0628169,0.128231
71.796099773,1.08489,1.60123,0.557257,0.398227,0,1.83091,0.00625302,0.315206,2.26247,0.00474943,0.0273618,0.156047
71.842539683,0.761772,1.67908,0.513998,0.499957,0.0311083,1.72004,0.179981,0.620276,2.031,0.00266625,0.228791,0.132593
71.888979592,0.838675,1.63217,0.410029,0.868364,0.088966,1.23452,0.448966,0.266915,1.03406,0.0727124,0.384783,0.0327876
71.935419501,0.755484,1.59088,0.130491,1.18702,0.0363746,0.867395,1.3432,0.120206,0.511802,0.450598,0.690249,0
71.981859410,0.487518,1.44633,0.0392837,1.15872,0.0290751,1.00374,2.05398,0.0761253,0.845912,0.202138,0.960108,0
72.028299320,0.23928,1.9989,0.00158934,0.890466,0.0604919,1.31267,2.25605,0.0234252,0.917373,0.00011952,0.820265,4.98316e-05
72.074739229,0.407813,2.57193,0.00224029,0.210872,0.106075,1.64795,1.82115,0.0253881,0.936855,0.0211808,0.607743,0.247817
72.121179138,0.514441,2.44219,0,0,0.121367,1.65575,1.75333,0.0201079,0.99862,0.0736031,0.703219,0.356824
72.167619048,0.548092,2.09605,0,0,0.25434,1.90369,1.58073,0.0318232,0.968861,0.113732,0.655432,0.2262
72.214058957,0.692688,2.06503,0.0115087,0.00499961,0.376208,2.14335,0.476391,0.0859713,0.848491,0.11495,0.481606,0.178158
72.260498866,0.787703,1.67053,0.129748,0.28407,0.672723,2.43743,0.03214,0.110984,1.19544,0.159871,0.0030821,0.493244
72.306938776,0.605946,1.63355,0.226852,0.195926,0.929761,2.51706,0.0432483,0.0691673,1.50062,0,0.00348066,0.420724
72.353378685,0.477249,1.54291,0.0617973,0.10353,1.09534,2.29632,0.0555518,0.0585562,1.91045,0,0.00310125,0.479024
72.399818594,0.334274,1.41643,8.50961e-06,0.266426,0.869554,1.87944,0.0508687,0.913701,1.26872,0,0.126373,0.917531
72.446258503,0.356462,1.78004,0.00279557,0.910669,0.13184,1.68435,0.135738,1.45566,0.626559,0.0321187,0.208776,1.27476
72.492698413,0.556847,1.45843,0.00468425,0.720445,0.10238,1.54742,0.646996,1.32167,0.494579,0.0138584,0.184069,1.71831
72.539138322,0.844929,1.52043,0.0043317,0.524279,0.110383,1.64424,1.35823,0.669604,0.828318,0,0.231995,1.69263
72.585578231,0.781912,2.09735,0.00466978,0.178848,0.108307,1.87508,1.74353,0,1.01494,0,0.315872,1.15905
72.632018141,0.993557,2.14016,0.00328847,0.103074,0.340272,1.585,2.01208,0,1.13287,0.406905,0.301784,0.548158
72.678458050,0.961591,1.73471,0,0.248481,0.557816,1.31019,1.76178,0,1.08751,0.456621,0.426311,1.12547
72.724897959,0.307341,1.14867,0.115322,0.0104563,1.19941,0.517021,2.45274,0.00448833,0.868657,0.312873,0.454243,1.60788
72.771337868,0.133647,1.05411,0.152369,0.246404,1.53267,0.351598,2.2226,0.0454863,0.46132,0.0888807,0,2.1557
72.817777778,0.0124804,0.69153,0.228776,0.111932,2.52856,0.311951,1.43392,0.392082,0.950216,0.0361622,0.000127479,2.58915
72.864217687,0,0.358041,0.193571,0,3.56197,0.0158495,0.448502,0.542937,1.20177,0,0.0284811,2.48525
72.910657596,0,0.390813,0.146175,0,3.86741,0.0341515,0.578615,0.351808,0.867038,0.0105727,0.000942545,2.62349
72.957097506,0,0.51568,0.0960622,0.00837923,4.11823,0.0237333,0.53666,0,0.621078,0.00296811,0.00098373,2.6128
73.003537415,0.0593457,0.590816,0.0779739,0.00667112,4.16752,0,0.417466,0,0.733431,0.0503923,0.128744,2.59609
73.049977324,0.070115,0.19602,0.112511,0,3.98173,0.00353257,0.474019,0,1.15882,0.102051,0.127823,2.8743
73.096417234,0.0912555,0.145332,0.25303,0.478747,3.11124,0.0139052,0.819653,0.180411,1.14962,0.104295,0.10725,3.07618
73.142857143,0.076242,0.608679,0.0994418,0.810499,1.95349,0.0974493,0.970888,1.20511,0.85221,0.00435534,0.0898684,2.92407
73.189297052,0.123067,1.12787,0.031122,0.660328,0.988956,0.0500177,1.20727,1.16345,1.02904,0,0.156307,2.49693
73.235736961,0.135345,1.19581,0.0242885,0.311276,0.827965,0.017122,1.75326,0.96783,0.948438,0,0.363315,2.23253
73.282176871,0.0671981,1.09681,0.0697243,0.307889,0.942178,0.0266741,2.16854,0.81658,0.582635,0,0.386929,2.33994
73.328616780,0,1.10099,0,0.417526,0.966113,0.0677385,2.55248,0.192759,0.33588,0,0.386551,2.57844
73.375056689,0.000297167,1.09824,0,0.248961,0.960155,0.524769,2.42119,0.0968919,0.641452,0,0.497996,2.42574
73.421496599,0.0207904,0.991322,0.073653,0.135168,0.878532,0.531694,1.93787,0.149173,0.713381,0,0.527857,2.21872
73.467936508,0.212834,0.864714,0.166389,0.402683,1.26733,0.143591,1.49733,0.163696,0.793606,0.104091,0.480851,1.94851
73.514376417,0.205139,1.10707,0.0024008,0.56422,1.57727,0.0343456,1.0444,1.11801,1.02656,0.0074506,0.0125672,1.85424
73.560816327,0.00980872,1.13417,0.1276,0.547209,1.28292,0.035702,1.24189,1.48408,0.77537,0,0.0842139,1.66682
73.607256236,0.0047779,1.16075,0.0997905,0.00676865,0.919793,0.00945085,1.34284,1.37252,0.588714,0,0.337423,1.4558
73.653696145,0,1.03174,0.14376,0.00538124,0.721715,0.00987425,1.5088,1.19826,0.439855,0,0.498002,1.34746
73.700136054,0,0.954358,0.179624,0.00145232,0.819458,0.0218888,1.73648,0.837164,0.424681,0.000291344,0.520947,1.38564
73.746575964,0,0.858657,0.504843,0.000531722,0.814467,0.0483947,1.76244,0.531478,0.820605,0.00390634,0.467887,1.55378
73.793015873,0,0.809567,0.845685,0.000211378,0.904727,0.0768116,1.39289,0.803133,1.91377,0.00776628,0.381341,1.41447
73.839455782,0,0.765733,0.99582,0.192104,1.02397,0.0714316,0.888834,0.549283,2.86287,0.00529112,0.0996315,1.18949
73.885895692,0.071687,0.717732,1.00129,0.339979,1.21837,0.0393096,0.721528,0.177027,3.02119,0.00621398,0.0453679,1.41504
73.932335601,0.272823,0.459847,0.820023,0.732783,1.37107,0.171718,0.724523,0.0399125,2.47813,0,0.0186451,1.4455
73.978775510,0.429681,0.0962234,0.451369,0.86581,1.48449,0.200845,0.926247,0.0407241,2.17957,0,0.00256707,1.52119
74.025215420,0.434395,0.0071941,0.134247,0.877547,1.68394,0.0491918,1.00733,0.0329018,2.08593,0,0.0231396,1.44917
74.071655329,0.311888,0.462676,0,0.956915,1.89183,0.0707036,0.686488,0.0191879,2.10349,0,0.0768551,1.28091
74.118095238,0.452738,0.865276,0,1.02842,2.0639,0.0586054,0.036752,0.00549208,2.00654,0.0408615,0.1715,1.28451
74.164535147,0.527857,1.22192,0.0105641,1.14583,1.87869,0.0964636,0.00300959,0.00324835,2.2554,0.265787,0.150051,1.14658
74.210975057,0.510473,1.537,0.0444554,1.53278,1.3695,0.183933,0.0817989,0.0110858,2.70256,0.590298,0.0256821,0.573968
74.257414966,0.390534,1.54771,0.00644262,1.66042,1.37324,0.12544,0.00819184,0.0460237,2.9333,0.820408,0.00272659,0.269982
74.303854875,0.267599,1.50848,0.0216419,1.50471,1.4134,0.0937128,0.0205533,0.061894,3.05245,0.948782,0.00266747,0.227841
74.350294785,0.280825,1.32756,0,1.27948,1.11523,0.0552424,0.040578,0.0551316,3.36443,0.894367,0.00239309,0.0940694
74.396734694,0.193484,1.53699,0.0807892,1.3103,0.975837,0.0434303,0.034039,0.0232205,3.55942,0.798457,0.0021615,0.0445164
74.443174603,0.280171,1.789,0.0976712,1.29286,0.68007,0.0151991,0,0.0203203,3.49594,0.820788,0.00121819,0.16547
74.489614512,0.339721,1.80073,0.23399,1.12985,0.0386704,0.0985338,0.0289004,0.0158643,3.4983,0.807952,0.0244643,0.57382
74.536054422,0.301221,1.62003,0.341478,0.964958,0.310324,0.17404,0.0788054,0.0188354,3.46912,0.44785,0.152582,0.833986
74.582494331,0.242318,1.35745,0.552738,1.08681,0.55617,0.199332,0.00555106,0.029449,3.06395,0.874824,0.0676558,0.72127
74.628934240,0.237598,1.35044,0.225045,1.33754,1.23665,0.0315957,0.00577673,0.0594561,2.16617,1.7403,0.0583413,0.223156
74.675374150,0.258249,1.59386,0.172963,1.42062,0.707038,0.0530812,0.0238471,0.0234765,2.06896,1.79036,0.0792801,0.453142
74.721814059,0.355961,1.77518,0.237193,1.34303,0.342693,0.0156716,0.0250847,0.000488545,2.16338,1.66862,0.0652804,0.561318
74.768253968,0.663151,1.96117,0.218656,0.972806,0.975348,0.0224122,0.0100064,0,2.3568,1.18969,0.0638381,0.134617
74.814693878,0.663253,1.90222,0.125803,0.768373,1.16259,0.0548439,0.0156488,0.0183841,2.69041,0.860497,0.0708294,0.0753294
74.861133787,0.562498,1.78844,0.0435178,0.764657,1.21558,0.0194803,0.0466928,0.237134,2.63164,0.672113,0.211653,0.00758357
74.907573696,0.362438,1.92726,0.0191027,0.849497,1.50229,0.022327,0.052746,0.669784,2.0998,0.239817,0.363284,0.000445608
74.954013605,0.400192,1.65235,0.0297574,1.05052,1.22391,0.0393975,0.112818,0.1974,2.51335,0.492943,0.196238,0.000353497
75.000453515,0.463186,1.32997,0.0297133,1.3332,1.02165,0.0253277,0.126514,0,2.90659,0.895642,0.0627933,0.000352999
75.046893424,0.510447,1.02196,0.0169234,1.70564,1.41812,0,0.00204594,0.00237297,2.97876,0.952618,0.0739246,0.0374184
75.093333333,1.22784,0.716609,0.000867534,1.54015,1.58341,0.010143,0.00342351,0.000948925,2.99625,1.00659,0.153446,0.064383
75.139773243,1.9615,0.539971,0.00138915,1.36905,1.44433,0.00422448,0.0167297,0.0132079,2.72567,1.22287,0.119224,0.101587
75.186213152,2.32318,0.205253,0.00208854,1.41971,1.16446,0,0,0.0826661,2.57579,1.23878,0.1606,0.000478756
75.232653061,2.55884,0.0124434,0.001118,1.37792,0.881045,0.327478,0,0.0336035,2.37209,0.821357,0.0600184,0.000346639
75.279092971,1.73455,0.0122579,0.0240452,1.04918,1.06252,0.707731,0,0.0260291,2.41599,0.72448,0.15441,0.232246
75.325532880,0.524657,0.0628312,0.225111,0.669655,1.31907,0.695701,0,0.0341283,2.87092,0.758361,0.148293,0.51066
75.371972789,0.151625,0.0950322,0.166502,0.749421,1.47645,0.410714,0,0.0364766,3.11654,0.973175,0.00590765,0.457827
75.418412698,0.214987,0.198557,0.31991,1.38064,1.22267,0.0424333,0,0.0254117,3.27327,0.898558,0.00160595,0.474068
75.464852608,0.268309,0.364963,0.650501,1.35633,0.962975,0.160025,0,0.0184783,3.31177,0.824389,0.142118,0.504418
75.511292517,0.0448735,0.673139,0.738385,1.37665,0.869509,0.117263,0.000374994,0.0146379,3.26763,0.755553,0.360122,0.516864
75.557732426,0.0832999,0.980778,0.271317,1.47891,1.10094,0.0980387,0.0217331,0.0619904,3.20069,0.915781,0.423112,0.429601
75.604172336,0.368564,1.01162,0.137308,1.49467,1.26292,0.0222202,0.145727,0.0824962,3.06495,0.902266,0.44345,0.251577
75.650612245,0.451217,1.00339,0.163298,1.10111,0.714238,0.0209707,0.533305,0.0976438,3.05797,0.481659,0.5209,0.696023
75.697052154,0.602678,0.778176,0.730971,0.690183,0.0202619,0.0299385,0.695247,0.0908385,3.28265,0.0242112,0.559742,1.10262
75.743492063,0.492542,0.876107,0.695221,0.541026,0.0404647,0.0827494,0.799323,0.0799168,3.31124,0,0.523502,1.21609
75.789931973,0.300917,1.89213,0.0536897,0.642795,0.357081,0.272694,0.557598,0.0669374,3.05121,0.0329747,0.447817,0.829055
75.836371882,0.407076,1.602,0.260451,0.669274,0.293636,0.393386,0.877714,0.0640519,2.79384,0.117395,0.715908,0.216431
75.882811791,0.68694,0.856651,0.270485,0.67049,0.242723,0.202866,1.34397,0.100689,2.49466,0.0524735,1.08821,0.410989
75.929251701,0.437858,0.752017,0.26365,0.701912,0.423644,0.0701394,1.35153,0.144769,2.12333,0,0.746219,1.07966
75.975691610,0.0614055,0.938581,0.16791,0.597549,0.410504,0.0913794,1.20309,0.190749,2.14734,0,0.520297,1.52983
76.022131519,0.0248301,0.956541,0,0.544324,0.513009,0.254791,0.899226,0.420001,2.15548,0,0.891298,1.4654
76.068571429,0.0201195,0.934944,0.0376572,0.72401,0.938876,0.525804,0.600312,0.572188,2.22621,0,1.93847,0.90225
76.115011338,0.0409857,1.4413,0,1.57869,1.42211,0.135551,0.743302,0.119857,1.85982,0,2.307,0.709805
76.161451247,0.151754,0.719789,0.00302405,1.42858,1.63994,0.14526,1.45225,0.0646664,1.50202,0,1.94903,0.939559
76.207891156,0.211001,0.509931,0.00617599,1.26331,1.63646,0.132036,1.51124,0.0947209,0.983866,0,2.09656,0.97062
76.254331066,0.183607,0.654347,0.494788,0.517654,1.29179,0.118411,1.5718,0.0862178,0.628895,0,2.37205,0.8565
76.300770975,0.133854,0.767973,0.580705,0.183518,1.06761,0.119292,1.55163,0.09787,0.595637,0,2.27976,0.456263
76.347210884,0.47566,0.998275,0.174581,0.0161689,1.21802,0.107518,1.48374,0.0707129,0.705079,0,1.97137,0.0877722
76.393650794,1.05024,0.88965,0.010798,0,1.36588,0.150366,1.38468,0.301869,0.716567,0,1.57406,0.0443483
76.440090703,0.386212,0.877258,0.362418,0.0631844,1.23451,0.408583,1.68059,0.479535,0.0737176,0.0381278,1.9794,0.0418486
76.486530612,0.0821851,1.5826,0.821308,0.202654,0.669554,0.333946,1.59865,0.19737,0.112728,0.588266,1.73866,0.0417523
76.532970522,0.295486,1.4567,0.826424,0.373387,0.173721,0.303337,1.48809,0.183056,1.11035,0.7198,1.36074,0.0584252
76.579410431,0.671577,1.21509,0.459061,0.391564,0.105739,0.213774,1.42179,0.17538,1.8233,0.414912,0.938443,0.321519
76.625850340,0.812594,1.27685,0.173506,0.327874,0.00820737,0.0692278,1.46097,0.245828,1.90947,0.11207,0.820201,0.534026
76.672290249,0.941973,1.24691,0,0.26781,0.00713082,0.475634,1.54097,0.105167,1.60351,0.0967968,0.433858,0.700222
76.718730159,0.879671,1.79506,0,0.512074,0.00489875,0.47746,0.90579,0.299448,1.26949,0.110503,0.542937,0.715777
76.765170068,0.692287,1.68475,0,0.50206,0.0176301,0.205054,0.985947,0.353507,1.8022,0,0.73679,0.845856
76.811609977,0.204617,1.50318,0.000541302,0.448839,0.343755,0.0690895,1.26566,0.27893,2.11984,0,0.861165,1.12399
76.858049887,0.168086,1.56511,0.00230693,0.449956,0.356867,0.0255855,1.87562,0.137233,1.96187,0,0.753709,1.51744
76.904489796,0.199216,1.952,0.132132,0.346617,0.0386895,0.024691,2.74166,0.206947,1.57869,0.0087638,0.656916,1.61852
76.950929705,0.36042,2.09278,0.848286,0.0830626,0.0215032,0.000877823,3.25636,0.268968,0.571457,0.0516316,0.65461,1.32589
76.997369615,0,1.74808,0.848549,0.114359,0.026854,0,3.23672,0.153121,0.0170367,0.0555571,1.20187,1.26701
77.043809524,0.0878689,1.27845,0.577736,0.0991842,0.0527697,0.0485447,2.84165,0.26526,0.0281785,0.239469,1.46524,0.758883
77.090249433,0.48193,0.956451,0.50106,0.294759,0.0583782,0.618994,2.19994,0.17182,0.301183,0.306575,0.857417,0.652119
77.136689342,0.664915,1.00362,0.114762,0.533293,0.031601,1.39173,1.10412,0.195509,0.778846,0.643976,0.333795,0.477657
77.183129252,0.529795,1.25595,0.267573,0.668843,0.00945116,2.42774,0.261257,0.00548362,1.06813,0.306792,0.103961,0.231361
77.229569161,0.63283,1.2811,0.321665,0.681506,0.286006,2.67638,0.325163,0.0273277,1.32989,0.0811625,0,0.0803391
77.276009070,0.817773,1.54999,0.430374,0.660783,0.186785,2.52406,0.274128,0.0721191,1.88718,0.0400358,0.00501949,0.0769907
77.322448980,1.10959,1.6364,0.716234,0.44361,0,2.30656,0.147861,0.0729867,2.35159,0,0.0422317,0.377182
77.368888889,1.33462,1.50561,0.950673,0.418797,0.00432016,2.12049,0.132517,0.0152828,2.70445,0,0.00824715,0.612349
77.415328798,0.868335,1.57026,0.781693,0.467732,0.013078,2.13769,0.0821911,0.087285,3.05047,0,0,0.732086
77.461768707,0.921341,1.60384,0.47181,0.575741,0,1.89727,0.0695148,0.0946718,3.32614,0.0264491,0.080363,0.438648
77.508208617,1.30205,1.58485,0.35229,0.644953,0,1.67127,0.0662221,0,3.6248,0.057897,0.105395,0.134051
77.554648526,1.35744,1.47849,0.00100459,0.845601,0,1.6427,0.0751983,0.0418714,3.77738,0.0563684,0.122464,0.0851538
77.601088435,1.4303,1.45775,0.00105894,0.92291,0.102139,1.73528,0.0601604,0.0513105,3.68402,0.00840691,0.0701747,0.183782
77.647528345,1.36571,1.45876,0.00441296,0.864415,0,1.87484,0.0293083,0.0142513,3.49612,0.012466,0.0920621,0.404934
77.693968254,1.30745,1.48578,0.0897969,0.730801,0.00148086,2.06563,0.0218392,0.120483,3.30838,0.0100316,0.0706982,0.466683
77.740408163,1.49325,1.64623,0.189356,0.604732,0,2.4295,0.01,0.267345,2.99143,0.0582609,0.00198935,0.438541
77.786848073,1.83444,1.61282,0.21062,0.421832,0.0206685,2.56988,0.0323907,0.189676,2.34309,0.0229818,0.000442073,0.461197
77.833287982,1.48267,1.51437,0.171645,0.582959,0.104188,2.12504,0.0872802,0.389997,1.7127,0.125383,0.138361,0.526361
77.879727891,0.912802,1.33137,0.136892,0.626352,0.095271,1.76805,0.0596583,0.675625,1.33531,0.222207,0.597807,0.666972
77.926167800,0.519587,1.15331,0.0883675,0.490801,0.0994905,1.72727,0.0418665,0.674088,1.45094,0.278341,0.774625,0.767133
77.972607710,1.46487,1.8868,0.0010076,0.509629,0.0200249,2.06391,0,0.117277,2.31062,0.143112,0.706185,0.628078
78.019047619,1.43899,1.83713,0,0.741984,0.0776153,2.37028,0,0.010304,2.66681,0.096633,0.462348,0.171687
78.065487528,1.30361,1.65347,0,0.747993,0.0981708,1.94774,0.037809,0.182194,2.48277,0.141414,0.139108,0.0736569
78.111927438,1.15691,1.7951,0.0396872,0.937373,0.0703742,1.40946,0.000530296,0.0392829,2.25538,0.159054,0.0156313,0.178275
78.158367347,1.01137,1.89617,0.0657503,1.20254,0.0610687,1.38433,0.025826,0.0558076,2.0281,0.270424,0,0.10239
78.204807256,1.02155,1.81511,0.184984,1.24941,0.0268062,1.35252,0.0395489,0.0688549,1.99831,0.283124,0.00200247,0.00203781
78.251247166,0.954106,1.66132,0.302312,1.34678,0,1.20278,0.0535392,0.0670544,2.38103,0.129779,0.00310566,0.0606396
78.297687075,0.993621,1.69748,0.117543,1.46826,0.00306657,1.13504,0.0599206,0.0439925,2.77589,0.00195497,0.00689936,0.118755
78.344126984,1.22296,1.70544,0.0786176,0.969126,0.000542423,0.841648,0.286413,0.280122,2.20925,0.00829689,0.342873,0.958381
78.390566893,1.21907,1.13945,0.22062,0.252321,0,1.10417,0.323265,0.400148,1.43663,0.000451939,0.668848,1.82551
78.437006803,1.15818,0.813391,0.40038,0.0409849,0,1.35462,0.442019,0.529387,1.15929,0,0.615097,1.92556
78.483446712,1.13988,0.833021,0.280757,0.310452,0,1.86179,0.493254,0.155972,1.14506,0,0.604993,1.71911
78.529886621,1.1435,1.21098,0.0147707,0.229305,0.0918174,1.92686,0.578799,0,1.36126,0,1.44773,1.12775
78.576326531,1.15797,1.17281,0.0184506,0.407029,0.235444,1.632,0.453062,0,1.44992,0.0515979,1.90144,0.79358
78.622766440,1.10425,0.840447,0.0737291,0.869445,0.786048,0.758898,1.20084,0,1.1725,0.0922256,1.53665,1.00838
78.669206349,0.421008,0.466583,0.0701021,0.942612,1.14419,0.248012,1.95584,0.00891295,0.953439,0.269836,0.848604,1.15221
78.715646259,0.0753285,0.458485,0.0911512,0.532617,1.43859,0.201151,1.84617,0.0859857,1.25489,0.0977105,0,1.39792
78.762086168,0.0195397,0.443562,0.119099,0.499504,1.4292,0.126471,1.74405,0.163575,1.14342,0.0333016,0,1.30303
78.808526077,0.0243782,0.632772,0.213467,0.20626,1.39117,0.0284254,1.83921,0.153014,1.157,6.48191e-05,0.0336019,1.3918
78.854965986,0.0666171,0.714775,0.194798,0.0862333,1.29032,0.0412526,1.9004,0.230805,1.15414,0.0494261,0.167112,1.39004
78.901405896,0.119573,0.649429,0.246963,0.174987,1.5489,0.00330334,1.77668,0.186524,1.2815,0.00386292,0.209519,1.50836
78.947845805,0.160439,0.910982,0.168434,0.744762,1.61602,0,1.29256,0.0918365,1.23985,0.0580168,0.123755,1.83294
78.994285714,0.202121,0.744664,0,1.18489,1.46651,0,1.03494,0.000365631,1.64991,0.10383,0.108594,2.12218
79.040725624,0.230223,0.675756,0,1.16427,1.38372,0.170918,0.882173,0.0436807,2.23715,0.0857891,0.0651722,2.10215
79.087165533,0.246386,0.801988,0.00100688,0.913654,1.37606,0.211844,1.18287,0.0578544,2.57589,0,0.0601046,2.08917
79.133605442,0.299392,0.675051,0.207162,0.696562,0.914986,0.16495,1.5207,0.028217,2.68004,0.0641978,0.069398,2.17138
79.180045351,0.333663,0.479452,0.387298,0.783171,0.934435,0.0227678,1.27561,0.0144643,2.30364,0,0.0043075,2.20386
79.226485261,0.24957,0.566938,0.0515784,0.99035,0.861487,0.0304729,1.25618,0.0207498,1.88121,0.012578,0,2.1346
79.272925170,0.239735,1.00772,0.045125,0.992295,0.67855,0.303146,0.927056,0.0718086,1.40661,0,0.074442,2.16441
79.319365079,0.174188,1.11402,0.0563415,0.545352,0.632017,0.612112,0.960849,0.133991,1.26332,0,0.42347,2.08108
79.365804989,0.496005,0.833634,0.0495318,0.267831,0.879728,0.35355,1.10308,0.217679,0.940692,0.0102569,0.844211,1.83469
79.412244898,0.693442,0.460849,0.0185026,0.435316,1.35496,0.0698764,1.46593,0.325739,0.664576,0.071824,1.25404,1.51674
79.458684807,0.208943,0.50403,0.0671524,0.776904,1.72453,0.0356791,1.91263,0.208054,0.643011,0,0.901979,1.76965
79.505124717,0,0.636172,0.210536,0.430217,1.88426,0.0703482,2.33079,0.0594595,1.01023,0,0.312318,1.76075
79.551564626,0,0.833082,0.293273,0.233376,1.83065,0.07609,2.22526,0.0304798,1.48469,0.0613868,0.162655,1.52857
79.598004535,0.0186763,0.701933,0.382539,0.135118,1.19683,0.166501,2.08341,0.118853,1.37404,0.587851,0.0310066,1.48353
79.644444444,0,0.355578,0.401984,0.140346,1.02784,0.0676249,1.76438,0.0505983,1.19101,0.608625,0.103239,1.44551
79.690884354,0.00665446,0.131165,0.456672,0.121684,0.710333,0.0691132,1.65461,0.0232734,1.16091,0.602548,0.18534,1.33385
79.737324263,0.0627011,0.122247,0.992548,0.319081,0.91202,0.0401723,1.76626,0.000952474,1.01804,0.344196,0.156324,1.28587
79.783764172,0.118632,0.540826,1.26394,0.599848,1.04341,0.0346662,1.7751,0,0.777652,0.00405981,0.0792788,1.57453
79.830204082,0.563592,1.15793,1.00211,0.575844,0.855974,0.0252295,1.67322,0.204626,0.820481,0.00328917,0.182902,2.01911
79.876643991,0.866503,1.77488,0.550918,0.617192,0.913669,0.0246617,1.20116,1.21778,0.593984,2.64963e-05,0.2822,2.06444
79.923083900,0.967899,1.80678,0.216629,0.249219,1.13762,0.0434103,1.57283,1.18825,0.534544,0,0.340115,1.93816
79.969523810,0.842427,1.47792,0.000265671,0.126997,1.57119,0.0340694,2.31465,0.590805,0.497195,0.0605723,0.551725,1.6773
80.015963719,0.244061,1.56649,0,0.106166,1.82166,0.133142,2.40696,0.00072078,0.417955,0.188475,0.847028,1.4079
80.062403628,0.199991,2.1153,0,0,2.235,0.158627,1.1928,0.0371553,0.736081,0.613624,0.801592,0.837864
80.108843537,0.239755,2.1984,0,0.129202,2.37261,0.230082,0.168442,0.20899,1.46882,0.785664,0.704974,0.114963
80.155283447,0.19801,1.38616,0,0.660939,2.12055,0.322677,0.013145,0.111472,1.6259,0.802044,0.783035,0.012394
80.201723356,0.0589817,1.3925,0.0583637,0.977384,1.86321,0.195445,0.0154406,0.0333684,1.82363,0.840724,0.14992,0.00890333
80.248163265,0.0335929,0.987117,0.212897,0.796549,1.62788,0.066338,0.0283855,0.0428147,3.07594,0.755726,0.0013598,0.49835
80.294603175,0.0514915,0.896043,0.39743,0.911158,1.38927,0.019266,0.0471944,0.0188762,3.173,0.624391,0.000789682,0.649929
80.341043084,0.144737,1.16777,0.345435,1.04167,1.36822,0.0300298,0.0222308,0,3.09957,0.648631,0,0.75119
80.387482993,0.267904,1.80063,0.196123,0.999283,1.33772,0.0575865,0,0.202491,2.86601,0.738375,0,1.26055
80.433922902,0.172035,2.15994,0.0623215,0.689235,1.36177,0.170919,0,1.03081,1.93575,0.735526,0.302057,1.51564
80.480362812,0.150215,2.17071,0.211532,0.636195,1.0526,0.210203,0,1.37148,1.50892,0.74617,0.740895,1.20198
80.526802721,0.155821,1.89126,0.0472814,1.1241,0.872798,0.0818339,0.0856621,1.24929,1.37962,1.32982,0.722976,0.655941
80.573242630,0.219998,1.65285,0.047615,1.43337,0.832335,0.0338844,0.0940859,0.609824,1.19754,1.60918,1.11311,0.0950355
80.619682540,0.293066,1.26823,0.193463,1.27388,0.53249,0.289127,0.164955,0.223741,0.591756,1.5928,1.28059,0.000171473
80.666122449,0.604287,0.857465,0.346996,1.35703,0.810212,0.391216,0.330095,0.00511725,0.79742,1.3268,1.02972,0.000233269
80.712562358,0.722943,0.789598,0.311346,1.704,1.10786,0.100518,0.210827,0.0042806,1.09548,1.36923,0.871964,0.00022727
80.759002268,0.67486,0.465489,0.0424825,1.98191,1.51452,0.0892801,0.0382249,0.0529991,1.04908,2.44087,0.0898364,0.289068
80.805442177,0.477067,0.474352,0,1.84063,1.54822,0.02551,0.0502633,0.109431,1.40496,2.26277,0.135538,0.389184
80.851882086,0.20635,1.03538,0.211599,1.69202,1.70878,0.0245111,0.0585765,0.166358,1.48798,1.82659,0.174091,0.413484
80.898321995,0.0596909,1.89939,0.386288,1.30834,1.33284,0.0310982,0.0247022,0.0836483,2.03247,1.64127,0.142208,0.333372
80.944761905,0.0592581,2.54658,0.000215516,1.06473,1.22927,0.00554362,0.315478,0.0879983,1.99319,2.01304,0.0522155,0.000307093
80.991201814,0.141673,2.41639,0.00129881,0.728446,1.27426,0.0202656,0.461711,0.0928494,1.40457,2.44685,0.0877264,2.79555e-06
81.037641723,0.0932008,2.05965,0,0.512077,1.35403,0,0.361092,0.00322297,1.97915,2.2358,0.145117,0.0911834
81.084081633,0,1.73198,0,0.580158,1.53279,0,0.203835,0.0200503,2.52818,1.62863,0.114409,0.0363429
81.130521542,0.00135919,1.70571,0,0.951215,1.38932,0.0154993,0.0281664,0.0175619,2.54884,1.59033,0.0971605,0.323611
81.176961451,0.0120128,1.80934,0.0811873,0.977869,1.27266,0,0,0.0371893,2.10232,2.15834,0.0568468,0.16938
81.223401361,0.000860879,2.03489,0.00445971,0.804819,1.30707,0,0.0455538,0.290809,1.34918,3.24401,0.0595967,0
81.269841270,0.243297,2.14978,0.0141941,0.519146,1.7805,0,0.142866,0.301341,0.584809,3.6065,0,0
81.316281179,0.59614,1.88935,0.049614,0.102135,1.89064,0,0.0659916,0.204251,0.587057,3.53557,0.000428856,0.0745645
81.362721088,0.619819,1.5969,0.118902,0.00325857,1.77862,0.102508,0.000535379,0,0.622102,3.37091,0.00989346,0.133001
81.409160998,0.587011,1.33148,0.0817644,0.130994,1.7047,0.161659,0.0473517,0,0.817498,3.0987,0.0715551,0.139902
81.455600907,0.419531,1.03854,0,0.647482,2.00323,0,0.118641,0.0293113,1.37456,2.74283,0.144196,0.0177295
81.502040816,0.20834,0.911459,0,0.93616,1.76438,0,0.0956876,0.0540002,1.98873,2.13961,0.117204,0.0018628
81.548480726,0.0524236,0.793667,0.0114481,0.912247,1.82907,0.011649,0.5024,0.192303,2.12961,1.47785,0.126493,3.97628e-05
81.594920635,0.0455166,0.753353,0.185994,1.06464,1.07898,0.0179842,1.326,0.155518,1.70301,0.700382,0.617532,0.122391
81.641360544,0.0719509,1.04898,0.456996,0.585851,0.318982,0.0308669,1.80286,0.203699,1.23436,0.328866,1.77632,0.342009
81.687800454,0.106544,1.28351,1.00691,0.175068,0.344426,0.0487503,2.27208,0.107299,0.956277,0.131591,1.27868,0.914259
81.734240363,0.177491,1.26942,1.04677,0.17261,0.471753,0.0411367,2.41648,0.10062,1.01034,0.001571,0.522494,1.48093
81.780680272,0.243979,1.25279,0.997112,0.190225,0.382995,0.0244584,2.71233,0.0900372,1.12909,0,0.655387,1.56964
81.827120181,0.277185,1.35665,0.69384,0.373014,0.353918,0.0274465,3.02055,0.0889607,1.57398,0,1.12902,1.04642
81.873560091,0.234497,1.79184,0.355146,0.52577,0.396408,0.0314141,2.81814,0.0937618,2.17833,0,1.17551,0.451322
81.920000000,0.236819,2.17622,0.232473,0.462391,0.407659,0.0491128,2.26934,0.2678,2.10803,0,1.26164,0.209596
81.966439909,0.232996,1.70408,0.177552,0.423237,0.13504,0.0405478,1.96645,0.33868,1.88567,0,1.45716,0.394345
82.012879819,0.32656,1.15198,0.308324,0.311278,0.0799129,0.0265847,1.80321,0.0406808,1.87227,0,1.55286,0.478731
82.059319728,0.43264,1.30673,0.0564863,0.260854,0.374136,0.0321191,1.53505,0.00354592,1.61128,0.0539494,1.52636,0.362225
82.105759637,0.374762,1.72716,0.433541,0.289056,0.445009,0.43473,1.19078,0.284335,1.25923,0.077877,0.9307,0.356261
82.152199546,0.0510284,2.32411,0.459253,0.348317,0.259721,0.0254439,2.27192,0.413879,0.521683,0.132168,1.62106,0.0615335
82.198639456,0,2.60442,0.122667,0.384784,0.0385701,0.00914552,3.57879,0.160431,0.414344,0.0579822,1.92749,0.0120778
82.245079365,0.00108076,1.93238,0.54514,0.87978,0.118634,0.00721253,3.11531,0.141296,0.63428,0.0905113,1.38687,0.569896
82.291519274,0.115525,1.18631,0.965022,1.10786,0.114305,0.211185,2.41948,0.210894,0.726421,0.109231,0.873753,0.948603
82.337959184,0.199827,0.596587,1.10812,1.06237,0.0748233,0.278247,2.13271,0.180468,0.659358,0.051156,1.03728,1.03427
82.384399093,0.292671,1.16864,1.03486,0.864779,0.051635,0.0775755,2.45653,0.181767,0.32882,0,1.47392,1.01235
82.430839002,0.288533,2.01781,0.0338604,0.449432,0.0428163,0.0811371,2.63561,0.177293,0.547004,0.0680455,1.49082,0.589244
82.477278912,0.245226,1.87249,0.0175498,0.328061,0.0581516,0.0726916,2.22044,0.129454,1.36809,0.0816689,1.12464,0.0804759
82.523718821,0.557904,1.37772,0.0125877,0.580634,0.0284097,0.0525788,1.99062,0.0832335,2.29798,0.0573527,1.00518,2.16547e-05
82.570158730,0.670965,1.26408,0,0.656394,0.0146841,0.034814,1.80455,0.0567698,2.71579,0.0549353,1.11429,1.42942e-05
82.616598639,0.70305,1.31747,0.0774555,0.56519,0.0249688,0.0480975,1.57834,0.143243,2.65368,0.0827886,1.09849,0.00916787
82.663038549,0.437418,1.0745,0.47029,0.210279,0.0455386,0.0868924,1.26039,0.32283,2.3916,0.281449,0.810241,0.241592
82.709478458,0.0760698,0.761409,0.610294,0.264649,0.0519772,0.0568474,1.18125,0.404078,1.85049,0.253,0.893662,0.853328
82.755918367,0.0553433,0.858091,0.489277,0.312136,0.0346869,0.022773,1.18999,0.0898991,2.04681,0,0.965551,1.19646
82.802358277,0.233145,0.804125,0.723628,0.41658,0.179572,0.0152968,1.50851,0.106371,2.10225,0,0.95931,1.19253
82.848798186,0.253821,1.02138,0.541298,0.16735,0.04915,0.0100554,1.85639,0.277349,1.64097,0,1.10486,1.2674
82.895238095,0.311494,1.67361,0.548322,0.149409,0.0576629,0.0998221,2.14742,0.107258,0.678407,0,1.19981,1.03783
82.941678005,0.239576,1.94284,0.0591448,0.850512,0.0130166,0.251976,2.54154,0.102128,0.0878896,0.735019,1.42421,0.76598
82.988117914,0.136346,1.83526,0.00625282,0.978786,0,0.33014,2.68334,0.0858547,0.0262943,1.37851,1.29267,0.507626
83.034557823,0.156986,1.72051,0.271628,0.423061,0.162134,0.843278,1.66575,0.2755,0.299198,0.857168,1.10145,0.330456
83.080997732,0.814718,1.42334,0.289774,0.414184,0,1.36038,0.687985,0.165729,1.52176,0.633675,1.19846,0.059391
83.127437642,1.02122,1.22743,0.200276,0.855631,0,1.98205,0.0173108,0.0662328,2.21041,0.229793,0.815257,0.0068284
83.173877551,0.984715,1.45409,0.137068,0.795515,0,1.86982,0.0296007,0.0666664,3.02284,0.0118109,0.00233004,0.0205288
83.220317460,0.934712,1.47021,0.000729875,0.858923,0,1.63445,0.0410391,0.0740829,3.25614,0,0.00233435,0.140303
83.266757370,0.982855,1.591,0,1.18985,0,1.60258,0.0593554,0.0690188,3.34929,0,0.00134127,0.0958509
83.313197279,0.926995,1.72198,0.000482284,1.2519,0,1.74359,0.0439444,0.00232125,3.33144,0,8.89057e-05,0.179229
83.359637188,0.667299,1.78239,0.00270022,1.18205,0.0351234,1.90247,0.0189604,0,3.31129,0.141357,0.0623747,0.15396
83.406077098,0.337188,1.56857,0.00128089,0.998491,0.0867581,1.78974,0.00828878,0.0299182,2.87979,1.00356,0.0824853,0.11313
83.452517007,0.972437,1.29471,0.140951,0.403191,0.0390231,1.67833,0.0225162,0.0539832,2.93538,1.14047,0.0643328,0.121033
83.498956916,1.16639,1.52074,0.00141945,0.47888,0.0481155,1.97348,0.0259748,0.0995793,2.8574,0.933136,0.0680403,0.0103968
83.545396825,1.36953,1.74459,0.000920399,1.02314,0.0894141,2.13219,0.0231644,0.0595515,2.86004,0.413816,0.0561133,0.207627
83.591836735,1.33788,1.80402,0.0470388,1.0638,0.000304973,2.0285,0.0152492,0.418159,2.60113,0.270804,0.0734593,0.428739
83.638276644,1.32734,1.47874,0.291262,0.659946,0,1.9948,0.00174434,1.46148,1.86682,0.251946,0.0250389,0.192741
83.684716553,1.46904,1.47779,0.360915,0.499948,0,1.68594,0.00632169,1.61648,1.60108,0.25409,0.0173059,0.0682961
83.731156463,1.46055,1.53394,0.392517,0.368739,0.0309033,1.52591,0.0502529,1.48772,1.77603,0.00749605,0,0.0208743
83.777596372,1.45471,1.60143,0.304725,0.596504,0.0938014,1.51725,0.331854,0.675054,0.935986,0.344577,0.124023,0.0288314
83.824036281,1.03343,1.43529,0.102225,0.817591,0.149793,1.72808,0.658567,0.220104,0.458461,0.268761,0.234491,0.429146
83.870476190,0.819809,1.63923,0.078611,0.584506,0.169609,1.74664,0.691364,0.225309,0.497985,0,0.275422,0.878903
83.916916100,1.45981,1.71789,0.036534,0.204657,0.169562,1.78855,0.99436,0.227856,0.695398,0,0.318329,0.7624
83.963356009,1.53426,1.52305,0.00290959,0,0.175665,1.89728,0.999544,0.162599,0.790225,0.0551676,0.281812,0.634188
84.009795918,1.08076,1.5614,0.0325479,0.0941454,0.186212,2.43594,0.819421,0.00349322,0.794162,0.132526,0.0282759,0.542625
84.056235828,0.429511,1.94543,0.0488642,0.291349,0.332421,2.86407,0.660979,0.0665735,0.85502,0.347028,0,0.774077
84.102675737,0.0549357,1.61828,0.292666,0.425602,0.858739,2.51112,0.02823,0.108215,1.31771,0.265719,0,1.11333
84.149115646,0.0194548,1.60957,0.354192,0.455824,1.40325,2.54279,0.0385899,0.0647041,1.40616,0.0719628,0,1.03501
84.195555556,0.140024,1.4851,0.207676,0.504812,1.61997,2.33459,0.0534294,0.0576164,1.81602,0,0,0.946722
84.241995465,0.527079,1.44569,0.0931473,0.571412,1.49401,2.38245,0.045423,0.0390238,1.82912,0,0,0.856457
84.288435374,0.724355,1.34482,0.227517,0.350349,0.841863,2.67659,0.0542442,0.00710357,1.73194,0.00196439,0,1.117
84.334875283,1.18902,0.831403,0.417172,0.0435916,0.125938,2.08273,0.66136,0.123303,1.77879,0,0.0722831,1.38219
84.381315193,1.12094,1.03299,0.504306,0.286892,0.118272,1.61359,2.15313,0.0464172,1.46046,0,0.381466,1.11444
84.427755102,0.684998,1.70278,0.187387,0.487691,0.114482,1.34274,2.76481,0.00677005,0.904738,0,0.356888,0.733818
84.474195011,0.467398,1.83146,0.00448383,0.352446,0.309255,0.769288,2.9681,0.00303329,1.0036,0.282303,0.711385,0.155195
84.520634921,0.564492,1.58508,0.00107874,0.309073,0.674503,0.369787,2.57347,0.000235097,0.832422,0.471517,0.643239,0.889561
84.567074830,0.3138,0.894557,0.000426535,0,1.33136,0.302472,2.84883,0.00285689,0.707878,0.385588,0.4835,1.48444
84.613514739,0.172117,0.93668,0,0.076642,1.59288,0.207116,2.79008,0.0379536,0.293553,0.164603,0.418414,1.5941
84.659954649,0.0496922,0.732819,0.260487,0.0271814,1.78527,0.0955381,2.36943,0.0610477,0.631971,0.0319306,0.343943,1.61709
84.706394558,0.0558807,0.668111,0.503729,0,1.90892,0.0178392,1.71097,0.215744,0.769541,0.000549353,0.299116,1.542
84.752834467,0.042135,0.597601,0.790755,0,2.14648,0.0414656,1.17659,0.275356,0.766657,0,0.208684,1.46419
84.799274376,0.0565837,1.18165,0.669139,0,2.18942,0.0390761,0.831904,0.0489547,0.745846,0,0.0682625,1.4133
84.845714286,0.0850964,1.55826,0.3179,0.00768457,2.23535,0,0.668732,0.00489026,0.727548,0.0367196,0.111413,1.67509
84.892154195,0.0837534,1.58918,0.311515,0.0542276,2.2225,5.19503e-05,0.45954,0,1.28672,0.0661897,0.110912,2.30062
84.938594104,0.0786868,1.25903,0.430113,0.190961,2.32042,0,0.577529,0,1.21581,0.10232,0.0930981,2.59632
84.985034014,0.049992,0.880018,0.30853,0.258121,2.16892,0,1.11115,0.0619782,0.679932,0.0106145,0.252292,2.61743
85.031473923,0.100266,1.07252,0.288023,0.166424,1.61783,0,1.32018,0.0387494,0.484374,0.0805575,0.460367,2.51018
85.077913832,0.138756,1.28295,0.35723,0,0.966666,0.0160586,1.57153,0.0139647,0.371891,0,0.52459,2.31525
85.124353741,0.112666,1.40185,0.403868,0.0480145,0.74095,0.177127,1.87053,0.0135349,0.185874,0,0.469041,2.33967
85.170793651,0.0411231,1.5925,0.0609506,0.256513,0.86734,0.0667262,2.30136,0.0315074,0.111609,0.0389867,0.391989,2.31926
85.217233560,0,2.03161,0.135516,0.250791,0.933116,0.405043,2.28255,0.0934362,0.0909606,0.14198,0.352126,2.03902
85.263673469,0,2.17349,0.134818,0.0420205,0.794206,0.58771,2.02783,0.169371,0.0558991,0.102589,0.559037,1.8357
85.310113379,0,1.86352,0.128762,0.0745676,0.796029,0.336857,2.76756,0.146255,0.0240766,0.00418788,0.569104,1.33636
85.356553288,0.0102404,1.59057,0.111356,0.0125636,1.11853,0.0560778,3.10212,0.272169,0,0,0.452115,1.30739
85.402993197,0,1.20716,0.211825,0.0125125,1.18692,0.0940505,2.68229,1.14988,0,0,0.167387,1.69635
85.449433107,0,0.403044,0.906254,0.0060521,1.10707,0.0643321,1.95964,1.67926,0,0,0.0166741,1.69905
85.495873016,0,0.0412742,0.95228,0.0454208,1.10199,0.030018,1.3244,2.32694,0.183586,0,0.11352,1.26593
85.542312925,0,0.40105,0.956925,0.0220526,0.989889,0.018979,0.745036,2.23634,0.728204,0.0132443,0.356261,1.11503
85.588752834,0,0.870208,0.86188,0.0318142,0.771053,0.0269247,0.726189,1.63819,2.24737,0.00911844,0.375494,1.29256
85.635192744,0,0.866718,0.702988,0.234273,0.79982,0.0384824,1.012,0.434221,3.04754,0.0046557,0.147806,1.43855
85.681632653,0,0.726838,0.748912,0.52865,0.948746,0.0503824,0.885305,0.182637,3.36084,0.0093124,0.0305808,1.30492
85.728072562,0.0834111,0.79251,0.840497,0.594727,0.934183,0.0616447,0.304016,0.0568994,3.52301,0.0195797,0.0806498,1.42969
85.774512472,0.355907,1.0478,0.61634,0.537687,1.27403,0.0654369,0,0.0525662,3.34883,0.015444,0.107896,1.33681
85.820952381,0.53982,1.12441,0.299705,0.472673,1.65719,0.0588372,0.00187218,0.0432878,3.11781,0.00963467,0.301505,1.15982
85.867392290,0.544589,0.984027,0.0666365,0.478043,1.94231,0.0835679,0.00245512,0.0627861,3.11614,0,0.398324,0.935948
85.913832200,0.350998,0.863707,7.81265e-06,0.580611,2.08473,0.137133,0.00155145,0.0250871,3.22364,0,0.243271,0.867696
85.960272109,0.320923,0.592636,0.00114638,0.637207,2.14734,0.125958,0.074975,0.0188935,3.17096,0.0334473,0.178278,1.13779
86.006712018,0.384339,0.389025,0.0125979,1.1446,1.49513,0.0952517,0.287253,0.0157578,3.17624,0.11385,0.0705463,1.62098
86.053151927,0.23162,0.324084,0.0772974,1.89787,0.599676,0.235476,0.563572,0.0305855,3.35359,0.0768807,0.0219904,1.909
86.099591837,0.104684,0.291129,0,2.2439,0.143588,0.203582,0.905483,0.080549,3.34878,0.0160282,0.0169005,1.92024
86.146031746,0.0841016,0.450145,0,2.13815,0.0571632,0.181504,1.17482,0.110885,3.23923,0,0.448153,1.85574
86.192471655,0.0711188,0.543179,0,1.90187,0.340434,0.0448756,1.34328,0.105001,3.0392,0,0.663704,1.68861
86.238911565,0.0330098,0.607929,0.0477466,1.72185,0.155549,0.0710985,1.30059,0.0690833,2.93983,0,0.808864,1.99286
86.285351474,0.00053306,0.676461,0.0918796,2.1276,0.00878895,0.0903147,1.3871,0.000811554,2.80764,0,0.75402,2.19873
86.331791383,0.00235366,0.630755,0.107132,2.57785,0.0244048,0.045459,1.3569,0.000280026,2.6859,0,0.648397,2.02987
86.378231293,0.0317176,0.705281,0.0140512,2.67555,0.00147081,0.0254227,0.808601,0.0105578,2.82545,0.00837586,0.492692,1.99122
86.424671202,0.126624,0.613714,0,2.59653,0.0586165,0.0231075,0.804369,0.0164114,3.17073,0.016429,0.164347,1.74251
86.471111111,0.151203,0.489935,0.000624205,2.37481,0.268741,0.0498917,0.751479,0.0627955,3.38839,0,0.044197,1.81685
86.517551020,0.158271,0.358787,0.00429903,2.29734,0.197184,0.0698063,0.813167,0.0440476,3.44949,0,0.0556921,2.08707
86.563990930,0.231209,0.391466,0,2.32792,0.0250206,0.0851325,0.83028,0.0853036,3.48343,0,0.0504566,2.23603
86.610430839,0.0590163,0.573146,0,2.28793,0.0178947,0.159721,0.926044,0.111722,3.38836,0.0490058,0.027544,2.0765
86.656870748,0.0447374,0.478947,0.0654524,2.10387,0.0155641,0.273929,1.15905,0.0516489,3.35705,0.0314456,0.0296076,2.12374
86.703310658,0.00855497,0.324239,0.0319789,1.56908,0.0137869,0.345692,1.19975,0.0900012,3.27619,0,0.00295638,2.01742
86.749750567,0.0361459,0.230509,0,1.57796,0.0919799,0.216367,1.09346,0.072642,3.14182,0,0.260306,1.84244
86.796190476,0.11734,0.0756937,0,2.00608,0.0804098,0.0190039,0.879683,0.0736053,3.19849,0,0.154554,1.89481
86.842630385,0.125387,0.00128342,0,2.36816,0.150334,0.0204211,0.740001,0.0582033,3.28925,0,0.00200776,2.23196
86.889070295,0.227533,0.141032,0.000738831,2.3502,0.18724,0,0.941256,0.0330917,3.21176,0,0.114274,2.16526
86.935510204,0.279091,0.648353,0.00165138,2.31869,0.12609,0.0319332,0.891912,0.0392879,3.11412,0,0.275963,2.28325
86.981950113,0.26149,1.21121,0.00248209,2.29615,0.124139,0.214431,0.51614,0.0483784,2.81456,0,0.0190663,2.72163
87.028390023,0.191094,1.27155,0.0022057,2.53218,0.104839,0.197956,0.736775,0.304727,2.26926,0,0.124366,3.08856
87.074829932,0.0274678,1.15616,0.0011609,2.67641,0.14271,0.192122,1.30979,0.0906383,1.25814,0,0.186828,3.20345
87.121269841,0.0264176,1.03881,0.0017354,2.58939,0.164175,0,1.86392,0.0363092,0.986129,0,0.675226,2.79494
87.167709751,0.0651211,0.995873,0.00135383,2.70887,0.193998,0,2.13868,0.0466734,1.00682,0,1.07488,2.06225
87.214149660,0.0396723,1.03081,0.00251231,2.89535,0.183164,0,2.11374,0.185922,1.05492,0,1.23452,2.10474
87.260589569,0.0411328,1.01196,0.00118613,2.84992,0.173736,0.00592427,1.95476,0.436523,0.977271,0,0.974841,2.35833
87.307029478,0.100316,0.953042,0.132893,2.78093,0.150488,0.0483984,1.65411,0.550348,0.575916,0.0182928,0.643511,2.74245
87.353469388,0.0435537,1.01946,0.170575,2.43115,0.104384,0.0528828,1.51721,0.4847,0.189502,0.0522049,1.15648,2.73221
87.399909297,0.029831,1.46002,0.0861528,0.78856,0.0312548,0.996132,0.605127,0.902986,0.183693,0.0451787,1.75807,2.2998
87.446349206,0.0457986,0.555057,0.338004,0.424114,0.00895597,1.70832,0.666271,0.862597,0.294591,0.0586332,1.7239,1.18012
87.492789116,0.858228,0.370943,0,0.37024,0.00136517,1.95923,0.838296,0.541768,0.199139,0.136293,1.57821,0.635208
87.539229025,0.805842,1.65977,0,0.244642,0.0689755,1.71216,1.51602,0.0945982,0.103959,0.160689,1.77382,0.669776
87.585668934,0.321678,2.1117,0,0.0696622,0.0590847,0.944201,2.81074,0.0964676,0.0124491,0.181838,1.89914,0.230045
87.632108844,0.517604,2.21444,0,0.0239051,0.0693147,0.387329,3.20905,0.0897711,0,0.162286,0.992716,0.796491
87.678548753,0.661495,2.24612,0,0,0.115095,0.02161,3.17374,0.0763405,0.141964,0.0389109,1.03295,0.978492
87.724988662,0.657133,2.33933,0,0,0.147953,0.640064,2.2667,0.0904566,0.705301,0.0768207,1.28903,0.961338
87.771428571,0.00970094,3.16648,0,0,0.822526,0.80521,1.28716,0.111818,0.9708,0.367866,1.63098,0.311227
87.817868481,0,3.14025,0,0,2.0345,0.512351,0.916264,0.115256,1.19559,0.126858,1.25442,0.498843
87.864308390,0,1.73339,0,0,2.58446,0.218042,0.96335,0.103365,1.28539,0,1.23349,1.01467
87.910748299,0,1.41434,0,0,3.22441,0.00912682,0.814526,0.0990933,1.26439,3.64876e-05,1.39497,0.962713
87.957188209,0.11913,1.29518,0.012604,0.460474,3.19568,0.0138378,1.01776,0.465227,1.03232,0,1.60012,0.878158
88.003628118,0.152508,1.19199,0,2.17293,1.85948,0,1.07213,0.684136,0.553408,0,1.87283,0.663731
88.050068027,0.157694,1.13818,0,3.2403,0.668149,0,0.973371,0.676813,0.484273,0.000275991,1.94497,0.176596
88.096507937,0.180876,1.23082,0.00314618,3.6153,0.0545625,0,0.865687,0.632125,0.814479,0.0394648,2.19049,0.0542329
88.142947846,0.161723,1.1095,0.0134661,3.54665,0.0686875,0.0155862,0.77286,0.558764,1.00713,0.0443305,2.14327,0.422075
88.189387755,0.0992081,1.10021,0.00671299,3.44787,0.0791636,0.214802,0.460102,0.496031,1.04894,0.0374565,2.06103,0.655506
88.235827664,0,1.16546,0.0585065,3.40045,0.0761686,0.246396,0.120194,0.416074,0.952764,0.00652283,1.86809,0.714162
88.282267574,0,0.954552,0.0740338,3.54263,0.0724783,0.124421,0.695832,0.349886,0.823004,0,1.67486,0.70277
88.328707483,0,0.803311,0.0151455,3.70809,0.0708067,0.00713535,1.08612,0.340369,0.867969,0,1.61079,0.709418
88.375147392,0,0.770736,0,3.79453,0.0408588,0.0198994,1.34887,0.269456,0.882606,0.000814209,1.46627,0.173577
88.421587302,0,0.961066,0,3.78585,0.00188534,0.0380742,1.44608,0.293743,0.785235,0.00135996,1.20959,0.0305713
88.468027211,0,1.18212,0,3.78217,0,0.052063,1.58109,0.377047,0.493218,0.00169192,1.0142,0.00532926
88.514467120,0,1.58693,0,3.55928,0.289117,0.0278469,1.44533,0.444273,0.469802,0.00153623,1.11315,0.000132109
88.560907029,0.0204127,2.11391,0,2.54246,1.41863,0.0122384,0.787983,0.416451,0.537686,0.000308354,1.40555,0.000222177
88.607346939,0.0443094,2.18486,0,1.57953,1.72174,0.0216916,0.570018,0.154181,0.654338,0.013804,1.59756,0.0282024
88.653786848,0.0182234,2.17032,0.049144,0.92734,1.9515,0.00745167,0.990667,0.187353,0.419495,0.0105263,1.89323,0.0710238
88.700226757,0.0335749,1.78675,0.179328,1.12914,1.94166,0.0137119,1.68415,0.0726128,0.446571,0.050849,1.93669,0.0472634
88.746666667,0.0520035,1.42005,0.102953,1.21145,1.60477,0.0617722,1.42764,0.370573,0.699038,0.0354288,1.74083,0.00053772
88.793106576,0,1.35537,0.0100805,1.42828,1.31982,0.0189279,1.32626,0.51136,0.738509,0.00225673,1.73374,0.000523259
88.839546485,0.0816996,1.25856,0.270689,1.93559,0.736608,0.024216,1.59231,0.512041,0.688763,0,1.94362,0.0110747
88.885986395,0.14234,1.66638,0.554706,2.25562,0.237803,0.0752066,1.57978,0.336188,0.905462,0,1.72245,0.102888
88.932426304,0.136171,2.49039,0.613229,1.19112,0.11369,0.117613,1.68924,0.296312,1.37078,0.178646,0.99091,0.121165
88.978866213,0.111286,2.97708,0.314735,0.144193,0.976664,0.637187,1.14925,0.355079,1.89407,0.136095,0.246224,0.170986
89.025306122,0.000105462,3.71533,0,0.187348,1.70178,0.922691,0.160754,0.287254,2.2858,0.120089,0.0397125,0.167397
89.071746032,0.0184592,3.91518,0,0.200229,1.96581,0.806389,0.0431009,0.122461,2.35104,0.0695904,0,0.148343
89.118185941,0.0741552,3.99684,0,0.20046,1.95649,0.696633,0.0346736,0.0827469,2.42403,0.031235,0,0.0844574
89.164625850,0.152429,4.05767,0,0.201668,1.90355,0.678458,0.0474729,0.0794988,2.47506,0.00146965,0,0.0479939
89.211065760,0.169638,4.05398,0,0.200579,1.88853,0.825212,0.0680312,0.0574251,2.48346,0.00136232,0,0.0428808
89.257505669,0.159968,4.07344,0,0.193591,1.99863,0.955577,0.0539263,0.0380271,2.40002,0.00161007,0,0.0220831
89.303945578,0.349651,4.0432,0.0193333,0.186423,2.05121,0.9333,0.0328844,0.0121597,2.44157,0.000952387,0,0.000184654
89.350385488,0.726456,4.01195,0.0697105,0.185012,2.03204,0.764994,0.0246026,0.0153031,2.45848,0,0,0.0516088
89.396825397,0.734115,4.08301,0.0856944,0.141367,1.99274,0.65654,0.0215894,0.0246911,2.21715,0,0,0.166311
89.443265306,0.399102,4.18316,0.000745348,0.163749,1.94754,0.402492,0.0100721,0.0277269,2.26257,0.0472809,0,0.154083
89.489705215,0.223088,4.2607,0.0016576,0.173782,1.91992,0.430438,0,0.0281857,2.20758,0,0,0.0134462
89.536145125,0.155036,4.26177,0.00251537,0.189248,1.68393,0.505708,0,0.0415089,2.24913,0.000492392,0.116535,0.0124341
89.582585034,0.12695,4.25688,0.00231141,0.188297,1.50063,0.582876,0,0.0447789,2.2372,0.000999373,0.194201,0.0585665
89.629024943,0.123936,4.28924,0.00125786,0.173094,1.50144,0.531388,0.000341812,0.031694,2.28963,0.00140123,0.232766,0.0819379
89.675464853,0.19139,4.19588,0.000281839,0.169718,1.5719,0.466022,0,0.0276761,2.36254,0.00189894,0.164771,0.180097
89.721904762,0.252432,4.03378,0.0125758,0.156862,1.49255,0.725868,0,0.00593832,2.53414,0.000857116,0,0.505703
89.768344671,0.160181,4.08149,0,0.155214,1.48463,0.766041,0.0144874,0.00906487,2.28768,0.0497722,0,0.658179
89.814784580,0.123113,4.14255,8.2314e-05,0.149742,1.39075,0.619526,0.0567265,0.00847381,2.24143,0.104736,0,0.613128
89.861224490,0.0936986,4.29865,0.00131473,0.107482,1.16254,0.565183,0.0841015,0.0148503,2.22189,0.161994,0,0.467979
89.907664399,0.0687053,4.33426,0.126346,0.0377933,0.998396,0.700585,0.0968796,0.0208886,2.20733,0.154432,0,0.443527
89.954104308,0.101309,4.133,0.477692,0,0.718794,0.822762,0.0972322,0.0207654,1.99319,0.501771,0,0.59839
90.000544218,0.162082,3.75487,0.518676,0,0.454582,0.775835,0.0680999,0.020718,1.71887,0.690384,0,0.882989
90.046984127,0.126386,3.51143,0.188331,0.061661,0.663274,0.690328,0.275295,0.0377404,1.62322,0.389738,0,1.04578
90.093424036,0.0994139,3.22208,0.166419,0.0919611,0.492323,0.498922,1.13462,0.0159903,1.4205,0.0797626,0.174788,0.925423
90.139863946,0.112848,3.02831,0.0508818,0.120854,0.364195,0.55164,1.6784,0.0025971,1.47872,0.119982,0.413223,1.0401
90.186303855,0.187113,2.9182,0.00224424,0.151932,0.415625,0.897981,1.43945,0.000586128,1.76763,0,0.479392,1.1608
90.232743764,0.177596,2.84861,0.00457945,0.12895,0.524895,1.64065,0.942689,0.000792801,1.98879,0.000720605,0.439706,1.10245
90.279183673,0.244081,2.94567,0.0122695,0.0734917,0.166226,2.23158,0.512044,0,1.94469,0.137414,0.229326,1.28951
90.325623583,0.402157,2.95721,0,0.082985,0.327496,2.63696,0.325389,0.0423194,1.95074,0.159555,0.316308,1.161
90.372063492,0.230868,2.87693,0,0.0751274,0.184806,2.47666,0.837628,0.203477,1.98895,0.3365,0.38091,1.10346
90.418503401,0.10438,2.95857,0.104972,0.23335,0.172535,1.16328,0.764104,1.43559,1.43234,0.704824,0.397658,0.954136
90.464943311,0.12629,2.97159,0.301046,0.393416,0.737213,0.265577,0.0997615,1.90334,0.878961,0.909543,0.344085,0.688808
90.511383220,0.195453,2.94477,0.184615,0.139361,1.00775,0.252268,0.0179183,1.48633,1.06365,1.42217,0.434193,0.592406
90.557823129,0.176183,2.86161,0.00126525,0.139095,0.784835,0.50437,0.279246,0.742938,1.43938,1.91775,0.310811,0.611564
90.604263039,0.192421,2.88119,0.000754536,0.131694,0.636472,0.613313,0.561868,0.175405,1.40452,1.84433,0.0121083,0.553995
90.650702948,0.254154,3.04759,0,0.138645,0.576965,0.69245,0.375668,0.131855,1.49926,1.68207,0.0131178,0.576394
90.697142857,0.171474,3.21132,0.00494726,0.13565,0.481829,0.79407,0.150324,0.0525778,1.8054,1.61413,0.0483076,0.778275
90.743582766,0.169906,3.33665,0.00298374,0.12711,0.475382,0.861684,0.0115218,0.0487049,1.95086,1.60911,0.148798,1.01558
90.790022676,0.211765,3.4071,0.00144015,0.140858,0.768781,0.586572,0.00459258,0.0344304,1.95294,1.6301,0.369286,0.828868
90.836462585,0.215981,3.23577,0.0703799,0.158067,1.28422,0.160757,0.00139677,0.0227617,1.96349,1.51873,0.802209,0.353205
90.882902494,0.188729,3.00746,0.042414,0.171161,1.44615,0.250024,0,0.0251777,2.11443,1.4959,0.602791,0.31307
90.929342404,0.131186,3.06281,0.000919878,0.182456,1.59806,0.586777,0,0.044785,2.21202,1.56119,0.142181,0.396317
90.975782313,0.067496,3.1909,0.000783194,0.168624,1.5783,0.609936,0,0.0692174,2.11301,1.48355,0.251342,0.228675
91.022222222,0.0319466,3.05354,0.000991239,0.277305,1.21787,0.497766,0.0848344,0.0554629,1.53902,1.32024,0.575321,0.055318
91.068662132,0.000260754,2.97952,0.00143531,0.584126,0.877811,0.538462,0.106396,0.0168436,1.72554,1.30449,0.54822,0.0290826
91.115102041,0.487615,2.45193,0.0608436,0.521624,0.717673,0.615108,0.0896482,0.208128,2.18439,0.925356,0.65496,0.0819873
91.161541950,0.604285,1.93086,0.230763,0.454973,0.404854,0.427932,0.302612,0.684178,1.77051,0.544209,0.918459,0.751095
91.207981859,0.631796,1.61781,0.294109,0.183815,0.117856,0.311244,0.658073,0.769708,1.38197,0.589334,1.17709,1.20351
91.254421769,0.786382,1.47349,0.246667,0.0324067,0.143576,0.31788,0.706212,0.422445,1.28027,0.73679,1.03171,1.48291
91.300861678,0.414423,1.6465,0.169777,0,0.0407974,1.31245,0.604288,0.0169071,1.72802,1.42732,0.3508,1.83974
91.347301587,0.0582997,1.71831,0.0354642,0,0.210468,1.49484,0.880605,0.0573601,1.62681,1.62138,0.354872,2.05234
91.393741497,0.0394685,1.67648,0.0757042,0.0237436,0.816506,1.01581,1.11247,0.128931,1.4684,1.28461,0.539718,1.71046
91.440181406,0.0224151,1.81035,0.0943096,0.123607,1.09789,0.436829,1.16944,0.296756,1.30953,1.21109,0.630357,1.38228
91.486621315,0.0497291,1.95193,0.0699859,0.140384,1.15853,0.147134,0.954464,0.36642,1.36132,1.31297,0.420543,1.48421
91.533061224,0.183609,1.86685,0,0.312559,1.10454,0.0563614,0.458519,0.209378,2.02132,0.963459,0.0865862,1.97036
91.579501134,0.220372,1.62473,0.292619,0.703937,1.03381,0.00174543,0.306778,0.451359,2.51945,0.536789,0.067136,1.75672
91.625941043,0.147065,1.35787,0.57663,0.584675,0.965521,0.0102827,0.178018,0.619622,2.63485,0.505054,0.0807852,1.74281
91.672380952,0.146024,0.940545,0.676453,0.650778,0.660493,0.051789,0.170026,0.537447,2.63735,0.702881,0.0932543,1.85354
91.718820862,1.02903,0.536805,0.377951,0.520737,0.00768256,1.37991,0.247619,0.0342357,2.59771,1.03949,0.0891605,1.913
91.765260771,1.45572,0.000529272,0.00236247,0.45922,0.443405,2.04541,0.538921,0.00210208,2.38536,1.23383,0.0555777,1.10481
91.811700680,1.35947,0.0153857,0.0497931,0.53572,0.572673,2.00571,0.359896,0.0355959,2.20064,1.09108,0.0654634,0.778365
91.858140590,1.29225,0.191679,0.053835,0.663038,0.731681,1.7511,0.445466,0.00776736,2.17025,0.885726,0,0.858316
91.904580499,0.91745,0.657802,0.0372399,1.38731,0.20713,1.12287,0.901496,0.107684,2.05985,0.790211,0.35259,1.62086
91.951020408,0.313171,1.16293,0.0135194,1.76851,0.00232345,0.423389,2.14667,0.320776,1.86701,0.675964,0.655413,1.88351
91.997460317,0.337442,1.52666,0.007686,2.07637,0.0161846,0.190598,2.22524,0.264151,1.76465,0.170125,0.215055,2.35094
92.043900227,0.302792,1.52826,0.0270431,2.13693,0.0240933,0.928872,2.05064,0.0798759,1.40112,0.0113343,0.062651,2.1701
92.090340136,0.690148,1.09419,0,1.85578,0.0350639,1.4054,1.80438,0.071349,1.13158,0.136662,0.0568855,1.77536
92.136780045,0.919878,0.859048,0,1.47364,0.131522,1.31786,1.2961,0.0756604,1.6758,0.113012,0.152572,1.36198
92.183219955,0.719284,1.08454,0,1.62191,0,0.873866,1.10644,0.00601195,1.91694,0.02834,0.155603,1.51466
92.229659864,0.404172,1.1918,0.0127769,2.10269,0,0.289778,1.33415,0.0555954,2.09111,0,0.197024,1.75369
92.276099773,0.303393,1.72809,0.0506123,2.62107,0.010873,0.176554,0.516923,0.465419,2.07721,0.0616846,0.252092,1.88125
92.322539683,0.296889,2.27621,0.210958,2.69043,0,0.164504,0.075137,1.44136,1.48528,0.0954938,0.359976,1.95423
92.368979592,0.0846246,2.54586,0.2449,2.29765,0.0225702,0.198244,0.10994,1.66226,1.32696,0.0831375,0.415316,1.77932
92.415419501,0.0893614,2.31971,0.210411,1.78091,0.0216936,0.77125,0.728055,0.952782,1.89753,0,0.411526,1.49684
92.461859410,0.219371,1.71891,0.131024,1.55594,0.257583,1.00267,1.11976,0.406828,2.12679,0,0.497386,1.53445
92.508299320,0.138294,1.34681,0.0246976,1.24588,0.589166,0.900938,1.2761,0.269409,2.26466,0,0.59128,1.92899
92.554739229,0.172957,1.08443,0,1.44231,0.580025,0.531491,1.40966,0.277979,2.18149,0.00386778,0.563835,2.25001
92.601179138,0.188041,0.728031,0.0521413,1.50366,0.346109,0.0527136,1.54542,0.255086,1.80268,0.00722162,1.1688,1.70325
92.647619048,0.214302,0.568288,0.051133,1.15024,0.0110035,0.137817,1.62213,0.0838157,1.32082,0.0360188,1.58154,1.7177
92.694058957,0.518369,0.526984,0.00114152,1.02612,0.005395,0.0811872,2.12761,0,0.885583,0.0763773,1.21011,1.87489
92.740498866,0.387199,0.485206,0.0281736,1.1167,0.00393324,0.0214542,1.8995,0.503085,0.552658,0.072387,0.874837,2.71461
92.786938776,0.393756,0.403221,0.0178237,0.93238,0.0632751,0.070035,2.62189,0.589898,0.460833,0.00830143,0.206804,3.41054
92.833378685,0.788577,0.415595,0,0.751152,0.197671,0.124785,2.89466,0,0.581459,0.07214,0.0902353,3.43622
92.879818594,0.993872,0.477262,0,0.69066,0.597597,0.362455,2.61521,0,0.867421,0.391978,0.0910262,2.94199
92.926258503,0.696607,0.675584,0.00102242,0.723125,1.12193,0.230551,1.73585,0,1.06705,0.340458,0.0722737,3.00002
92.972698413,0.431695,0.758907,0.100741,0.836173,1.2406,0.132582,0.977686,0.0203222,1.19633,0.0493464,0.0752512,2.94163
93.019138322,0.692192,0.501698,0.0959648,0.437873,0.893061,0.122159,0.474355,0.0624912,1.37506,0,0.12545,2.90281
93.065578231,0.586643,0.123358,0.211523,0.488587,0.79914,0.191332,0.456925,0,1.63379,0.011532,0.129179,2.8255
93.112018141,0.201611,0.21847,0.383592,0.524744,0.95549,0.227234,0.957667,0.010757,1.85906,0.0119045,0.110585,2.58609
93.158458050,0.46312,0.579283,0.318918,0.785721,0.922473,0.138149,1.2885,0,1.84769,0.084499,0.0844433,2.42402
93.204897959,0.549244,0.740045,0.365517,0.80067,0.385966,0.184966,1.24191,0.00059482,1.98231,0.944257,0.0818507,2.12733
93.251337868,0.489479,0.810105,0.287348,0.832996,0.567295,0.346228,0.880444,0.00707584,2.12931,1.16191,0.0282886,2.0095
93.297777778,0.306347,1.10422,0.154477,0.814475,1.0423,0.123758,0.73641,0.0107755,2.45026,1.28591,0.0702027,2.07245
93.344217687,0.179862,1.1213,0.42736,0.813651,1.22513,0.0686736,0.488261,0.00347567,1.89132,1.14761,0.0520199,2.03612
93.390657596,0.0450622,1.53222,1.53312,0.5457,0.632859,0.233981,0.624226,0.523624,0.673862,1.19446,0.288097,1.87522
93.437097506,0.0016351,1.74461,1.73762,0.205951,0.0800757,0.233859,0.924519,0.484853,0.0608409,0.985976,1.21986,1.49632
93.483537415,0.102239,1.49253,1.50806,0.0216412,0.147445,0.184578,2.12644,0.0991319,0.0579933,0.680901,1.42365,1.24048
93.529977324,0.183245,1.84471,0.608211,0.0995534,0.15275,0.0530458,3.27547,0.0681104,0.0607274,0.748761,1.4439,0.962009
93.576417234,0.24171,2.18476,0,0.165986,0.0747423,0.0224181,3.44208,0.0960449,0.639576,0.292368,1.48383,0.614151
93.622857143,0.303472,2.40882,0,0.169098,0,0.0169524,2.65403,0.134075,1.3116,0.0826258,1.58145,0.526178
93.669297052,0.330297,2.78722,0,0.295731,0.175529,0.472488,1.93779,0.108515,1.42099,0,1.24817,0.488401
93.715736961,0.340203,2.74275,0.0129106,0.28485,0.283405,0.455098,1.88605,0.0866614,1.38507,0.25543,0.986621,0.513439
93.762176871,0.354775,2.38249,0.177499,0.273602,0.276272,0.63461,2.17868,0.0727882,1.25768,0.65687,0.234214,0.523282
93.808616780,0.366312,2.29186,0.176968,0.186612,0.0897217,0.411449,2.70923,0.0541283,0.895835,0.622308,0.317052,0.500674
93.855056689,0.352616,2.30073,0.0479347,0.209808,0.0897649,0.0441977,3.02955,0.0488201,0.68273,0.143427,1.09213,0.50167
93.901496599,0.233303,2.1872,0.0396948,0.214785,0.262409,0.00214008,2.85852,0.0643737,1.09424,0.0834115,1.14982,0.607385
93.947936508,0.139187,1.90117,0,0.164225,0.703402,0.205185,2.49409,0.0726699,1.59144,0.0157772,1.2599,0.639535
93.994376417,0.0981105,1.72498,0.190501,0.0976646,1.14952,0.564334,1.65415,0.0871791,1.61838,0,1.15879,1.03823
94.040816327,0.120556,1.311,0.742814,0,1.40306,0.558033,1.40934,0.106685,1.58074,0,1.15407,0.856612
94.087256236,0.209277,0.797248,1.08895,0,1.24444,0.54396,1.50467,0.181903,1.4877,0.0430759,0.861216,0.735893
94.133696145,0.578718,0.610192,1.29298,0,0.438122,0.386641,1.68403,0.357899,1.18987,0.15503,0.356881,1.0483
94.180136054,0.560064,0.725451,0.852702,0.228765,0.0288402,0.780782,1.70396,0.494291,1.04482,0.172803,0,1.65274
94.226575964,0.615006,1.28016,0.312072,0.422608,0.387789,0.64282,1.60362,0.32691,1.08421,0.190356,0.0318811,1.79218
94.273015873,0.518848,2.18495,0.0196871,0.153329,1.09682,0.281666,1.53008,0.179596,1.20693,0.203619,0.0311707,1.7005
94.319455782,0.025727,2.74939,0.00162323,0.164593,1.2021,0.1889,1.40208,0.319054,1.46694,0.35608,0,1.49665
94.365895692,0.224845,2.77307,0.00190994,0.14722,0.611806,0.181761,1.57453,0.23032,1.80851,0.298394,0,1.37663
94.412335601,0.220971,2.78475,0,0.0939196,0.402004,0.396818,1.76977,0.1378,2.00979,0.185393,0.000520384,1.4369
94.458775510,0.619352,2.73466,0,0.129893,0.511186,0.470264,1.87611,0.0542963,1.97236,0.0399593,0.235566,1.21903
94.505215420,0.989702,2.79682,0,0.157358,0.294703,0.468168,1.98964,0.0651997,1.95053,0,0.504274,0.912343
94.551655329,1.1403,2.76246,0,0.167557,0.0969269,0.350705,1.79098,0.0869735,2.15642,0,0.754781,0.927702
94.598095238,1.14394,2.42419,0,0.44488,0.113449,0.179349,1.56665,0.0850155,2.30156,0,0.904095,1.1338
94.644535147,0.858724,2.19892,0,0.363446,0.31677,0.0205178,1.36633,0.0747359,2.49115,0,0.904487,1.56658
94.690975057,0.322378,1.32255,0,0.531293,0.431889,0.0257437,1.77157,0.0777557,2.56476,0,0.918995,1.90249
94.737414966,0.633757,0.915185,0,0.615448,0.335322,0.0191554,1.80685,0.127243,2.58194,0,0.928292,1.92022
94.783854875,0.622314,0.852119,0.024867,0.74619,0.352826,0.00306557,1.66675,0.107816,2.49633,0,0.808907,2.0689
94.830294785,0.385153,0.774798,0.0186943,0.141483,1.49089,0.271013,1.21966,0,2.73492,0.157551,0.78523,2.28
94.876734694,0.212838,1.73585,0.274194,0.106357,2.48711,0.418032,0.476836,0.000172069,2.66067,0.0918876,0.879554,1.8644
94.923174603,0.0952492,2.28877,0.0105522,0.170039,2.79904,0.387181,0.348655,0.169495,2.66198,0.128949,0.546156,1.22579
94.969614512,0.26845,2.3196,0,0.405965,2.69712,0.412454,0.187239,0.240636,2.76312,0.0876407,0.0129789,0.839679
95.016054422,0.363459,2.65113,0,0.434114,2.59637,0.491207,0.0442899,0.0913786,2.71225,0.0404208,0,0.677258
95.062494331,0.240713,3.36383,0,0.384438,2.52223,0.656305,0.0386509,0.071084,2.56027,0.0609559,0,0.46666
95.108934240,0.112801,3.63394,0,0.386288,2.6047,0.675663,0.0561471,0.0672399,2.41718,0.0113866,0,0.360058
95.155374150,0.176515,3.4182,0.0138469,0.525728,2.49987,0.647111,0.111712,0.000188827,2.02275,0.506292,0.000890485,0.441035
95.201814059,0.203679,2.93482,0.221167,0.358728,2.48123,0.616656,0.418835,0.0211516,1.93306,0.42758,0.0103756,0.543165
95.248253968,0.478262,2.52958,0.185005,0.167896,2.27897,0.88675,0.263354,0.0178654,1.74222,0.300535,0.0939821,0.619779
95.294693878,0.56829,2.54929,0,0.22368,2.08941,1.02411,0.0636384,0.0153148,2.13816,0.112616,0.0880943,0.525998
95.341133787,0.491918,3.069,0,0.193866,1.98993,0.64673,0.0134144,0.0434934,2.07921,0.103854,0.0234931,0.68613
95.387573696,0.329102,3.39638,0.000137139,0.125371,2.46325,0.295717,0.0300965,0.138651,2.17466,0.0266,0.0190223,1.23946
95.434013605,0.130684,3.3557,0.0411235,0.0161685,2.99673,0.00257366,0.0359787,0.235375,2.01312,0.00273131,0.00192821,1.32731
95.480453515,0.133206,3.16448,0.0717618,0,3.00414,0.217723,0.0547656,0.222868,2.02941,0.000510673,3.41234e-05,0.950977
95.526893424,0.183106,2.89732,0.0923177,0.0907328,2.83494,0.235961,0.056613,0.179704,1.99093,0.0704077,0,0.343492
95.573333333,0.320471,1.75861,0.623155,0.438029,1.99707,0.040192,0.302855,0.13629,1.70979,0,0.290069,0.901569
95.619773243,0.271945,0.627192,0.61558,0.664201,1.09384,0.0270367,0.659361,0.365007,1.90579,0.037477,0.71344,1.13746
95.666213152,0.256323,0.710916,0.396999,0.717556,0.804111,0.0130022,0.688449,0.305001,1.73593,0.111174,0.705205,1.61273
95.712653061,0.13884,1.86702,0.0376278,0.731218,0.852118,0.057927,0.618473,0.0491825,1.7068,0.122,0.482695,1.81271
95.759092971,0.225267,2.02012,0,0.673434,0.838501,0.077979,1.29795,0.12968,1.48076,0.111481,0.175931,2.0083
95.805532880,0.143909,2.13581,0.00151138,0.00190927,1.06309,0.102625,1.68804,0.0702399,1.21599,0.0432518,0.158561,2.19277
95.851972789,0.06203,2.2822,0.0133562,0.00384212,0.905622,0.497637,1.92627,0,1.27497,0,0.0207502,2.21089
95.898412698,0.000570905,2.49914,0.0265262,0,0.534729,1.04771,1.88904,0,1.43331,0,0.0035984,2.17134
95.944852608,0.031315,2.69606,0.0905313,0,0.608911,1.53287,1.7538,0,1.38051,0,0.00378553,2.13782
95.991292517,0.383528,2.3411,0.137376,0.0829218,0.965795,1.16617,2.30074,0,0.961183,0,0.291436,1.75315
96.037732426,0.651184,2.05633,0.112287,0.0643737,1.0866,0.382862,2.6112,0.0354981,0.760635,0.0756661,0.505726,1.08483
96.084172336,0.702035,2.1191,0.00367199,0.0135136,1.00041,0.460488,2.63914,0.0154693,0.869066,0,0.29518,0.98081
96.130612245,0.674228,2.07664,0.011097,0.0270447,0.443926,1.57979,2.00992,0.00867249,1.2385,0.0489643,0.00361845,1.20833
96.177052154,0.630863,2.07084,0.00736572,0.136514,0.55495,2.43125,0.887394,0,1.4565,0.0716774,0.0239279,1.33056
96.223492063,0.718908,1.76827,0.0473802,0.0202989,1.20121,2.09569,0.0271549,0,1.81066,0.106636,0.0491033,1.38713
96.269931973,0.203731,1.32447,0.000648202,0.0961122,1.64665,1.36705,0.194547,0.0174338,2.08498,0.280992,0.0405202,1.15459
96.316371882,0.313233,1.48657,0,0.467829,1.44974,0.323002,0.0517861,0.0311621,1.7538,0.649802,0.316303,1.36416
96.362811791,0.272052,1.40383,0.127354,0.553948,0.801755,0.268073,0.528735,0.0299417,1.36913,0.800301,0.390157,1.56118
96.409251701,0.44539,1.28187,0.106722,0.536502,0.67498,0.311222,1.86936,0.018454,1.08018,0.904799,0.189697,1.01753
96.455691610,0.387725,1.68833,0.0696394,0.524694,1.10285,0.450384,2.14951,0.0433217,0.567306,1.31699,0.322407,0.69188
96.502131519,0.30886,2.09665,0.20928,0.193502,1.32928,0.475184,2.13971,0.0535189,0.487004,1.36641,0.208686,0.717201
96.548571429,0.310307,2.24159,0.121278,0.155097,1.48894,0.270762,1.76809,0.0684617,0.79221,1.40583,0.00259909,1.03172
96.595011338,0.298609,2.37655,0.070001,0.116673,1.5269,0.280158,1.27718,0.0498383,1.2469,1.32119,0.00175023,1.22643
96.641451247,0.224453,2.27781,0.107683,0.119793,1.67454,0.36597,1.40896,0.0315249,1.47581,1.26899,0.00149714,1.20569
96.687891156,0.293102,2.10768,0.132268,0.146488,1.73618,0.369685,1.36529,0.00901389,1.75397,1.35484,0.000432265,1.08422
96.734331066,0.325062,2.11643,0.293658,0.141997,1.99392,0.343394,0.978691,0.0078911,2.14396,1.16365,0.0279109,0.842368
96.780770975,0.328712,2.2028,0.346193,0.124644,1.83729,0.324416,0.74694,0.0202139,2.27545,1.11272,0.00895249,0.977897
96.827210884,0.292992,2.29943,0.283059,0.175982,2.50639,0.123002,0.398301,0.0707687,2.12567,1.35032,0,0.664129
96.873650794,0.328124,2.29273,0.0839393,0.1941,2.53025,0.0895492,0.0219508,0.130607,1.67853,2.18802,8.50753e-05,0.490261
96.920090703,0.71209,2.05349,0.0240371,0.218744,2.16936,0.199554,0.203848,0.0995816,0.822606,2.65569,0.000186882,0.551402
96.966530612,0.681081,1.66444,0.00809025,0.246144,1.97857,0.164029,0.246397,0.158629,0.812553,2.68836,0.0319723,0.505762
97.012970522,0.520255,1.29598,0,0.242434,1.64847,0.224691,0.0847801,0.721647,0.988307,2.25556,0.0209308,0.666939
97.059410431,0.769764,0.852911,0.131679,0.411481,1.32236,0.0439578,0.000903503,1.56036,0.973029,1.32196,0.0928757,0.720256
97.105850340,0.78703,0.626557,0.177556,0.645091,1.27639,0.041115,0,1.94862,0.705693,1.27009,0.762378,0.673303
97.152290249,0.830583,0.695549,0.0770875,0.590009,1.21933,0.00669294,0,2.01164,0.414114,1.11813,1.04091,0.757698
97.198730159,0.765015,0.907886,0.013211,0.315379,1.21652,0.0511969,0.94764,1.45743,0.218284,1.07647,0.62022,0.877837
97.245170068,0.20397,1.8034,0.132654,0,0.980977,0.012982,1.7773,0.475872,0.517513,1.61893,0.138262,0.980322
97.291609977,0.180376,2.19427,0.0651217,0,1.26622,0.00728971,1.91005,0.176224,0.906432,1.72216,0.133134,0.893315
97.338049887,0.14366,2.10426,0.0566367,0,1.20175,0,2.25241,0.0875501,1.06733,1.60881,0.214682,0.827966
97.384489796,0.0824253,1.91692,0.0748397,0.0043133,0.793593,0,2.36232,0.222271,1.09816,1.4312,0.126945,0.886723
97.430929705,0.202814,2.04498,0.0275634,0.0829477,0.559942,0.389476,1.82261,0.327846,1.15874,1.29382,0.0734941,0.746298
97.477369615,0.516805,2.25233,0.0428694,0.115364,0.513099,0.849582,1.03954,0.190713,1.45824,1.10743,0.064895,0.859786
97.523809524,0.691524,2.28467,0.0538919,0.122923,0.515822,0.937605,0.692895,0.04771,1.85115,0.791379,0.0643562,1.08196
97.570249433,0.247186,2.66952,0.0654483,0.129436,0.442879,0.855577,0.593366,0.0801756,2.17537,0.704461,0.0712028,1.26599
97.616689342,0.267111,2.03684,0.0131379,0.183876,0.580518,0,0.713545,0.122573,2.84632,0.65888,0.110614,1.26573
97.663129252,0.262371,1.13987,0.0371457,0.269984,0.226551,0,0.78501,0.591011,2.83712,0.685172,0.174664,1.20535
97.709569161,0.0757235,1.09298,0.225451,0.102159,0.548536,0.000778552,0.748769,0.801579,2.54029,0.755187,0.262062,1.01718
97.756009070,0.0671823,1.31962,0.227342,0.116206,1.19609,0,0.655403,0.815018,2.12321,0.798895,0.350806,0.717899
97.802448980,0.214658,1.3807,0.13742,0.158195,1.24759,0.0113527,1.25616,0.638084,1.63163,0.921545,0.250472,0.92148
97.848888889,0.432548,1.48343,0.195491,1.16328,0.0580687,0.0915791,1.95288,0.298776,1.14355,0.8806,0.0359318,1.41145
97.895328798,0.873335,1.48681,0.0480423,1.95416,0,0.434349,1.92159,0.0228262,0.948464,0.315405,0.029695,1.82624
97.941768707,1.02652,1.16977,0.0631776,2.20698,0,0.59315,1.96645,0.0496907,1.09164,0.0321893,0.290493,1.98806
97.988208617,1.04094,0.969642,0.0252927,2.41589,0.135913,0.500738,1.7804,0.063559,1.88678,0.0129478,0.278706,1.96747
98.034648526,0.447445,0.628571,0,2.42642,0.216404,0.274623,1.53651,0.308678,2.52911,0.00186957,0.0805288,1.78942
98.081088435,0.156769,0.770772,0.0163614,2.30091,0.156465,0.0834387,1.26289,0.441186,2.80161,0,0.0147618,1.74579
98.127528345,0.266953,0.936341,0.0135169,2.28117,0.00933478,0.0332339,1.38929,0.90097,2.64449,0,0.050215,2.03444
98.173968254,0.275534,1.09892,0.0634247,2.3698,0.0332864,0,1.04764,1.41212,2.00683,0.0265444,0.0873641,2.21609
98.220408163,0.339008,0.877883,0.10765,2.03266,0.111494,0.0109683,0.36833,2.32723,0.847545,0.19319,0.10732,2.34104
98.266848073,0.270058,0.616446,0.217686,1.68853,0.0969756,0.101118,0.507573,2.65713,0.448673,0.239739,0.0948943,2.2834
98.313287982,0.0632536,0.451805,0.383644,1.63786,0.0354896,0.359228,0.788846,2.3654,0.576599,0.119043,0,2.4281
98.359727891,0,0.402621,0.556562,1.59064,0,0.47316,1.13277,1.73315,0.693799,0.00478333,0.00759806,2.59139
98.406167800,0.0627978,0.714932,0.205152,1.26456,0.324736,0.467739,0.832674,1.50762,0.793806,0.012822,0.078996,2.49306
98.452607710,0.0663222,1.25044,0.0116483,1.08951,0.416639,0.392443,0.281111,0.672331,1.53579,0,0,2.61043
98.499047619,0,1.4302,0.0136718,0.778932,0.19287,0.470795,0.0975095,0.255178,2.0346,0.0261376,0.413775,2.10171
98.545487528,0.443061,1.06003,0.0211343,0.101053,1.06473,0.177725,0.274584,0.556125,1.14298,0.404783,1.21463,1.63125
98.591927438,0.892707,1.01904,0.0886523,0.337026,1.51858,0.105273,0.351322,0.516092,0.399227,0.57967,1.29032,1.58488
98.638367347,1.01165,0.93885,0.147941,0.378938,1.63356,0.00474924,0.517677,0.233083,0.334011,0.557954,1.11203,1.58879
98.684807256,0.641592,0.787475,0.137723,0.303284,1.71565,0.0177947,0.992826,0.0749741,0.97477,0.294769,0.780141,2.1915
98.731247166,0.26058,0.80554,0.00403899,0.791655,1.26689,0.0441015,1.33232,0.379148,1.35447,0,0.0807726,2.86417
98.777687075,0.237141,1.23369,0,0.790873,0.384066,0.237065,1.02845,0.55584,1.40745,0.0436822,0.0715424,3.16586
98.824126984,0.224858,1.48387,0.0362514,0.810336,0.226107,0.466458,0.659466,0.602764,1.14763,0.0276153,0.0962177,3.06764
98.870566893,0.09813,1.48069,0.000166793,0.768583,0.231803,0.487056,0.607685,1.25649,0.737734,0.023543,0.159883,2.98673
98.917006803,0.140439,1.18522,0.00134285,0.897147,0.415788,0.440237,0.76703,1.10035,0.875625,0.0193121,0.28062,3.11591
98.963446712,0.348179,0.908938,0.0322759,1.10666,0.915194,0.254872,0.965923,0.349336,1.75568,0.00131195,0.396895,3.1493
99.009886621,0.213249,1.239,0,0.85548,1.00244,0.315072,0.792142,0.069737,2.32237,0.000156647,0.311404,2.92888
99.056326531,0.229714,1.63463,0,0.653647,0.344178,0.504781,0.726576,0.0912888,2.43019,0.000922586,0.339585,2.80813
99.102766440,0.399718,1.62375,0.00131574,0.481365,0.190002,0.479757,0.819828,0.0579356,2.34737,0.369438,0.286247,2.79077
99.149206349,1.01138,1.07827,0.00123759,0.370986,0.732479,0.240977,0.860956,0.0614821,2.43858,1.0955,0.0762961,1.71964
99.195646259,1.13006,0.696864,0.039797,0.105118,1.27532,0.411886,0.502856,0.0671386,2.38749,1.3098,0.0264142,1.33788
99.242086168,0.996298,0.371695,0.332937,0.192229,1.516,0.237055,0.538361,0.0770693,2.21468,0.757705,0.0391015,1.20692
99.288526077,0.775886,0.985014,0.625628,0.179624,1.70836,0.033391,0.348367,1.20258,1.14397,0.389715,0.184454,1.26786
99.334965986,0.228165,1.74927,0.895791,0.146736,1.19214,0.0592125,0.657342,1.57522,0.166855,0.249881,0.759049,1.24491
99.381405896,0.16195,2.33692,0.649803,0.145259,0.389778,0.300412,1.06485,1.4159,0.0978976,0.101809,1.23292,0.818737
99.427845805,0.318677,2.42832,0.231215,0.168311,0.0613356,0.189183,1.99659,1.18304,0.22676,0.263593,1.36601,0.475087
99.474285714,0.320875,2.53193,0.0414465,0.190735,0.0811321,0.0633561,2.47329,0.766627,0.521773,0.405009,1.34577,0.622553
99.520725624,0.322091,2.89692,0,0.175047,0.415842,0.078022,2.2692,0.10562,1.1792,0.185928,1.26602,0.675229
99.567165533,0.269225,3.10551,0,0.165623,0.468188,0.546164,1.70874,0.103097,1.41663,0.09121,0.817756,0.945131
99.613605442,0.338578,2.49315,0.000339791,0.193128,0.436498,0.855167,1.09062,0.0524442,1.76012,0.117126,0.680837,1.19434
99.660045351,0.49654,2.12336,0.0161542,0.151273,0.688143,0.739682,1.14998,0.0856352,1.69477,0.803853,0.0846001,1.08823
99.706485261,0.535827,2.28316,0.209211,0.174121,0.6819,0.66081,1.16912,0.144342,1.17731,1.02152,0.121409,0.600918
99.752925170,0.528041,2.16704,0.226896,0.179455,0.395409,0.414939,1.39074,0.11915,1.00402,0.886284,0.116791,0.486124
99.799365079,0.467064,2.20596,0.144161,0.177919,0.573243,0.133908,1.5974,0.184431,0.95104,0.422651,0.664758,0.379182
99.845804989,0.396386,2.17291,0,0.371424,0.705512,0.104684,1.57698,0.390667,1.43883,0.223201,0.53072,0.591182
99.892244898,0.331958,2.14783,0,0.533936,0.858215,0.0946576,1.5299,0.131604,1.41381,0.409771,0.393507,0.436251
99.938684807,0.240382,2.11824,0.12679,0.400219,1.20181,0.206485,1.1646,0.461616,0.906368,0.319395,0.442645,0.318896
99.985124717,0.173293,1.86072,0.108797,0.283714,0.943325,0.144404,1.20215,1.20185,0.320443,0,0.379317,0.490386
100.031564626,0.685718,1.02166,0.320512,0.467456,0.083623,0.0557207,1.65946,1.1533,0.430395,0.0309715,0.318124,1.31765
100.078004535,0.621479,0.591053,0.363314,0.550411,0.0277283,0.0333936,2.10122,0.650371,0.586752,0.0835086,0.713958,1.70436
100.124444444,0.636785,0.595285,0.231554,0.582081,0.0282734,0.0394334,2.32394,0.0955189,0.653772,0.252627,0.895412,2.18397
100.170884354,0.681271,0.914285,0,0.299185,0.0247954,0.193766,2.1083,0.0654985,0.420327,0.497012,0.909752,2.39958
100.217324263,0.159025,1.19216,1.27752,0.0425968,0.303191,0.794288,1.75247,0.0699912,0.323047,0.204782,0.464024,2.48081
100.263764172,0,1.2661,1.24628,0.100603,0.77069,0.429302,1.67518,0.0650021,0.924449,0,0.656809,2.25224
100.310204082,0.0202508,2.41069,0.992956,0.805112,0.746985,0.347623,1.38781,0.0752789,1.25481,0.000319643,0.623154,1.69686
100.356643991,0.184633,3.14262,0.532214,0.908756,0.681553,0.164314,1.08752,0.0544968,1.299,0.000251541,0.671019,1.19428
100.403083900,0.316,3.34159,0,0.776639,0.489637,0.12335,0.904443,0.0577719,1.5071,0.0333079,0.73701,0.924905
100.449523810,0.72034,3.16281,0,0.315623,0.327378,0.195965,0.656988,0.0694803,1.91076,0.101049,0.858265,0.639639
100.495963719,1.36922,2.52354,0.00628002,0.138435,0.361284,0.205456,0.470595,0.0766702,2.29436,0.000321296,0.997544,0.699611
100.542403628,1.10621,2.22111,0,0.139544,1.05132,0.124212,0.312785,0.0680085,2.41513,0,1.11169,0.882761
100.588843537,0.408957,1.17397,0,0.10957,1.43409,0.108026,0.543544,0.0825095,2.55668,0.000405995,0.83889,1.51276
100.635283447,0.168975,0.617088,0,0.274511,0.962216,0.0270806,0.694366,0.0972427,2.64679,0.00149896,0.462039,2.30296
100.681723356,0.106567,0.541584,0,0.530102,0.320155,0.00736223,1.17497,0.0716922,2.46648,0.00154148,0.177962,3.13793
100.728163265,0.476865,0.62558,0.0022616,0.410602,0.0971413,0.00527222,1.37415,0.0245366,2.15494,0.0168838,0.00788524,3.30554
100.774603175,0.837861,1.92548,0.0342679,0.109919,0.514453,0.202103,0.714872,0,2.29599,0.0572483,0.0856758,2.33623
100.821043084,0.727565,2.91807,0.136743,0.0775375,1.36033,0.268612,0.376702,0.125177,2.50583,0.0969206,0.148466,0.750633
100.867482993,0.355794,3.76658,0.0954232,0.0760937,1.95679,0.196383,0.210864,0.252335,2.19709,0.11003,0.0629259,0.139142
100.913922902,0.233165,3.94725,0.0365885,0.0919367,2.19294,0.379026,0.0394719,0.197158,2.1056,0.0786143,0.00249976,0.0556187
100.960362812,0.377392,3.86155,0.247488,0.100534,2.12732,0.599008,0.0349711,0.0818718,2.19631,0.117328,0.00239979,0.00889562
101.006802721,0.428306,3.33026,0.862189,0.108993,2,0.330596,0.0468133,0.0765225,2.36181,0.0893752,0.00301444,0.0295361
101.053242630,0.277318,2.68953,1.18467,0.11205,1.99364,0.261319,0.0784829,0.0658383,2.60857,0.00199978,0.00274048,0.132685
101.099682540,0.100352,2.68824,0.903858,0.138219,2.12206,0.348361,0.251057,0.242151,2.65651,0.000830445,0.000976759,0.235327
101.146122449,0.0966001,2.9253,0.239871,0.145418,2.18381,0.676803,0.365158,0.15089,2.62764,0.0377999,0.0956228,0.413564
101.192562358,0.168533,3.17013,0.102775,0.139419,1.90916,0.782271,0.231875,0.0545601,2.53374,0.108621,0.120018,0.492224
101.239002268,0.323279,3.23162,0,0.179496,1.76321,0.970392,0.162891,0.0158122,2.52844,0.11657,0.0637459,0.183089
101.285442177,0.797906,2.4262,0,0.413332,1.26292,1.76108,0.0216882,0.0535008,2.45751,0.0934738,0,0.227314
101.331882086,1.00538,2.51252,0,0.345619,1.03273,2.2476,0.0340418,0.076656,1.92263,0.510987,0.000902177,0.343093
101.378321995,0.850272,2.45378,0,0.205423,1.36553,2.08546,0.0428245,0.0879531,1.52219,0.667846,0.00153963,0.348634
101.424761905,0.751155,2.60642,0,0.140487,1.79652,1.34473,0.0665694,0.0773982,1.71144,0.622873,0.000682735,0.362322
101.471201814,0.452493,2.80744,0,0.139092,2.04902,0.451721,0.0608951,0.0730473,2.13467,0.419876,0,0.423319
101.517641723,0.235547,2.17087,0.00317926,0.14428,1.65587,0.174674,0.119599,0.0266178,2.88192,0.19485,0.113658,0.545724
101.564081633,0.301454,1.32045,0.179328,0.169286,1.10689,0.0659777,0.224197,0.0376101,3.18535,0.148591,0.445652,1.14007
101.610521542,0.356177,1.75388,0.15921,0.122341,1.03397,0.125578,0.336004,0.0107743,2.86468,0.0601786,0.424031,1.68376
101.656961451,0.156306,2.43526,0,0.000865517,1.47789,0.152057,0.205542,0,2.2261,0.000284475,0.0980557,2.11033
101.703401361,0.0762921,2.48097,0.0311514,0.00741397,1.69426,0.16734,0.222012,0,1.56897,0.0787501,0.205673,2.10654
101.749841270,0.0709568,2.54487,0.0159726,0.00485725,1.3865,0.13338,0.663529,0,1.15796,0,0.60795,2.06531
101.796281179,0.00039326,2.92254,0,0,1.23733,0.596292,1.05044,0.058211,0.932685,0,0.987038,1.7038
101.842721088,0.000277604,3.08283,0.00265305,0,1.32278,0.818776,0.872236,0.030875,0.907313,0.0511439,1.02667,1.40219
101.889160998,0.462585,2.64348,0.152937,0.086305,1.50097,1.08607,0.434377,0.0586697,0.859588,0.339121,0.149656,1.32874
101.935600907,1.13701,1.83187,0.230031,0.140762,1.43679,1.08587,0.364463,0.0337907,1.59681,0.323265,0.0464396,0.745626
101.982040816,1.3442,1.54062,0.167086,0.162111,1.15954,1.15163,0.419677,0,2.10807,0.455534,0.082205,0.621619
102.028480726,0.906372,1.9678,0.00960906,0.326883,0.863965,1.5581,0.429063,0,2.14019,0.222688,0,1.26191
102.074920635,0.635585,2.10536,0.00259837,0.381574,0.183748,1.5229,1.34233,0.123013,1.79754,0.00422031,0,2.06799
102.121360544,0.34747,2.00045,0.233249,0.275836,0.157088,1.5189,1.49525,0.0819767,1.39459,0.0875729,0,1.86245
102.167800454,0.350777,2.17163,0.245162,0,0.176259,1.62709,1.19176,0.0562233,1.59757,0.124325,0.00181357,1.69971
102.214240363,0.351675,2.45059,0.103916,0,0.102644,1.88571,0.594864,0.0406443,1.68359,0.265273,0.00266047,1.71627
102.260680272,0.618451,2.41827,0.11988,0,0.110543,1.8795,0.158324,0.000196261,1.97738,0.448092,0.407493,1.54529
102.307120181,0.73439,2.16132,0.347574,0.0983531,1.02687,1.15045,0.0455385,0.00826624,2.03525,0.374021,0.381392,0.885441
102.353560091,0.411578,2.13754,0.58129,0.0492576,1.18989,0.648506,0.0380095,0.0643266,2.08248,1.06298,0.208593,0.636319
102.400000000,0.216137,2.32169,0.555085,0.0415009,1.52807,0.606155,0.183003,0.101944,1.95326,1.52292,3.7176e-05,0.527346
102.446439909,0.170102,2.62919,0.445865,0.0911842,1.89566,0.454267,0.153351,0.120819,1.88159,1.28223,0,0.728428
102.492879819,0.215243,2.79407,0.103461,0.102637,1.848,0.254384,0.113368,0.129492,1.9627,1.40607,0,0.755977
102.539319728,0.184733,2.84981,0.0932902,0.0727916,1.79925,0.294614,0.0762626,0.122005,1.96661,1.23019,0,0.785925
102.585759637,0.168726,2.80981,0.0960673,0.0774897,1.77859,0.365017,0,0.142112,1.9654,1.11018,0,1.04827
102.632199546,0.220375,2.71983,0.232884,0.085337,1.581,0.538772,0.185407,0.0570794,2.12623,0.923404,0.0105967,1.543
102.678639456,0.80228,2.29855,0.331024,0.0795109,1.71052,0.821956,0.496144,0.0813934,1.94453,0.996494,0.0270945,1.36338
102.725079365,1.36201,2.08364,0.160585,0.0454442,1.88269,0.843658,0.160569,0.140731,1.7192,1.20863,0.0631783,0.852378
102.771519274,1.36499,1.99296,0.0882897,0.0814969,1.99764,0.545317,0.0773489,0.0832737,1.83106,1.42552,0.0149426,0.532399
102.817959184,1.11966,1.82289,0.0967007,0.108213,2.06714,0.238555,0.708523,0.103029,1.74593,1.53562,0,0.520861
102.864399093,0.416859,2.29343,0.119286,0.180264,1.90355,0.127044,1.05608,0.111546,1.66866,1.46623,0.00667095,0.76411
102.910839002,0.129651,2.50263,0.119507,0.229216,1.71892,0.138369,1.24203,0.0979395,1.65296,1.41426,0,0.76683
102.957278912,0.294535,1.75891,0.351183,0.343838,1.15274,0.514433,1.17285,0.0649794,1.92972,1.2128,0.0697427,1.12514
103.003718821,0.594952,1.29799,0.34416,0.60562,1.2383,0.282763,0.362157,0.655895,1.40472,1.13249,0.427031,1.12665
103.050158730,0.557633,0.52408,0.264595,0.748506,1.26732,0.0533671,0.401188,1.13586,1.0973,1.02076,0.705704,1.51781
103.096598639,0.661719,0.0175775,0.287629,0.85312,1.40168,0.0609509,0.402312,1.0508,1.10986,1.11228,0.672086,1.74654
103.143038549,0.529025,0.704044,0.194777,0.620843,1.4233,0.129866,0.493238,0.597915,1.40365,1.53405,0.402819,1.92846
103.189478458,0.081399,2.17903,0.176657,0,1.07881,0.0950312,0.594142,1.23112,1.42943,1.63983,0.175625,1.84685
103.235918367,0.0238675,2.22682,0.834695,0,1.01197,0.09544,0.591555,1.66359,1.16703,1.17841,0.152828,1.81089
103.282358277,0.00152572,1.93918,1.06929,0.0264285,0.620197,0.0924903,0.599256,1.75487,0.998645,1.08089,0.157921,1.88883
103.328798186,0.0840097,1.73847,1.05019,0.00777459,0.44087,0.0932731,0.697969,1.50337,1.01683,1.04468,0.0938177,2.02444
103.375238095,0.239819,1.4802,0.746333,0.11705,0.488387,0.000796016,0.571446,1.35588,0.857237,1.07108,0.163786,1.81448
103.421678005,0.296171,1.12439,0.233517,0.162287,0.729541,0.123484,0.606925,1.10298,0.863239,1.29036,0.244343,1.25255
103.468117914,0.2223,1.14308,0.136235,0.124521,0.685778,0.169349,1.16553,0.790086,1.03382,1.14907,0.365981,1.08888
103.514557823,0.234581,1.46689,0.0235543,0.198579,0.356286,0.47558,1.51,0.481112,1.48213,1.02313,0.368475,1.28637
103.560997732,0.209054,1.62926,0.461515,0.187789,0.202536,0.558374,1.57921,0.271123,2.06616,0.516908,0.281299,1.27231
103.607437642,0.154518,1.31441,0.572925,0.10926,0.282952,0.279727,1.64309,0.730622,2.13991,0.284183,0.0876349,1.18552
103.653877551,0,1.02626,0.627045,0.0619354,0.409905,0.295815,1.56579,0.749005,1.94463,0.282284,0.0643194,1.29476
103.700317460,0.0995457,0.737324,0.630532,0.397607,0.681422,0.396907,1.12871,0.439884,1.98145,0.788772,0.0626154,1.74713
103.746757370,0.23828,0.284728,0.210686,1.51908,0.161498,0.318519,1.425,0.246455,1.93948,0.747296,1.1969,1.79412
103.793197279,0.46178,0.197968,0.281154,2.21046,0,0.47429,2.17783,0.096811,1.3823,0.607395,1.59097,0.977566
103.839637188,0.310492,0.755475,0.143605,2.25053,0,0.721016,1.95822,0.0972216,1.1164,0.27804,1.00282,1.70609
103.886077098,0.249186,1.09834,0.0821156,2.19551,0,0.92491,1.99507,0.111144,1.28988,0.0209204,0.357255,2.20621
103.932517007,0.255488,1.15768,0.252696,2.18565,0,0.371275,1.93521,0.0903437,1.77225,0,0.0730077,2.24382
103.978956916,0.212913,1.06393,0.74024,1.74471,0.253983,0.219209,1.85557,0.141762,1.87152,0,0.237328,1.72058
104.025396825,0.189298,1.24187,0.568248,1.60207,0.10229,0.0448488,1.80689,0.16118,2.06999,0,0.264674,1.56281
104.071836735,0.325187,1.45218,0.09029,1.87739,0,0.00953477,1.79062,0.0533589,2.19018,0.044659,0.257431,1.70376
104.118276644,0.352548,1.71271,0.0351597,1.97953,0.0140587,0.275836,1.01805,0.0243505,2.30439,0.060894,0.173019,1.66433
104.164716553,0.452471,1.77732,0.143947,1.52597,0,0.388026,0.797604,0.0181493,2.50639,0.0921516,0.279124,1.67697
104.211156463,0.22363,1.76786,0.0967194,1.20421,0.0505968,0.543077,1.46367,0.024857,2.28109,0.101387,0.210012,1.61733
104.257596372,0.0986837,1.88096,0.128767,1.17907,0.094371,0.646453,2.20685,0.0719499,1.92875,0,0.122379,1.50299
104.304036281,0.110665,1.875,0.117114,1.14317,0.211223,0.311946,1.98758,0.0820019,1.52027,0,0.262854,1.68994
104.350476190,0.472765,1.35998,0.0602355,0.782796,0.23632,0.311782,1.34516,0.0825847,1.16131,0.0157754,0.457454,1.55989
104.396916100,0.668679,1.24956,0.0593426,0.424924,0.0380779,0.517491,1.27346,0.0641669,0.883287,0.0963115,0.576644,1.49833
104.443356009,0.885124,0.860267,0.100535,0.34124,0.0296081,0.480828,1.66305,0.0209735,0.835961,0.316549,1.04925,1.33175
104.489795918,0.832115,0.289711,0.512993,0.14495,0.00184082,0.582719,1.87353,0.228979,0.931747,0.259329,0.965041,1.97145
104.536235828,0.920077,0.380896,0.603948,0.173573,0.00513584,0.424023,1.84654,0.518426,0.737233,0.272821,0.889113,1.93665
104.582675737,0.666607,0.473273,0.459535,0.180164,0,0.259509,1.75806,0.767214,0.740882,0.196331,0.661456,2.36707
104.629115646,0.367866,0.625225,0.216959,0.525107,0.0492583,0.0166938,2.04072,0.537963,0.837887,0.0054405,0.275578,2.87186
104.675555556,0.203354,0.796179,0.507716,1.16632,0.178091,0,2.46739,0.0605421,0.962757,0.000276678,0.0830648,3.27203
104.721995465,0.196236,1.17638,0.30141,1.45373,0.240795,0,1.8878,0.848422,0.712165,0.0232185,0.0882483,3.43393
104.768435374,0.139074,1.6638,0.397843,1.3786,0.299207,0.00131271,0.84697,1.62613,0.416454,0.0113719,0.0946283,3.42369
104.814875283,0,1.54084,0.554455,1.16841,0.239947,0.108179,0.651828,2.21263,0.388615,0,0.081061,3.35344
104.861315193,0.111873,1.30029,0.415748,1.36562,0.094745,0.0121305,0.600532,2.00103,0.0809577,0,0.139627,3.19221
104.907755102,0.300975,1.57533,0.00130225,1.07151,0.360098,0.00803527,1.15967,1.27043,0.348534,0,0.128929,2.81676
104.954195011,0.214106,1.77589,0.0216635,0.714401,0.417427,0.0132242,1.77538,0.487396,1.02986,0.0194394,0.110786,2.48404
105.000634921,0.188498,2.18189,0,0.21975,0.403835,0.580821,1.84257,0.0223013,1.29304,0.248318,0.205979,2.21509
105.047074830,0.240624,2.11224,0.00382196,0.216248,0.330366,1.13233,1.79233,0.037732,1.44491,0.871671,0.228612,1.6421
105.093514739,0.774517,1.37867,0.0231722,0.246275,0.227607,1.47513,1.39594,0.0519153,1.94517,1.09154,0.159416,1.32718
105.139954649,0.636909,0.838927,0.180354,0.535329,0.758393,1.64448,0.589451,0.0607242,2.323,0.931076,0.0392064,1.55134
105.186394558,0.690085,0.342315,0.375075,0.653386,1.5852,1.22061,0.439479,0.0586793,2.27303,0.602219,0.0525875,1.63748
105.232834467,0.501057,1.56879,0.43287,0.544922,1.43195,1.30645,0.178452,0.212,1.41391,0.170166,0.114161,2.10123
105.279274376,0.255194,2.14159,0.388554,0.339393,0.59791,1.50252,0.76939,0.301492,0.790373,0.071297,0.441075,1.79202
105.325714286,0.254375,1.89605,0.316048,0.199578,0.225784,1.35844,1.59449,0.160218,0.829625,0.206264,0.849976,1.11604
105.372154195,0.101324,2.00495,0.264179,0.157662,0.280701,1.08005,2.10678,0.144358,1.19748,0.0412102,0.66755,0.948424
105.418594104,0.112247,2.57006,0.0619997,0.131234,0.24319,0.909006,2.09681,0.531606,1.69869,0,0.44788,0.845548
105.465034014,0.130271,2.7732,0.0914338,0.0987916,0,0.681626,1.87714,0.799352,1.76969,0,0.46502,0.882274
105.511473923,0.155112,2.94998,0.137509,0.0932858,0.225857,0.538278,1.88105,0.751426,1.72377,0,0.555414,0.82345
105.557913832,0.223906,2.89646,0.139538,0.105763,0.431249,0.573117,1.71925,0.369815,1.5712,0.0388416,0.648042,0.899078
105.604353741,0.164792,2.74197,0.233771,0.134449,0.50199,0.956942,1.45107,0.168251,1.67125,0.568016,0.105213,0.949205
105.650793651,0.153346,2.79588,0.259513,0.0198771,0.608367,0.958926,1.09235,0.160654,1.72994,0.549415,0.0703041,0.946559
105.697233560,0.177385,3.05035,0.0247596,0.0488965,0.961877,0.357856,1.45865,0.164765,1.20363,0.245937,0.878252,0.746584
105.743673469,0.204696,3.16863,0,0.0912874,1.07145,0.156516,1.40329,0.271855,1.24643,0.0320571,0.904307,0.720703
105.790113379,0.116359,3.13142,0.0772236,0.0468818,1.04664,0.248929,0.706102,0.559875,1.84919,0.00832043,0.866787,0.378164
105.836553288,0,3.06428,0.158875,0.0431413,0.994258,0.247985,0.369548,0.757112,2.17366,0,0.951115,6.81778e-05
105.882993197,0,3.03481,0.188853,0.0870783,0.762157,0.120512,0.877789,0.418683,2.20791,0,0.976666,0.0665011
105.929433107,0.20252,2.2517,0.280042,0.242678,0.222448,0.230373,1.57427,0.0749203,1.94025,0.0954144,0.447412,0.3733
105.975873016,0.168629,0.980674,0.990582,0.908274,0.0196672,0.395377,1.9827,0.45252,1.04474,0,0.108152,1.15035
106.022312925,0.352859,0.337187,0.95466,0.929807,0.0643326,0.1625,1.86739,0.766114,1.0072,0,0.119956,2.16695
106.068752834,0.162701,0.403442,0.6632,0.928845,0.113899,0.0411989,1.51664,1.07922,0.97698,0.0065028,0.056577,2.52162
106.115192744,0.090653,0.969721,0.353957,1.55444,0.0917002,0.116711,1.26307,0.772063,1.21685,0.00178065,0.645196,2.47347
106.161632653,0,1.01376,0.0858618,2.24962,0.0301385,0.236386,1.2952,0.346626,1.57774,0.00401318,0.861058,2.0568
106.208072562,0,0.639347,0.173057,2.41367,0.017106,0.15641,1.3509,0.398908,1.50233,0.00508141,0.940163,1.80976
106.254512472,0,0.515549,0.0276196,2.34814,0,0.0455937,1.44352,0.5026,1.34439,0.0417317,1.02309,1.67636
106.300952381,0.0597876,0.94556,0,2.01377,0.0434485,0.0214709,1.67472,0.566027,1.20108,0.0744269,1.07226,1.57415
106.347392290,0.17659,1.17031,0.0181829,1.54612,0.0644804,0.0322959,1.97211,0.507225,1.19372,0.0411,1.14095,1.61337
106.393832200,0.187724,1.41935,0.0292637,1.54363,0.00925399,0.0640005,1.76822,0.429187,1.68542,0,0.788817,2.11283
106.440272109,0.182001,1.46169,0.0157611,1.73428,0,0.0674657,1.42017,0.516034,2.0555,0,0.895659,2.03619
106.486712018,0.182724,1.7738,0.0213621,1.75182,0,0.0491215,1.2124,0.43731,2.44092,0.0193002,0.926065,1.86285
106.533151927,0.264251,1.90919,0.487204,0.727511,0.945334,0.0285337,1.11148,0.460704,2.44568,0,1.03229,1.20099
106.579591837,0.257526,1.43699,0.894793,0.128723,1.71676,0.0751797,0.970421,0.596195,2.27158,0.0426359,1.01768,1.07725
106.626031746,0.204174,1.23979,0.793647,0.152302,1.83542,0.310414,0.985417,0.575255,2.29718,0,0.969398,1.31446
106.672471655,0.343466,1.58643,0.335579,0.140503,1.85461,0.233146,0.650801,0.193603,2.40555,0.0754837,0.78347,1.60923
106.718911565,0.467667,2.18386,0.265958,0.0833177,2.22078,0.0849916,0.614739,0.0101102,2.65998,0.0966062,0.380397,1.25422
106.765351474,0.404513,2.78345,0.317515,0.0501575,2.25111,0.0422739,0.400656,0.0579137,2.53508,0.422933,0.0865371,0.916721
106.811791383,0.397338,3.38659,0.14014,0.155322,2.31285,0.0898519,0.195057,0.193072,1.6573,1.0059,0,0.517363
106.858231293,0.506178,3.64456,0.0461451,0.245181,2.05085,0.106822,0.0288787,0.167402,1.50502,0.752979,0.0224961,0.377838
106.904671202,0.50357,3.4191,0,0.298051,1.70154,0.257716,0.223254,0.130293,1.81897,0.202672,0.135918,0.208211
106.951111111,0.697819,3.3398,0,0.209647,1.56893,0.117279,0.442779,0.0993469,2.1309,0.115393,0.135876,0.0294442
106.997551020,0.595884,3.37163,0,0.11478,1.66753,0.0590051,0.488437,0.0779359,2.32461,0.160858,0.0823055,0
107.043990930,0.341513,3.43215,0.073054,0.140025,2.00001,0.150841,0.666358,0.18911,2.44217,0.0751591,0.0471373,0.0223851
107.090430839,0.228069,3.59931,0.112958,0.117244,2.10403,0.405021,0.263288,0.18779,2.47155,0.0652908,0.171552,0.221435
107.136870748,0.361803,3.60902,0.0140913,0.0662891,2.07355,0.344668,0.437899,0.113284,2.46242,0.10103,0.261046,0.596638
107.183310658,0.354711,3.39076,0.0986693,0.0843744,2.47948,0.268028,0.940186,0.087304,2.33953,0.0618601,0.0247364,0.61391
107.229750567,0.380647,3.35606,0.0963855,0.116704,2.91418,0.265857,0.93199,0.122905,2.16331,0.0060408,0,0.638359
107.276190476,0.345227,3.19185,0.14911,0,3.12204,0.119893,0.68404,0.129713,2.04168,0.000160238,4.05148e-05,0.458664
107.322630385,0.377884,3.29803,0.171096,0,3.18281,0.0410979,0.267438,0.124743,2.25926,0.00043695,0.000310968,0.275172
107.369070295,0.213531,3.32054,0.181984,0.00370916,3.09414,0.0265029,0.189455,0.122589,2.55837,0.000232314,0.000712128,0.234068
107.415510204,0.127219,2.3689,0.43181,0.482716,2.16146,0.0282799,0.504618,0.0612758,2.49752,0.190633,0.441799,0.168158
107.461950113,0.0717212,1.13806,0.799573,0.784167,1.46629,0.0119055,0.579311,0.420201,1.9787,0.225648,0.951866,0.448528
107.508390023,0.283707,0.723688,0.751744,0.731566,1.15191,0.0117754,0.665076,0.409093,1.76193,0.320091,1.24248,0.482654
107.554829932,0.204554,1.78541,0.33579,0.454427,1.3783,0.0369111,0.730523,0.0527635,1.96055,0.258406,1.03007,0.684482
107.601269841,0.0827586,2.23493,0.262397,0.456908,1.56911,0.109399,0.628876,0.00799335,2.46125,0.132716,0.217246,1.31651
107.647709751,0.10534,2.48363,0.0674078,0.703505,1.43676,0.162338,0.404087,0.139058,2.37024,0.0976985,0,1.71579
107.694149660,0.0252567,2.76288,0,0.568526,1.38629,0.342307,0.363881,0.252068,2.2005,0.090951,0,1.71964
107.740589569,0.0278795,2.92681,0.00508903,0.509112,1.22029,0.847998,0.30054,0,2.1548,0.0862856,0,1.93112
107.787029478,0.165815,2.88932,0.056128,0.597814,1.36852,1.16025,0.259411,0,1.94773,0.0780222,0.00760227,2.00455
107.833469388,0.302702,2.8101,0.237011,0.634394,1.39266,1.03652,0.289955,0,1.86998,0.219011,0.055525,1.88715
107.879909297,0.408368,3.11836,0.233089,0.678697,1.41377,0.615625,0.338146,0.0172665,2.20982,0.245522,0.0889698,1.58556
107.926349206,0.308641,3.57887,0.048126,0.602485,1.51853,0.41341,0.262253,0.00500878,2.38123,0.00117267,0.119669,1.34812
107.972789116,0.222611,3.73563,0.00196039,0.331483,1.31742,0.69713,0.00935623,0.203609,2.40536,0.0263349,0.105783,1.13704
108.019229025,0.530348,3.32123,0.00171701,0.12756,0.779245,0.91885,0.00253423,0.225171,2.01834,0.338411,0.213981,0.743181
108.065668934,0.68581,3.03905,0,0.0498703,0.357592,0.99236,0,0.209301,1.81327,0.685216,0.270693,0.804603
108.112108844,0.669309,3.07787,0,0.0453709,0.247481,0.893369,0.242668,0.163199,1.96987,0.442839,0.0889165,0.829373
108.158548753,1.00473,3.11745,0.000332126,0.231035,0.160285,0.354909,0.288796,0.0759051,1.75351,0.476641,0.0975676,0.846135
108.204988662,1.2607,2.90349,0.0165308,0.176217,0.179872,0.140573,0.623898,0.278141,1.79066,0.507228,0.108058,0.855961
108.251428571,0.903887,2.36441,0.209296,0,0.541668,0.247562,0.855556,0.206703,2.14394,0.365984,0.0442935,0.639103
108.297868481,0.671153,2.16395,0.1224,0.0544185,0.564926,0.872124,0.495813,0.0935917,2.11135,1.48411,0.0025421,0.521883
108.344308390,0.266396,2.42658,0.202452,0.131465,1.00731,1.32734,0.311354,0.101542,1.75076,1.93615,0.0104477,0.401794
108.390748299,0.208607,2.69739,0.0760738,0.138406,1.52489,0.952634,0.229607,0.0648236,1.5596,2.28035,0.000706604,0.564285
108.437188209,0.159793,2.68,0,0.101341,1.83133,0.470984,0.118906,0.0556455,1.42533,2.30546,0.026316,0.591139
108.483628118,0.13158,2.76774,0.217002,0.0671381,1.97904,0.430282,0.105275,0.00601755,1.37437,1.84668,0.0525318,0.656879
108.530068027,0.102251,2.80416,0.193131,0.0683504,1.73056,0.430765,0.20235,0.133512,1.41147,1.67969,0.0974299,0.994556
108.576507937,0.142663,2.57382,0.396747,0.0915198,1.46842,0.183475,0.666874,0.173447,1.71027,1.39923,0.0834975,1.29346
108.622947846,0.17892,2.24597,0.388931,0.152036,1.58089,0.612772,0.567009,0.297568,1.68671,1.48066,0.0252338,0.981382
108.669387755,0.143848,2.1529,0.1574,0.182941,1.58354,1.43174,0.0036617,0.372898,1.56344,1.83103,0.00470992,0.600293
108.715827664,0.173212,2.07365,0.0706462,0.186039,2.07934,1.25985,0.0160776,0.402748,1.28278,1.73039,0,0.512274
108.762267574,0.507894,2.08556,0.00519205,0.154634,1.95509,0.645828,0.122245,0.326007,1.56948,1.71022,0.0002584,0.597386
108.808707483,0.792612,2.24392,0.00714123,0.318728,1.71174,0.236802,0.282315,0.305292,1.46374,1.57045,0.000458418,0.299706
108.855147392,0.818963,2.12495,0,0.728423,1.35321,0.0491025,0.263518,0.278511,1.83783,1.18314,0.000524194,0.327855
108.901587302,1.30787,1.40111,0.000921869,0.897748,1.32977,0.0399072,0.382392,0.73202,2.23689,1.0295,0.00062328,0.293069
108.948027211,1.17778,0.868438,0.0456115,1.01039,1.14255,0.0760055,0.826802,1.17683,1.69167,0.883417,0.175147,0.442332
108.994467120,1.02984,0.103964,0.195504,0.894144,0.621872,0.0449135,1.35603,1.10363,1.19061,0.866745,0.437998,1.29184
109.040907029,0.803823,0.0439802,0.27221,0.635223,0.33195,0.217269,1.68017,0.442174,1.15335,1.09894,0.264398,1.92112
109.087346939,0.0981051,1.21798,0.202427,0.355769,0.127764,0.864552,1.59992,0.116446,1.00437,1.44525,0.166101,2.12379
109.133786848,0,2.07557,0.0576904,0.139419,0.533006,1.15104,1.44183,0.0189491,0.514892,1.71563,0.163358,2.19283
109.180226757,0,1.91535,0.0886122,0.217917,0.736551,1.31924,1.1887,0.0190828,0.49031,1.53621,0.162732,2.30937
109.226666667,0.199136,1.63243,0.0823143,0.300817,0.523723,1.41414,0.67229,0.100086,0.412349,1.37072,0.128888,2.46773
109.273106576,0.0446116,1.78535,0.0749108,0.147177,0.565873,1.73223,0.188237,0.537878,0.495476,1.36104,0.0843849,2.52221
109.319546485,0.172796,2.34474,0,0.150107,0.628595,1.81148,0.042102,0.732067,0.543308,1.35888,0.0952365,1.79618
109.365986395,0.161946,2.70883,0,0.143717,0.791887,1.57831,0.0440509,0.712928,0.96578,1.05377,0.16403,1.29525
109.412426304,0.143839,2.78117,0.000560865,0.161227,0.960031,1.21096,0.202702,0.588169,1.4402,0.717565,0.345177,1.21497
109.458866213,0.549662,1.90967,0.011654,0.203196,0.952853,0.449744,1.05523,0.185676,1.7253,0.830317,0.502471,1.50977
109.505306122,0.711007,1.62486,0.0153983,0.197144,0.910424,0.610116,0.845585,0.0367359,1.19732,0.874312,0.73015,1.58377
109.551746032,0.520582,1.4465,0.00375419,0.183993,1.10141,0.982938,0.388217,0.0339694,0.852406,1.05473,0.531276,1.35957
109.598185941,0.470461,1.18912,0.00554936,0.28017,1.49786,1.00131,0.327477,0.0627239,0.905403,1.23933,0.130625,0.961394
109.644625850,0.62686,1.20943,0.00544533,0.231431,1.66544,0.736992,0.518315,0.695919,1.09162,1.25247,0.0313672,0.8587
109.691065760,0.531658,0.666727,0.212007,1.73096,0.882455,0.0556352,1.16396,1.11055,1.02389,1.00722,0.119108,1.34179
109.737505669,0.35936,0.721538,0.23184,2.31232,0.0118112,0.147732,1.47813,0.849131,0.997383,0.649604,0.514536,2.37034
109.783945578,0.331536,1.08303,0.0922312,2.4756,0.001146,0.251075,2.06178,0.427049,1.09484,0.0486359,0.575571,2.29193
109.830385488,0.331455,1.36912,0.00509586,2.46522,0,0.287696,2.25838,0.357807,1.27558,0.0157163,0.454632,2.22992
109.876825397,0.324,1.53826,0,2.2552,0.0405272,0.325756,2.06415,0.23859,1.60292,0.000110277,0.210558,2.28881
109.923265306,0.268583,1.61113,0,1.89736,0.0925242,0.371002,1.96316,0.243519,1.78748,0,0.217923,1.92638
109.969705215,0.334074,1.61336,0.000356697,1.94569,0,0.306847,1.80881,0.24075,1.81099,0,0.240421,1.99038
110.016145125,0.370786,1.49152,0.00102631,2.24328,0.0176183,0.0236078,1.902,0.193282,1.81739,0.026222,0.372597,1.76251
110.062585034,0.596406,1.65046,0.0350475,2.09776,0.0691046,0.123898,1.36808,0.0939442,2.08343,0.0870107,0.518941,1.30519
110.109024943,0.573521,1.5269,0.193696,1.73876,0.101292,0.219444,0.826788,0.0917953,2.494,0.127194,0.468158,1.29737
110.155464853,0.549763,1.42412,0.24232,1.3749,0.11322,0.15782,0.867598,0.0650391,2.61596,0.0808239,0.276019,1.49836
110.201904762,0.439528,1.00418,0.255333,1.33421,0,0.195497,1.14244,0.109127,2.75728,0,0.206793,1.56383
110.248344671,0.327836,0.646072,0.443263,1.37495,0.110456,0.161253,1.12333,0.129736,2.82919,0,0.279258,1.3834
110.294784580,0.285946,0.943713,0.13286,1.51901,0.170984,0.430412,1.20371,0.120328,2.50384,0.0364612,0.442413,1.3952
110.341224490,0.257337,1.0931,0.173571,1.48733,0.178975,0.437,1.28439,0.0669505,2.12458,0,0.527073,1.54456
110.387664399,0.671691,0.598736,0.187048,1.14491,0.0649132,0.442545,1.07244,0.303744,1.92218,0.114745,0.600864,2.02731
110.434104308,0.905685,0.51417,0.287793,0.782617,0.00685348,0.454424,0.816366,0.526002,1.53902,0.189175,0.530882,2.41079
110.480544218,0.757036,0.396688,0.255286,0.575258,0.0229485,0.360013,1.35706,0.52741,1.4322,0.182941,0.516342,2.44647
110.526984127,0.433001,0.650273,0.128049,0.826579,0.0468301,0.27637,2.06465,0.3481,1.53843,0.0598932,0.492781,2.65762
110.573424036,0.213874,1.12307,0.0640652,0.894202,0.15755,0.01671,2.56499,0.0194312,1.43393,0.00335373,0.708528,2.41591
110.619863946,0.214055,1.38069,0.0303207,1.03631,0.568502,0.00105611,2.5796,0.0113351,1.26278,0.059546,0.897846,2.09425
110.666303855,0.220914,1.68523,0.0483917,1.00398,0.504517,0.738854,1.73442,0.0338582,1.72939,0.0152197,0.725746,2.32831
110.712743764,0.12168,1.89172,0.0397998,0.888639,0.135722,1.43218,1.02742,0.0445627,2.10379,0,0.310967,2.66784
110.759183673,0.0896876,2.2451,0.00251139,0.856389,0.01365,1.48587,0.757187,0.00461572,2.40466,0,0.0664083,2.85748
110.805623583,0.108352,2.11592,0.0109878,0.588993,0.0693073,1.47759,0.807942,0.0177242,2.39659,0,0.11443,2.61152
110.852063492,0.0928308,2.16762,0.0573158,0.308692,0.0979258,1.1896,0.740318,0.0241481,2.63097,0,0.11527,2.41899
110.898503401,0.0984627,2.06322,0.0268441,0.115582,0.0967483,0.864009,0.91831,0.0288469,2.77981,0,0.0824015,2.45341
110.944943311,0.576276,1.83633,0,0.385763,0.0664211,0.573347,1.19072,0.165298,2.66302,0.418885,0.0450003,2.28276
110.991383220,1.58242,0.551579,0,0.7827,0.107072,0.422927,1.28918,0.113164,2.13241,0.865316,0.023823,1.53307
111.037823129,1.91113,0.216757,0.168454,0.697944,0.531732,0.311201,0.961345,0.00193719,1.90101,0.933362,0.0115125,1.26112
111.084263039,1.72107,0.485407,0.302895,0.500824,1.05618,0.111361,1.07131,0.0725088,1.76345,0.828204,0.0128218,0.922507
111.130702948,1.32967,0.73185,0.463533,0.167094,1.16349,0.0662553,1.46722,0.268141,1.75655,0.440278,0.0326391,0.76314
111.177142857,0.980391,1.17598,0.573381,0.0975713,0.903761,0.0368378,1.70695,0.21161,1.58093,0.115953,0.557995,1.18703
111.223582766,0.863209,1.73796,0.638309,0.0573248,0.29751,0.252185,1.81357,0.150907,1.25334,0.358072,0.763974,1.10117
111.270022676,0.610563,2.52045,0.359212,0.149401,0,0.50232,2.3073,0.0864751,1.22198,0.386322,0.681294,0.716861
111.316462585,0.311068,2.77371,0.0403429,0.374782,0,0.839036,2.12955,0.102089,1.85913,0.0249132,0.300841,0.591491
111.362902494,0.0938752,2.72684,0.218688,0.363329,0.0111332,1.05066,1.33364,0.0810659,2.47511,0.218899,0.132764,0.539909
111.409342404,0.223525,2.72434,0.270752,0.373136,0,0.959152,1.15812,0.115192,2.75756,0.217133,0.0608952,0.420833
111.455782313,0.138427,2.63957,0.193237,0.353117,0.0122431,0.681834,1.55415,0.180262,2.64596,0.154668,0.0112127,0.409346
111.502222222,0.26747,2.39222,0.000472947,0.676427,0.0651306,0.347586,1.71631,0.194415,2.20702,0.321601,0.764776,0.34818
111.548662132,0.378352,1.51029,0,0.802221,0.338294,0.540837,1.31647,0.187027,1.75279,0.128916,1.36531,0.544842
111.595102041,1.1375,1.2312,0.057762,0.465321,0.368179,0.5805,1.08939,0.0391727,1.79832,0.0395866,1.48262,0.818493
111.641541950,1.49536,1.02861,0.210439,0.388157,0.327606,0.462568,1.11159,0.17116,1.94534,0.0713967,1.34672,0.599327
111.687981859,1.66675,0.934805,0.183873,0.345989,0.150966,0.390514,1.3669,0.406015,2.19053,0.116187,0.935667,0.359206
111.734421769,1.25201,0.892097,0.428055,0.160703,0.132756,0.74975,1.36313,0.44352,2.41006,0.88832,0.109156,0.316235
111.780861678,0.447989,1.0809,0.443479,0.157577,0.166389,1.0263,1.73439,0.0772916,2.26778,0.967611,0.16943,0.244534
111.827301587,0.302185,0.72672,0.690337,0.160882,0.313166,1.15179,1.9998,0.0899089,2.16092,1.03028,0.236332,0.707878
111.873741497,0.523137,0.895354,0.401096,0.461168,0.379894,0.899517,1.86027,0.135052,1.8025,0.237289,0.292169,1.51253
111.920181406,0.334217,1.02762,0.00606086,0.6117,0.549731,0.517525,1.19419,0.606377,1.10255,0.21657,0.216042,2.01103
111.966621315,0.250873,2.01866,0.00808295,0.495412,0.598316,0.392776,1.01505,0.840244,0.438511,0.190703,0.161054,1.71327
112.013061224,0.279402,2.1172,0.0340028,0.631068,0.536847,0.139194,1.47867,0.5968,0.383205,0.12201,0.387906,1.09337
112.059501134,0.344998,1.88232,0.211771,1.07075,0.2562,0.686232,1.54415,0.172261,0.711066,1.99806e-05,0.141149,0.811893
112.105941043,0.327164,1.2864,0.190873,1.10267,0,1.27445,1.07625,0.173834,1.3421,0,0.00604285,1.09763
112.152380952,0.394816,1.87583,0.301543,1.14533,0.222131,1.21353,0.0191791,0.196964,1.43689,0,0.0066649,1.12606
112.198820862,0.187208,1.82132,0.379889,1.25642,0.210495,0.795759,0.121721,0.142829,1.77025,0,0.00624258,1.19692
112.245260771,0.198493,1.90103,0.377359,1.62308,0.158167,0.293514,0.274205,0.152368,1.70302,0.0176273,0.0034377,0.938285
112.291700680,0.251236,2.3383,0.528518,1.14291,0.306222,0.165796,0.508731,0.18117,1.3374,0.175342,0,0.669908
112.338140590,0.288219,2.57302,0.210274,0.775029,0.234561,0.0864533,0.86602,0.177468,0.967544,0.309073,0.000626424,0.549602
112.384580499,0.481145,2.52272,0.0124876,0.608585,0.167145,0.108338,1.00758,0.102204,1.39591,0.280078,0.003838,0.694531
112.431020408,0.548295,2.58306,0.0115942,0.71767,0.0582564,0.297935,0.3092,0.20304,2.08038,0.197177,0.0247958,0.819767
112.477460317,0.433037,2.40253,0.123847,0.955306,0.185169,0.251875,0.156586,0.244095,2.21537,0,0.293938,0.882596
112.523900227,0.277877,2.39403,0.14635,0.848119,0.250486,0.171209,0.134335,0.231859,1.45324,0.0215961,1.26741,0.556718
112.570340136,0,2.60629,0.145846,1.02485,0.150866,0.141015,0.42671,0.486927,0.364175,0.329531,1.07887,0.532503
112.616780045,0.0864022,2.81943,0.0890074,0.524424,0.24963,0.780346,0.472927,0.622743,0.207573,1.01961,0.748203,0.187444
112.663219955,0.232053,2.97651,0.0964068,0.725115,0.154738,1.37482,0.507524,0.334778,0.435858,1.19447,0.20297,0.153423
112.709659864,1.22989,2.3535,0,1.06539,0.105038,1.43361,0.374637,0.0141347,0.859746,0.73183,0.133013,0.105204
112.756099773,1.19794,1.81091,0.000613296,0.96032,0.0460789,1.89683,0.450102,0.0552092,1.39511,0.0835211,0.0411511,0.0168082
112.802539683,0.897411,1.73886,0.0534574,0.571172,0.00112316,2.29781,0.470228,0.0638859,1.64838,0.0184669,0,0.00265476
112.848979592,0.784112,1.53774,0.0145336,0.537985,0.00294344,2.3048,0.349925,0.072622,1.74989,0.037057,0,0.0403801
112.895419501,0.495554,1.61576,0.0226552,0.987099,0.00717928,2.41481,0.206314,0.0520382,1.99487,0.0363369,0,0.195584
112.941859410,0.345577,1.80192,0.0403688,1.21523,0.00756373,2.47304,0.112204,0,2.1767,0.0162113,0,0.383076
112.988299320,0.257046,1.9497,0.00263352,1.22584,0,2.29892,0.0709277,0.037871,2.43402,0.0695848,0.0921629,0.404286
113.034739229,0.796899,1.6654,0.0200224,1.04248,0,2.31659,0.105635,0,2.84117,0.276523,0.0907018,0.508959
113.081179138,1.2619,1.40666,0.0023682,0.636891,0,2.51912,0.080231,0.00300627,3.5093,0.255523,0.0702032,0.481874
113.127619048,1.47187,1.53114,0.00207297,0.618317,0.00809544,2.54457,0.0646632,0.0428178,3.45563,0.279866,0.0734848,0.0793616
113.174058957,1.60893,1.57467,0.0748395,0.726457,0.0197714,2.4446,0.0544555,0.0288063,3.23965,0.0654348,0.0671326,0.00634483
113.220498866,1.57703,1.52811,0.0329838,0.853231,0,2.35854,0.029189,0.00556515,3.12421,0,0.0779446,0.0137392
113.266938776,1.43792,1.5027,0.0465692,0.9573,0,2.25636,0.115502,0.0113308,2.81108,0.00618215,0.027787,0.115156
113.313378685,1.46777,1.50821,0.208303,1.30874,0,1.77976,0.202896,0.0516492,2.41952,0.00424831,0.0255269,0.114355
113.359818594,1.54531,1.40421,0.315149,1.33241,0.00167205,1.65852,0.226242,0.313854,2.35552,0,0.00773774,0.128959
113.406258503,1.1634,1.37454,0.236234,1.4502,0.0475384,1.62217,0.0436512,0.625016,1.44811,0.302974,0.380676,0.387547
113.452698413,0.616994,1.3306,0.111748,1.11689,0.108797,1.86323,0.0642103,0.675516,1.24665,0.199053,0.663314,0.807033
113.499138322,0.682968,1.88308,0.000601457,1.12476,0.126348,1.88756,0.0296058,0.496513,1.36683,0,0.7172,1.03105
113.545578231,1.08684,2.11393,0.00988635,1.23185,0.116238,2.09067,4.32503e-05,0.0185749,2.33832,0,0.493122,0.456095
113.592018141,0.954005,1.73198,0.00415947,0.847861,0.33711,2.22592,0,0.00563725,2.65558,0.0358762,0.574353,0.164349
113.638458050,1.01513,1.46449,0,0.699467,0.196463,2.40158,0,0.0977375,2.77465,0.0946504,0.40341,0.123617
113.684897959,1.13187,1.61891,0.0203465,0.753045,0.0899308,2.52381,0.0206099,0.083643,3.05359,0.077744,0.0440744,0.0686394
113.731337868,1.15561,1.8387,0.169563,0.889598,0.0256931,2.5576,0.0308511,0.057399,3.02611,0.0316039,0,1.3983e-05
113.777777778,0.866153,1.92996,0.193278,1.09573,0.0241454,2.77506,0.0394165,0.0613761,2.60177,0,0,0.00600178
113.824217687,0.602552,1.8378,0.0763518,1.10269,0.0442581,2.74343,0.0500675,0.0589336,2.8159,0,0,0.0964935
113.870657596,0.626298,1.75866,0.00315344,1.15548,0.0485321,2.39783,0.0512623,0.0451467,2.88764,0.00105668,0,0.171535
113.917097506,0.420148,1.5462,0.00305497,1.23492,0.0213278,1.98929,0.358955,0.0985314,2.38908,0.00189131,0.153314,0.381441
113.963537415,0.487592,1.23918,0.0581874,1.05237,0.12204,1.77493,0.892464,0.0136493,1.6402,0.00115692,0.611978,0.336305
114.009977324,0.909791,0.866537,0.147528,0.913416,0.157131,1.78692,1.11003,0.0289001,1.4808,0,0.883198,0.145475
114.056417234,1.41219,0.863479,0.054011,0.84126,0.128514,1.99371,0.810824,0.0165967,1.47813,0.118642,1.12524,0.00901366
114.102857143,1.55472,0.763237,0.0176504,0.580634,0.336222,1.86822,0.637473,0,1.40749,1.2194,1.18655,0.0990001
114.149297052,1.17891,0.397743,0.354055,0.61326,0.316523,1.75042,1.12617,0,1.19497,1.47627,1.01612,0.696745
114.195736961,0.586985,0.374598,0.48458,0.217744,1.10769,0.704833,1.71573,0.00155236,1.40262,1.24261,0.8768,1.404
114.242176871,0.184788,0.349703,0.561456,0.293429,1.40436,0.183983,2.00432,0.0492625,2.00539,0.386833,0.136469,1.49171
114.288616780,0.00831374,0.767865,0.543975,0.415518,1.66457,0.10768,1.47907,0.104271,2.04494,0,0,1.32895
114.335056689,0,0.701422,0.526003,0.404478,1.66185,0.0636282,1.16155,0.121761,1.99437,0,0,1.40754
114.381496599,0,0.476173,0.53989,0.248238,1.62818,0.0296343,1.32832,0.0963302,1.97566,0,0.205937,1.36223
114.427936508,0.00846345,0.606959,0.474485,0.17745,1.5876,0.0358996,1.58403,0.027596,1.94355,0,0.340204,1.0932
114.474376417,0.0897243,1.28899,0.396514,0.67675,1.58844,0.145014,1.59235,0,1.7155,0.0154661,0.0996255,1.00381
114.520816327,0.104007,1.42594,0.276573,1.02309,1.51434,0.250388,1.15529,0,2.07905,0.0479003,0.0949852,1.62163
114.567256236,0.146832,0.972848,0.0391144,1.24806,1.23309,0.229634,0.978821,0,2.45602,0.0753412,0.0810835,2.20982
114.613696145,0.192775,0.556997,0.000762764,1.28731,1.30918,0.0641808,1.02354,0.0594354,2.5165,0.00733386,0.0748858,2.31479
114.660136054,0.288497,0.187691,0.00783535,1.19617,1.12061,0,1.0763,0.0426744,2.60951,0,0.0688263,2.33012
114.706575964,0.354633,0.121181,0.00108845,1.04177,1.07365,0.00953302,0.774236,0.0438289,2.77267,0.0708647,0.0765845,2.23801
114.753015873,0.311921,0,0.0314888,0.853463,1.1424,0.0211574,0.465993,0.0580418,2.60225,0.0251206,0.00319078,2.39688
114.799455782,0.230809,0.0374983,0,0.639813,1.25931,0.0854615,0.779643,0.0713967,1.97664,0.0263834,0,2.47664
114.845895692,0.292339,0.0670708,0.00101136,0.388219,0.906532,0.476885,1.07145,0.0918514,1.69914,0,0,2.46203
114.892335601,0.398361,0.359104,0.0499643,0.511786,0.47455,0.467798,1.11075,0.11305,1.87803,0,0.000562374,2.45383
114.938775510,0.548426,0.8797,0.166487,0.675364,0.716727,0.0464445,1.13662,0.157895,1.66401,0.0155092,0.00126904,2.32299
114.985215420,0.322149,1.08197,0.131826,0.880094,1.16895,0.023701,1.42185,0.0898426,1.34556,0.00470003,0.000170468,2.21863
115.031655329,0.00844087,1.21164,0.19428,0.672678,1.59199,0.0525804,1.92274,0.0508033,1.2844,0.0226349,0.0763829,1.9885
115.078095238,0.0519505,1.21064,0.226051,0.132294,1.99633,0.0561824,1.7984,0.0442441,1.62021,0,0.449188,1.67524
115.124535147,0.0333278,0.833152,0.324688,0.00253643,1.76808,0.0540441,1.52597,0.0569847,2.18132,0,0.414896,1.39711
115.170975057,0.0787831,1.00229,0.257549,0.00144854,1.45038,0.0306233,0.866587,0.0743101,2.1106,0.976492,0,0.860612
115.217414966,0.0692275,1.35771,0.134698,0.000700794,1.01886,0.0531475,0.205456,0.0420541,1.93329,1.56468,0,0.897971
115.263854875,0.154904,1.14858,0.236286,0.212879,0.929719,0.0761589,0.00901487,0,1.71918,1.62795,0,1.30436
115.310294785,0.158633,0.553911,0.967824,0.422178,1.15913,0.0725315,0.419379,0,1.75227,1.11298,0.00947438,1.67754
115.356734694,0.497614,0.0716074,0.951836,0.400856,1.14336,0.0303511,0.764812,0.291909,1.95168,0.0663151,0.0750402,2.40063
115.403174603,0.817474,0.0744195,0.83161,0.669476,0.926896,0.0173651,0.792426,1.15748,0.614839,0.0656949,0.141601,2.69165
115.449614512,0.759128,0.196016,0.633067,0.492785,1.25268,0.0203452,0.881632,1.59402,0.046874,0.0535419,0.287645,2.76521
115.496054422,0.511185,0.317946,0.166191,0.332729,1.76059,0.0277017,1.43658,0.726053,0.0885231,0.011503,0.324127,2.54272
115.542494331,0.378528,0.885137,0,0.400824,2.04662,0.0364247,1.45932,0.0100977,0.366487,1.03142,0.49542,1.59825
115.588934240,0.245528,1.52136,0,0.857713,2.12336,0.0391725,0.563293,0.0126607,0.234862,1.50237,0.432652,1.08762
115.635374150,0.488239,1.37169,0,1.39969,2.03782,0.0604734,0.00721701,0.000536581,0.611626,1.27928,0.529138,0.630007
115.681814059,0.497444,1.763,0.0483094,1.63335,1.60107,0.179742,0.0631752,0.00286512,1.36319,1.12015,0.34619,0.177042
115.728253968,0.469157,1.79123,0.1349,1.62356,1.37729,0.196221,0.0138758,0.0369422,2.43938,0.926963,0.00554381,0.207468
115.774693878,0.394715,1.5932,0.0683319,1.49653,1.36191,0.104818,0.0237487,0.051884,2.91293,1.07798,0.0068474,0.224165
115.821133787,0.273984,1.33871,0,1.38011,1.11298,0.0195665,0.0391006,0.0537547,3.17764,1.06808,0.00716396,0.207339
115.867573696,0.196593,1.33087,0.21329,1.45621,0.796932,0.0409376,0.0368138,0,3.32361,0.816971,0.00723288,0.252589
115.914013605,0.252595,1.64581,0.173141,1.43475,0.0625501,0.148486,0,0.0244548,3.42203,0.88346,0.00657017,0.54912
115.960453515,0.153359,1.88021,0.727177,1.10565,0.10567,0.155572,0.200299,0.343736,3.14592,1.02467,0.0464784,0.797146
116.006893424,0.118859,1.59317,0.88328,0.911603,0.0621996,0.255682,0.082187,1.51862,2.45273,0.343676,0.168992,1.30108
116.053333333,0.0834078,1.38939,0.614108,1.36257,0.0152888,0.218991,0.00568791,2.30242,1.63835,0.473722,0.0491367,1.63753
116.099773243,0.324788,1.47775,0.233165,1.43155,0.690634,0.0491423,0.0651927,1.38422,1.65327,1.71557,0.0447057,1.30068
116.146213152,0.591444,1.80366,0.157267,1.4731,0.819558,0.0578276,0.0662789,0.0913109,1.79384,2.22424,0.0588019,0.911059
116.192653061,0.697428,1.92565,0.259371,1.26368,0.482466,0.110376,0.037335,0.00259833,1.90329,2.1304,0.0419622,0.84611
116.239092971,0.806374,2.09656,0.264536,1.20368,0.903066,0.031466,0.00257795,0,1.77313,1.79032,0.0875035,0.668176
116.285532880,0.585423,2.09246,0,1.25731,1.40681,0.118763,0.00581581,0.551531,2.10215,1.21414,0.0481561,0.604663
116.331972789,0.371719,1.80032,0,1.30947,1.58714,0.0481283,0.0329372,0.823113,2.3369,0.405601,0.111732,0.8305
116.378412698,0.321536,1.48186,0,1.47454,1.53498,0.0118264,0.0389629,0.800392,2.08002,0.163923,0.175826,0.534981
116.424852608,0.296022,1.85144,0,1.51487,1.21609,0.0436057,0.0352708,0.426374,2.32179,0.657812,0.184815,0.143065
116.471292517,0.305073,2.20528,0,1.34813,1.00543,0.0286816,0.10269,0.00032867,2.8501,0.915842,0.0835442,0.052896
116.517732426,0.393089,2.08981,0.000174023,1.2836,1.26248,0.00850884,0.231463,0,2.45659,1.24906,0.096514,0.000187787
116.564172336,0.356942,1.64918,0,1.42331,1.31763,0.0013996,0.173812,0,2.02447,1.57195,0.144109,0.0731804
116.610612245,0.218766,1.47529,0,1.49611,1.40093,0,0.227543,0.0120002,1.74404,2.48951,0.120175,0.120939
116.657052154,0.0773786,1.52333,5.83168e-05,1.49487,1.12301,0,0.198068,0.0187734,1.02706,3.38578,0.112495,0.0141498
116.703492063,0.248874,1.64675,0.0340294,1.33773,0.929725,0,0.0891112,0,0.494819,3.60995,0.0332997,0.000157199
116.749931973,0.317396,1.45719,0.568866,0.882205,1.30811,0,0.0300058,0.0192505,0.528046,3.62774,0.0334059,8.84963e-05
116.796371882,0.227375,1.18035,0.926541,0.488818,1.70259,0,0,0.00884945,0.838116,3.54821,0.041958,0.000138683
116.842811791,0.105007,1.02987,0.884154,0.230821,2.02913,0.0406371,0,0.0104683,1.51855,3.24871,0,0.0702521
116.889251701,0.243831,0.655461,0.552962,0.356079,1.98666,0.012783,0.0557645,0,2.30944,2.32772,0,0.124775
116.935691610,0.290853,0.713079,0.302156,0.71172,1.51481,0.134877,0.0689766,0,2.57565,1.95738,0,0.16824
116.982131519,0.177516,1.09474,0.209591,1.12534,1.17904,0,0.0656072,0,2.58516,1.65607,0.0993258,0.262886
117.028571429,0.107153,1.40658,0.067621,1.35235,1.3068,0,0.0744588,0.051978,2.9906,1.28957,0.115246,0.236828
117.075011338,0.0803371,1.42484,0.0979911,1.39311,1.35468,0.00221327,0.170476,0.0876329,3.07858,1.18976,0.113433,0.357461
117.121451247,0.11293,1.34117,0.163749,1.38592,1.33593,0.0164934,0.658584,0.0983844,2.61968,1.0835,0.157585,0.385109
117.167891156,0.0327374,1.6352,0.257817,1.14118,1.00152,0.00622204,1.32085,0.0320866,2.47449,0.507971,1.11087,0.153019
117.214331066,0.0115791,1.7403,0.38337,0.317515,0.413307,0.0527545,1.76751,0.0329863,2.26047,0.472955,1.12628,0.537045
117.260770975,0.107993,1.63636,0.612735,0.19469,0.602822,0,2.00313,0.0669596,1.91943,0.183569,0.571103,0.944442
117.307210884,0.287197,1.53225,0.673729,0.172706,0.47374,0,1.98997,0.0949567,1.60285,0,0.31752,1.08058
117.353650794,0.330776,1.27434,0.63287,0.296252,0.149971,0.0024279,2.26156,0.0925163,1.90986,0,0.833883,0.812835
117.400090703,0.267409,1.29879,0.163655,0.635863,0.23125,0.0161045,2.41799,0.101653,2.56845,0,1.13884,0.227854
117.446530612,0.33336,1.67984,0.324172,0.687512,0.359351,0.0422694,2.10354,0.134705,2.6852,0,1.16179,0.00405406
117.492970522,0.362918,1.71079,0.120532,0.753175,0.248368,0.046178,1.62182,0.395919,2.71559,0,0.827011,0.0843286
117.539410431,0.196446,1.13954,0.0779299,0.795492,0.163301,0.035728,1.3001,0.110066,3.03199,0,0.960698,0.0576874
117.585850340,0.252683,1.16761,0.0827816,0.759792,0.321634,0.0207351,1.19003,0.024801,3.19449,0,1.18786,0.0481203
117.632290249,0.14674,1.6299,0.126915,0.717245,0.728904,0.0239436,0.936037,0.0453117,3.04152,0.0363313,0.686616,0.44639
117.678730159,0.0922725,1.77525,0.505914,0.671149,0.431694,0.038328,1.20533,0.419253,2.65392,0.0988653,0.871099,0.542342
117.725170068,0.0948979,2.31938,0.176197,0.518492,0.0149348,0.0512142,1.92639,0.80178,1.71358,0.117394,1.88081,0.26654
117.771609977,0.244269,1.5653,0.354205,1.07395,0.039202,0.0423686,3.05662,0.158861,0.643185,0.165014,2.09921,0.596163
117.818049887,0.478502,0.92337,0.595723,1.3275,0.27218,0.122097,2.45183,0.0978515,0.640319,0.625833,1.261,1.4945
117.864489796,0.294196,0.579006,0.685162,1.38848,0.444674,0.29584,2.20917,0.0922021,0.669432,0.605477,0.7827,1.91504
117.910929705,0.107271,0.877776,0.524336,1.30903,0.360126,0.167965,2.478,0.21257,0.696412,0.304176,0.833173,2.00472
117.957369615,0.0763793,2.30864,0.124827,0.773663,0.129218,0.0741723,2.52961,0.221517,0.659731,0.0292158,1.15565,1.582
118.003809524,0.139972,2.46037,0.00895825,0.346685,0.39963,0.0495114,2.71481,0.166109,1.09845,0.0131766,1.23601,0.393575
118.050249433,0.285272,2.20776,0.0192233,0.569397,0.693163,0.0580375,2.03285,0.101376,1.4133,0.00101068,1.02272,0.071268
118.096689342,0.42135,1.98965,0,0.692782,0.828854,0.0772557,1.2432,0.0910645,1.72383,0,1.03583,0.120818
118.143129252,0.558008,1.48959,0.0754523,0.683449,0.71058,0.0776026,1.11169,0.0498671,2.38614,0,1.08084,0.159358
118.189569161,0.627316,1.5125,0.417771,0.493726,0.330047,0.243751,1.15989,0.245331,2.58434,0.0155841,0.893128,0.163235
118.236009070,0.128092,1.35212,0.272082,0.501991,0.0579263,0.263201,1.40627,0.557376,2.38544,0.0342697,0.818174,0.426446
118.282448980,0.111731,1.08127,0.114153,0.6391,0.0495349,0.0580904,1.65845,0.31501,2.45657,0,0.818321,0.788567
118.328888889,0.17164,0.878604,0.234964,0.659125,0.0482415,0.0391177,1.95919,0.0872932,2.31019,0,1.11726,1.0145
118.375328798,0.212005,0.826687,0.384349,0.520482,0.0682394,0.0315039,2.5447,0.131149,1.50919,0,1.32748,0.961913
118.421768707,0.278877,0.608739,0.404182,0.443305,0.113145,0.0121077,2.93898,0.159242,0.640809,0,1.41512,0.942352
118.468208617,0.103675,0.904295,0.370376,0.178755,0.124907,0.026267,2.95995,0.172696,0.274779,0,1.7103,0.606018
118.514648526,0.0647542,1.62482,0.0825306,0.294383,0.0714996,0,2.40728,0.73939,0.0401937,0.203719,1.90259,0.25274
118.561088435,0.30513,1.85603,0.212355,0.0798848,0.0083982,0.0196243,2.1436,0.934748,0.215578,0.175658,1.80633,0.554754
118.607528345,0.840554,1.02267,0.707125,0.100694,0,0.355276,1.68097,0.773211,0.935306,0.173709,1.36495,0.619861
118.653968254,0.853491,1.17574,0.877023,0.404529,0,1.34953,0.413189,0.506035,2.28115,0.0997259,0.117646,0.269543
118.700408163,0.909715,1.18644,0.591448,0.835901,0,1.71744,0.138185,0.0568212,3.30324,0.026526,0.00692239,0.0291823
118.746848073,0.923127,1.20166,0.156474,0.735309,0,1.63925,0.115395,0.0768959,3.50455,0,0.00619928,0.223697
118.793287982,0.930638,1.29065,0,0.843229,0,1.5201,0.0598088,0.0811641,3.5717,0,0.00538605,0.393351
118.839727891,0.761988,1.39034,0.0134742,1.09235,0.0709108,1.79152,0.055422,0.0268025,3.42293,0,0.00443352,0.526249
118.886167800,0.558531,1.68666,0.00334787,0.959114,0.180697,2.27086,0.00866696,0.0223362,3.10232,0.220278,0.0103941,0.488254
118.932607710,0.512089,1.57416,0.00194208,1.01373,0.193031,2.14592,0,0.0126742,2.85317,0.530272,0.0879021,0.407468
118.979047619,0.854155,1.29811,0.00168515,0.704241,0.179751,2.00982,0,0,3.25859,0.396563,0.0831357,0.308115
119.025487528,1.0379,1.27654,0.04003,0.483764,0.158267,2.22806,0.0125171,0.00762631,3.36889,0.375186,0.105025,0.12682
119.071927438,1.26673,1.46983,0.00130477,0.6418,0.111575,2.32754,0.0200739,0.0372743,2.72884,0.249303,0.0539138,0.0254079
119.118367347,1.59383,1.5397,0.000728905,0.603588,0.0030397,2.23721,0.0709644,0.0156812,2.33763,0.0932631,0.07315,0.0739398
119.164807256,1.47203,1.55286,0.347654,0.577316,0,2.03177,0.0553219,0.133484,2.13613,0.000119782,0.0306389,0.0559489
119.211247166,1.02746,1.62995,0.562143,0.429832,0.0288703,1.80302,0.0492,0.347359,2.03178,0.0395021,0.0575192,0.0974599
119.257687075,0.807803,1.76481,0.413956,0.51966,0.0554996,1.56552,0.268587,0.509364,1.52053,0,0.305523,7.27898e-06
119.304126984,0.847984,1.67197,0.33143,0.916866,0.0647482,1.21995,0.815729,0.113475,0.812547,0.225581,0.43344,9.88861e-05
119.350566893,0.615186,1.51216,0.0550281,1.14293,0.0409264,1.22493,1.76778,0.107412,0.696438,0.288324,0.688699,0.000197241
119.397006803,0.467682,1.57538,0.0555283,1.00423,0.0256376,1.31465,2.24782,0.034467,0.959674,0.0351737,0.965912,0.000222113
119.443446712,0.302148,2.58418,0.00242683,0.463606,0.0407208,1.33867,2.29171,0.0326261,0.761272,0,0.874268,0.0597647
119.489886621,0.415986,2.9571,0.000722194,0.0510712,0.0735663,1.28748,2.11009,0.0308741,0.744102,0.0249838,0.672204,0.191558
119.536326531,0.54552,2.53197,0.00812182,0,0.102487,1.46361,1.82047,0.0214741,0.900037,0.0878272,0.70161,0.26176
119.582766440,0.581826,2.19275,0,0,0.330121,1.92117,1.16823,0.0385889,0.898367,0.116694,0.628257,0.126257
119.629206349,0.754526,1.93188,0.139185,0.112115,0.600161,2.24046,0.20919,0.0823123,0.873939,0.269677,0.220117,0.351159
119.675646259,0.725648,1.64306,0.234649,0.294518,0.821213,2.47147,0.0336081,0.0709631,1.14295,0.116928,0.0035614,0.466159
119.722086168,0.640054,1.57483,0.171975,0.120257,1.04032,2.4202,0.0508231,0.0636396,1.6491,0.00541855,0.00403057,0.365497
119.768526077,0.41858,1.51425,0.0873695,0.149178,0.939422,2.23996,0.0557589,0.151998,1.74929,0,0.00329043,0.461916
119.814965986,0.387687,1.56125,0.0267602,0.474436,0.653254,1.93947,0.0555309,1.23291,0.694202,0,0.138095,0.427708
119.861405896,0.154748,1.7166,0.00320134,0.854871,0.144196,1.65957,0.401643,1.4463,0.522903,0.219296,0.353353,0.29499
119.907845805,0.662713,1.59631,0.00503893,0.7007,0.179561,1.43519,1.18554,1.06059,0.45233,0.116348,0.667802,0.271188
119.954285714,1.19043,1.72338,0.00321352,0.455719,0.11012,1.76399,1.67948,0.397669,0.829652,0,0.774083,0.296288
120.000725624,0.936722,2.00797,0.00410713,0.0605645,0.103727,1.92596,1.85489,0.0251961,1.18121,0.0756904,0.486669,0.233792
120.047165533,1.23687,2.04617,0.00236987,0.188629,0.426161,1.4748,1.78092,0,0.988425,0.361864,0.307417,0.472687
120.093605442,0.744252,1.4373,0,0.0705166,0.69954,1.25859,1.9613,0,1.16391,0.250254,0.499507,1.41109
120.140045351,0.222636,1.10993,0.00440463,0.0806014,1.32043,0.278057,2.46466,0.0227346,0.920921,0.274782,0.422985,1.71706
120.186485261,0.0787286,0.732297,0.146246,0.216605,1.91172,0.35384,1.84993,0.351562,0.951695,0.0207765,0,2.13093
120.232925170,0.0576758,0.488328,0.200585,0.00449807,2.8125,0.212848,1.09504,0.530284,1.27027,0,0.172226,2.1344
120.279365079,0.0792227,0.270156,0.179237,0,3.32183,0.0185626,1.06969,0.381715,1.14083,0.00129164,0.395814,2.27008
120.325804989,0.0201334,0.152185,0.132888,0,3.75891,0.0363993,1.18777,0.0893533,0.944372,0.00250218,0.426331,2.25636
120.372244898,0.0532187,0.306241,0.082944,0.0133523,4.05857,0,1.00034,0,0.670097,0.00275744,0.30802,2.29479
120.418684807,0.0701961,0.634149,0.0754713,0,4.02919,0,0.80284,0,0.755487,0.0422451,0.155847,2.35658
120.465124717,0.0697699,0.596446,0.2151,0.0685719,3.70229,0.00016319,0.793141,0,1.04203,0.0961561,0.0971278,2.78326
120.511564626,0.0759785,0.545993,0.12809,0.577574,2.55346,0.0532285,1.1068,0.862665,0.823637,0.0388902,0.106811,2.96563
120.558004535,0.0992341,0.830434,0.0929364,0.695241,1.29988,0.088559,1.11864,1.26525,0.945179,0,0.0925728,2.82251
120.604444444,0.120087,1.14708,0.0903429,0.506449,0.841107,0.0469795,1.39129,1.15226,0.960966,0,0.267956,2.2789
120.650884354,0.116446,1.16998,0.203358,0.193216,0.860938,0.019692,1.83912,0.919047,0.836988,0,0.393791,2.24225
120.697324263,0.0727885,1.10775,0.12366,0.227193,0.926605,0.0269451,2.26701,0.688631,0.383172,0.0291412,0.396276,2.55196
120.743764172,0,1.16411,0,0.298204,0.924286,0.0685716,2.83541,0.0601826,0.217742,0.00402749,0.433781,2.60412
120.790204082,0,1.23583,0.00677125,0.28477,0.926006,0.27692,2.77365,0.102206,0.404621,0,0.770862,2.18949
120.836643991,0.0318423,1.11258,0.000109066,0.399538,0.885038,0.141918,2.42538,0.153117,0.503836,9.46387e-06,1.07417,1.74105
120.883083900,0.0448537,1.01272,0.00486013,0.437026,1.08575,0.102979,2.18623,0.133215,0.607086,0,1.03404,1.65207
120.929523810,0.0166782,1.02643,0.00222275,0.609804,1.22742,0.0499095,1.18623,1.41929,0.739755,0,0.023407,1.99799
120.975963719,0.0123106,0.982942,0.0197041,0.454655,1.14412,0.0365481,1.07866,1.43326,0.840293,0,0.15926,1.69672
121.022403628,0.00250764,1.01092,0.000492792,0.00457401,0.845293,0.0149278,1.17299,1.32949,0.728321,0,0.433095,1.46983
121.068843537,0,1.01866,0.00967037,0.00155744,0.905415,0.0133364,1.4156,1.05734,0.610472,0,0.56787,1.26133
121.115283447,0,0.932475,0.176246,0.000500507,0.780225,0.0240466,1.68993,0.630322,0.612949,0.000861618,0.618027,1.46756
121.161723356,0,0.946602,0.507122,3.57361e-05,0.745642,0.0553026,1.59627,0.573316,1.26597,0.00653789,0.439864,1.52687
121.208163265,0,0.918687,0.713743,0.0372786,0.858953,0.0773807,1.10108,0.767727,2.38448,0.0101754,0.320638,1.1683
121.254603175,0.0636436,0.760599,0.988684,0.259278,0.876552,0.0584254,0.684419,0.386757,3.19723,0.00405013,0.0142301,1.11383
121.301043084,0.259185,0.671451,1.04294,0.343702,1.08166,0.086311,0.560674,0.0623699,3.08589,0,0.0103313,1.50138
121.347482993,0.485585,0.172187,0.825029,0.409382,1.30296,0.0843498,0.689509,0.0415766,2.74956,0,0.00884441,1.65158
121.393922902,0.541323,0,0.495013,0.408293,1.50168,0.0743498,0.892357,0.0439155,2.41463,0,0.00226283,1.63622
121.440362812,0.46156,0.40749,0.141181,0.622598,1.87105,0.0311108,0.933136,0.0321292,2.17949,0,0.0554826,1.26522
121.486802721,0.368796,0.939113,0,0.690419,1.88447,0.119817,0.280442,0.0130585,2.10052,0.00316619,0.103499,1.17329
121.533242630,0.448287,1.07721,0,0.85219,1.96452,0.0979632,0,0.00217975,2.3554,0.0798831,0.160981,1.18696
121.579682540,0.509702,1.45337,0.0180502,1.16735,1.64224,0.161511,0.000620601,0,2.649,0.460891,0.107605,0.912705
121.626122449,0.504091,1.65939,0.00768893,1.52334,1.2655,0.255194,0.00273007,0.0039395,2.88893,0.731721,0.0024514,0.323044
121.672562358,0.352131,1.63276,0.00104531,1.54477,1.36188,0.188085,0.0122001,0.0488591,3.01667,0.885803,0.00283648,0.213919
121.719002268,0.330023,1.58846,0,1.40414,1.33832,0.125431,0.0252901,0.0586619,3.116,0.989181,0.00250708,0.219413
121.765442177,0.257395,1.38095,0,1.29532,1.05321,0.0591395,0.0459038,0.0531723,3.39487,0.848557,0.00201513,0.0878288
121.811882086,0.216158,1.58508,0.176695,1.41512,0.897839,0.0325202,0.027651,0.0252689,3.50239,0.802252,0.00139179,0.0247034
121.858321995,0.332076,1.69976,0.135127,1.30575,0.304379,0.033883,0,0.0213328,3.4743,0.922735,0.000791871,0.373968
121.904761905,0.324865,1.63086,0.336804,1.1628,0.104934,0.12369,0.0574374,0.0185914,3.48675,0.733967,0.0580388,0.724867
121.951201814,0.259968,1.49001,0.477475,0.971216,0,0.195186,0.0622449,0.0212535,3.45614,0.439531,0.117434,1.00908
121.997641723,0.223149,1.34053,0.506768,1.26732,0.525284,0.126981,0.00828438,0.0728154,2.57758,1.22349,0.0706094,0.577442
122.044081633,0.26759,1.40368,0.256251,1.52567,0.686079,0.0293638,0.0391436,0.0505444,2.05817,1.64428,0.0605297,0.352613
122.090521542,0.307388,1.5566,0.356511,1.52743,0.505728,0.0290726,0.0622184,0.0118657,1.9627,1.67974,0.0894387,0.49564
122.136961451,0.486593,1.65458,0.505162,1.3303,0.285256,0.0218178,0.154052,0.00217361,2.10542,1.5051,0.0384908,0.464994
122.183401361,0.732331,1.92308,0.451509,0.915188,1.08299,0.0819485,0.0820374,0.00621902,2.24028,1.00772,0.0241712,0.122097
122.229841270,0.8028,1.66432,0.196877,0.894215,1.03586,0.10084,0.0321506,0.0496505,2.35045,0.986323,0.0668595,0.00420008
122.276281179,0.618709,1.78409,0.0643269,0.821879,1.1781,0.0231414,0.0514815,0.17299,2.04338,0.977342,0.173455,0.000719417
122.322721088,0.501475,1.87258,0.0913882,0.876707,1.44016,0.0269377,0.0540382,0.144988,1.99515,0.483057,0.178165,0.000645345
122.369160998,0.540171,1.43463,0.202738,1.02985,0.938964,0.036698,0.0375503,0,2.68242,0.616088,0.105527,0.000565083
122.415600907,0.5085,1.33774,0.105028,1.50132,1.09619,0.0162702,0.00757538,0,2.91846,0.889779,0.0676568,0.000485357
122.462040816,0.517417,1.09835,0.00862672,1.81596,1.40749,0.00063804,0.00385108,0,2.96332,0.961057,0.103842,0.21579
122.508480726,1.74091,0.75135,0,1.6584,1.37399,0,0.00871725,0.000390155,2.98861,1.0772,0.164779,0.00398571
122.554920635,2.18825,0.606777,0,1.61724,1.05194,0,0.00854812,0,2.83554,1.23474,0.111656,0.000507744
122.601360544,2.14831,0.43449,0,1.53225,0.75915,0.0294476,0,0.0154886,2.71924,1.1249,0.0855055,0.000380028
122.647800454,2.11902,0.0122885,0,1.34136,0.671559,0.963569,0,0.027565,2.78303,0.790097,0.0660472,0.000446327
122.694240363,1.41532,0.010902,0,0.890252,0.787914,1.08331,0.00320509,0.0294999,2.77187,0.942197,0.0727614,0.0896054
122.740680272,0.41567,0.304353,0.171274,0.69955,1.19162,0.953851,0,0.0298684,3.05037,0.9146,0.000252156,0.357294
122.787120181,0.197221,0.404004,0.0757791,1.15206,1.28096,0.467058,0,0.0273593,3.196,1.02543,0.00136145,0.435013
122.833560091,0.260824,0.226175,0.373851,1.43664,1.05852,0.0342285,0,0.0263244,3.32032,0.926733,0.0610858,0.492404
122.880000000,0.228036,0.33344,0.664492,1.46677,0.927103,0.131187,0,0.0121823,3.32388,0.799734,0.273565,0.525574
122.926439909,0.166947,0.704329,0.604486,1.47839,0.960634,0.104677,0.0145776,0.0141725,3.29897,0.828775,0.441068,0.461309
122.972879819,0.196743,0.759126,0.210149,1.51235,1.08018,0.114575,0.0416447,0.0612876,3.21739,0.883765,0.0676428,0.68629
123.019319728,0.337942,0.555781,0.188124,1.59338,1.06257,0.0206009,0.389681,0.0817716,3.06375,0.783299,0.0463114,0.655473
123.065759637,0.355252,0.223775,0.221527,1.53193,0.852732,0.0653356,0.749373,0.0894747,3.02017,0.28117,0.116406,0.933519
123.112199546,0.437635,0.17962,0.238129,1.20929,0.221245,0.0705781,0.98549,0.0829859,3.25548,0.0108971,0,1.38917
123.158639456,0.386966,1.03113,0.0142806,0.811324,0.249161,0.0592074,0.705814,0.0702239,3.21475,0,0.110524,1.48133
123.205079365,0.50342,1.48239,0.197521,0.549845,0.474376,0.446126,0.514611,0.0761458,3.00379,0.173253,0.490215,0.906541
123.251519274,0.819911,0.880048,0.306588,0.646458,0.38977,0.341155,0.949071,0.0764976,2.74579,0.0919101,0.844392,0.557371
123.297959184,0.991843,0.426703,0.283355,0.648147,0.313025,0.0726011,1.28673,0.119025,2.43834,0.0369698,0.918269,0.964724
123.344399093,0.587141,0.468321,0.266719,0.63243,0.345606,0.0864439,1.2236,0.162543,2.22603,0,0.798424,1.3057
123.390839002,0.185176,0.702378,0.136448,0.578261,0.388438,0.132847,0.982788,0.279321,2.22278,0,0.845363,1.59795
123.437278912,0.0317068,0.924926,0,0.612412,0.531828,0.425201,0.514083,0.448449,2.1999,0,1.14941,1.59883
123.483718821,0.0414152,1.38468,0.262623,0.751977,1.09142,0.530475,0.721284,0.476148,2.14035,0,2.24709,0.680521
123.530158730,0.0868934,1.41087,0.540989,0.355866,1.62404,0.110552,1.3614,0.0951941,2.00663,0,2.31564,0.490172
123.576598639,0.152681,0.501974,0.776428,0.109242,1.71196,0.111371,1.50158,0.282507,1.34862,0,2.02653,0.676187
123.623038549,0.212243,0.53046,1.08337,0.128215,1.53394,0.0922496,1.32683,0.282892,0.937249,0,2.24001,0.69192
123.669478458,0.166104,0.614968,1.27598,0.102376,1.36555,0.0996301,1.29554,0.195799,0.718764,0,2.31218,0.451761
123.715918367,0.19472,1.05329,0.972639,0.110095,1.2582,0.102511,1.19529,0.0895817,0.608015,0,1.96151,0.10615
123.762358277,0.607463,1.20885,0.481629,0,1.36577,0.293775,1.49987,0.159489,0.776161,0,1.42725,0.0619654
123.808798186,0.602011,1.09382,0.097638,0,1.41481,0.619379,1.98218,0.373422,0.649777,0,1.35994,0.0391294
123.855238095,0.0520479,1.61571,0.60553,0.11361,1.0661,0.535155,1.77578,0.283417,0.074557,0.0434481,2.12248,0.0370001
123.901678005,0.132812,1.9711,0.78313,0.231684,0.546917,0.129725,1.32712,0.24434,0.48599,0.55569,1.89127,0.0433045
123.948117914,0.262547,1.51227,0.433023,0.364925,0.463446,0.186525,1.168,0.266722,1.49307,0.540956,1.35294,0.0666898
123.994557823,0.697075,1.15878,0.243008,0.307574,0.387863,0.161991,1.02173,0.330046,2.02437,0.184804,0.993767,0.117658
124.040997732,0.873581,1.00072,0,0.219484,0.0683432,0.194871,1.39942,0.366698,1.9526,0.161051,1.04866,0.113152
124.087437642,0.713096,1.43995,0,0.41417,0.0200815,0.664461,1.31215,0.260775,1.33778,0.159779,0.56276,0.530302
124.133877551,0.813617,1.72096,0,0.741264,0.112702,0.334518,0.839177,0.39138,1.33089,0.234764,0.768524,0.68952
124.180317460,0.511908,1.36016,0,0.842227,0.237082,0.0277663,1.07036,0.308821,1.78368,0.00389258,0.854049,0.827737
124.226757370,0.24436,1.16514,0.00970658,0.47805,0.39651,0.0234959,1.45193,0.134402,2.10762,0.00767112,0.876958,1.28703
124.273197279,0.306156,1.25696,0.156678,0.45612,0.35797,0.0314067,2.31342,0.0947836,1.82397,0.000644099,0.718057,1.49804
124.319637188,0.877037,1.66956,0.479419,0.264122,0.169632,0.0258877,3.22499,0.171703,1.16687,0.00823042,0.626202,1.03008
124.366077098,0.391865,1.98046,0.924847,0,0.0209305,0.208736,3.35015,0.138007,0.12435,0.0470076,0.701358,1.28543
124.412517007,0.0109197,1.79985,0.652338,0,0.0279367,0.0285148,3.42225,0.209453,0.0329484,0.177027,1.38604,0.602757
124.458956916,0.131629,1.53325,0.403786,0.0159203,0.0788425,0.276751,2.90252,0.312794,0.0629471,0.388291,1.20045,0.368902
124.505396825,0.584502,1.43863,0.156435,0.572935,0.0647842,0.923981,2.14987,0.210371,0.259834,0.364389,0.632006,0.146226
124.551836735,1.13453,1.32356,0.0362806,1.10428,0.0251756,1.51998,0.780296,0,0.727362,0.37568,0.366748,0.150369
124.598276644,1.15945,1.47966,0.0452246,1.22578,0,1.89837,0.172664,0.00168776,0.982064,0.248114,0,0.0448104
124.644716553,0.936146,1.64764,0.256602,0.865992,0,2.29216,0.433357,0.0541809,1.51496,0.123308,0,1.57583e-05
124.691156463,0.759987,1.61439,0.674843,0.432135,0,2.14595,0.460217,0.0705358,2.06085,0.058236,0.0220902,0
124.737596372,0.710041,1.53614,0.875594,0.228992,0,2.18105,0.223685,0.0675069,2.37897,0,0.0270374,0
124.784036281,0.625212,1.69141,0.93878,0.544777,0,2.24834,0.118688,0.00610284,2.50996,0,0,0.186534
124.830476190,0.588592,1.76965,0.67897,0.650289,0.0734095,2.31604,0.0723057,0.0020312,2.79917,0.016636,0.0631681,0.176868
124.876916100,0.977731,1.60148,0.347486,0.579917,0.0265448,2.41392,0.0847918,0,3.29326,0.140111,0.0861452,0.138423
124.923356009,1.34209,1.41196,0.063664,0.521137,0,2.62497,0.066028,0,3.76408,0.293926,0.0630261,0.120749
124.969795918,1.37074,1.5263,0.00159789,0.571333,0.00559636,2.48006,0.0661832,0.0311129,3.662,0.28656,0.0710892,0.0223104
125.016235828,1.47477,1.51272,0.00156762,0.630242,0.0336931,2.30371,0.0492197,0.0255207,3.4965,0.0653657,0.0706579,0.103523
125.062675737,1.5915,1.49858,0.0439866,0.624208,0,2.10597,0.0394109,0.0115837,3.39812,0,0.12992,0.19933
125.109115646,1.59846,1.48126,0.158516,0.49832,0,2.13118,0.023578,0.364492,3.29319,0.0105742,0.053964,0.121239
125.155555556,1.89695,1.60792,0.233207,0.605498,0.000395572,2.31482,0.00379168,0.478781,2.86755,0.0267432,0.0239034,0.135812
125.201995465,1.78753,1.57852,0.285704,0.785594,0.106455,2.25371,0.0371536,0.347399,2.48019,0.0182147,0,0.0462361
125.248435374,1.55189,1.42645,0.350863,1.0851,0.086813,1.86549,0.0391053,0.274291,2.27093,0.259608,0,0.0988852
125.294875283,1.21525,1.17666,0.31436,1.23448,0.0296509,1.63107,0.0658513,0.255179,2.28978,0.208534,0.321435,0.363143
125.341315193,1.20441,1.43782,0.23595,1.07271,0.0365236,1.75973,0.0370582,0.197522,2.35772,0,0.493645,0.590939
125.387755102,1.27748,2.02564,0.00314656,1.21307,0.0842299,2.14417,0.03468,0.0118734,2.66408,0,0.232068,0.395074
125.434195011,0.888861,2.19076,2.00132e-05,0.714146,0.130823,2.22719,0,0.00672853,2.66185,0.0454644,0.160878,0.270798
125.480634921,0.69074,1.91774,0,0.688644,0.125428,2.3638,0,0,2.50973,0.0910464,0.15032,0.133905
125.527074830,0.691216,1.82578,0,0.879974,0.0885965,2.36991,0.0208687,0.0384345,2.2004,0.17015,0.0120165,0.115287
125.573514739,0.842415,1.88432,0.0523644,1.02123,0.0245474,2.24868,0.0405513,0.0618019,2.09594,0.269325,0.000156104,0.016896
125.619954649,0.693507,1.91967,0.222896,1.22986,0.00241414,2.30818,0.0474836,0.0673406,1.91238,0.141659,0.0023829,0.0385925
125.666394558,0.501425,1.69636,0.16397,1.35606,0.00966312,2.31622,0.0559262,0.0550254,2.34978,0.00161317,0.00271168,0.106712
125.712834467,0.690633,1.77338,0,1.4865,0.0755964,2.08387,0.0547958,0.154071,2.51116,0.00159083,0.0688996,0.128708
125.759274376,0.400668,1.58526,0.0553398,1.42883,0.101139,1.89689,0.29704,0.23633,1.91221,0.0381553,0.202744,0.456696
125.805714286,0.469917,1.06215,0.35732,0.883063,0.0857117,1.75691,0.602981,0.0392798,1.22076,0.0167007,0.773106,0.479533
125.852154195,0.950819,0.724,0.366346,0.663529,0.0255335,1.9241,0.807947,0.00503919,1.1865,0,0.936969,0.332545
125.898594104,1.20175,0.950812,0.228289,0.734331,0.0427738,2.15844,0.640859,0.0273056,1.135,0,1.31563,0.168641
125.945034014,1.54959,1.02476,0.00649209,0.802136,0.380822,1.84847,0.664696,0.0168806,1.44248,0.0720934,1.52634,0.00023525
125.991473923,1.43707,0.747549,0.0365706,1.11297,0.450665,1.69936,0.892106,0,1.41712,0.233904,1.35068,0.63354
126.037913832,0.580733,0.531773,0.057868,0.98364,1.02079,1.00136,1.50213,0.0494129,0.857967,0.391296,1.28171,1.02484
126.084353741,0.185592,0.482094,0.0263437,0.745159,1.44613,0.305991,2.02794,0.105893,1.22586,0.273619,0.193794,1.48962
126.130793651,0.0831936,0.541278,0.0118219,0.640176,1.5885,0.210397,1.66539,0.111359,1.27608,0.0347315,0.138569,1.38853
126.177233560,0.13652,0.768664,0.0223271,0.57337,1.59891,0.176767,1.48248,0.102674,1.15964,0,0.197121,1.33272
126.223673469,0.414592,0.594934,0.0502996,0.267915,1.55002,0.0308631,1.59788,0.0815517,1.35458,0,0.489886,1.25884
126.270113379,0.167892,0.427537,0.111986,0.183572,1.53672,0.0365543,1.69535,0.010791,1.35063,0,0.466369,1.27201
126.316553288,0.218898,0.504806,0.127104,0.21665,1.64017,0,1.63353,0.00177796,1.47495,0.0303604,0.293787,1.49526
126.362993197,0.234751,0.463321,0.142634,0.898419,1.51539,0,1.21101,0,1.55343,0.0860207,0.0835066,2.05717
126.409433107,0.29865,0.26392,0,1.18502,1.20235,0,1.01817,0,2.02335,0.106748,0.0813635,2.24219
126.455873016,0.224361,0.397878,2.83402e-05,1.09786,1.42676,0.0720895,1.0044,0.0534556,2.38939,0.0135426,0.0861576,2.1608
126.502312925,0.269021,0.3232,0.0936634,0.821063,1.33481,0.129277,1.10222,0.0388656,2.68597,0.0241371,0.0747793,2.14453
126.548752834,0.334471,0.328976,0.266038,0.706537,1.10316,0.0129826,0.934442,0.0156516,2.69687,0.0365279,0.0827963,2.1473
126.595192744,0.285201,0.207246,0.174831,0.874033,0.985392,0.0269682,0.707114,0.016308,2.40456,0.017572,0,2.16491
126.641632653,0.232663,0.20584,0.0472504,1.10681,0.814526,0.0499281,0.895358,0.026419,1.96051,0.040728,0.0114936,2.14926
126.688072562,0.167878,0.267899,0.0504607,1.15241,0.611694,0.224133,1.19291,0.168895,1.5266,0,0.120519,2.07334
126.734512472,0,0.789933,0,1.01337,0.454857,0.322042,1.50443,0.31657,1.14145,0.0184253,0.267234,1.99589
126.780952381,0.163304,1.17257,0,0.696796,0.679757,0.0701018,1.52518,0.122268,0.950788,0.205814,0.729719,1.82065
126.827392290,0.13513,1.2112,0.00236787,0.677529,1.26242,0.0348225,1.69771,0.0604535,0.978521,0.0024578,0.709111,1.83617
126.873832200,0,1.20192,0.119922,0.915306,1.57406,0.0851316,1.6715,0.0153984,1.35572,0,0.0871597,1.9659
126.920272109,0,1.15257,0.234866,0.293952,1.97753,0.0666321,1.62754,0.0258795,1.92684,0,0.0791943,1.77026
126.966712018,0,0.811595,0.395669,0.15441,1.79063,0.0406327,1.63698,0.036691,2.06959,0.0430678,0.0713343,1.45456
127.013151927,0,0.601588,0.519625,0.364183,1.17312,0.0273589,1.41662,0.0471422,1.18482,1.31646,0,1.24191
127.059591837,0.0786234,0.459394,0.413887,0.393221,0.759679,0.0874573,1.07014,0.0315945,0.664765,1.71273,0,1.26742
127.106031746,0.170226,0.170385,0.832299,0.450127,0.842421,0.109537,1.07949,0.00366653,0.552092,1.58774,0,1.22912
127.152471655,0.194077,0.0831214,1.27888,0.797624,0.949631,0.0484877,1.28038,0,0.688619,1.30675,0,1.23985
127.198911565,0.262783,0.214008,1.30591,0.749586,0.840449,0.0349254,1.6103,0.00478367,0.980651,0.753175,0.00814275,1.63973
127.245351474,0.479582,0.801167,0.995021,0.810717,0.858925,0.0506718,1.3009,0.0195759,0.939303,0.00178056,0.148605,2.36993
127.291791383,0.415944,1.07794,0.743536,0.861082,0.779294,0.081291,1.21891,0.00918332,0.578623,0,0.252266,2.53875
127.338231293,0.42179,1.16202,0.356635,0.793389,1.08905,0.0552733,1.48685,0.0372872,0.51743,0.0712502,0.279873,2.43451
127.384671202,0.206822,1.65836,0.00219265,0.392054,1.62299,0.0407143,2.3029,0,0.56819,0.398752,0.319167,1.72492
127.431111111,0.12614,1.59679,0,0.263218,1.8042,0.111352,2.04428,0.00120338,0.754552,0.981958,0.511841,1.14078
127.477551020,0.149829,1.72749,0.0117827,0.235189,1.8668,0.16733,0.620233,0.164173,1.55401,0.981782,0.304509,0.933706
127.523990930,0.108392,1.63637,0.0710362,0.697888,1.32443,0.231837,0.0374206,0.317209,1.65214,0.997078,0.163814,0.652324
127.570430839,0.05659,1.53704,0.0915441,1.24265,1.1794,0.260756,0.0301494,0.169052,1.99457,1.0217,0,0.074973
127.616870748,0.0737054,1.61795,0.184023,1.16504,1.3239,0.142545,0.0192259,0.033058,2.63845,0.908734,0.000613412,0.0778623
127.663310658,0.0729877,1.54104,0.129715,1.00387,1.15005,0.0569702,0.0365522,0.0381739,2.96312,0.877557,0.00192688,0.193001
127.709750567,0.0537459,1.70151,0.50493,0.935477,0.97685,0.0680893,0.0419045,0,3.14486,0.682494,0.00182168,0.0581784
127.756190476,0.0636972,2.18546,0.379381,1.14273,0.81911,0.0380012,0.00231404,0.011608,3.01332,0.685773,0.00931607,0.079629
127.802630385,0.311823,2.30046,0.392893,1.0315,0.546,0.0646098,0,0.0600829,3.10009,0.861273,0.0263086,0.622658
127.849070295,0.225821,2.2555,0.406145,0.922114,0.122747,0.168677,0.0377433,0.630063,2.95781,0.611576,0.0784384,1.33437
127.895510204,0.109603,2.0131,0.424763,1.05529,0.112843,0.164209,0.00901416,1.01216,2.47632,0.549022,0.0739703,1.74275
127.941950113,0.14358,1.64566,0.0999035,1.37018,1.06688,0.0065794,0.00860147,1.06402,1.84022,1.13083,0.0640686,1.31552
127.988390023,0.281263,1.52919,0.0704275,1.22463,1.18425,0.000396509,0.09248,0.297949,1.43535,1.57132,0.288128,0.976173
128.034829932,0.294258,1.52119,0.137125,1.11051,0.834558,0.0190882,0.0913337,0.0567461,1.29412,1.82823,0.39627,0.860974
128.081269841,0.532833,1.68936,0.165275,0.97506,0.643488,0.014871,0.00139101,0.0500291,1.42397,1.80014,0.324559,0.902182
128.127709751,0.518366,1.62247,0.0484863,1.18268,1.17985,0.0376443,0.00339783,0.338063,1.98636,1.54276,0.0205175,0.827816
128.174149660,0.345527,1.36844,0,1.35761,1.51297,0.0647471,0.037298,1.06706,1.94343,1.32614,0.0983783,0.978165
128.220589569,0.208625,1.4098,0.00394439,1.41383,1.73885,0.0222149,0.0467842,1.20786,1.68159,1.03868,0.222322,0.466335
128.267029478,0.104507,1.70881,0,1.22945,1.28176,0.0738987,0.0437506,0.822237,2.21167,0.884525,0.192482,0.000306745
128.313469388,0.00192882,2.27166,0.123141,0.781912,0.939025,0.0459284,0.00469328,0.0530512,2.55736,1.07238,0.0743314,6.90237e-05
128.359909297,0.308114,2.15816,0.0308499,1.12504,1.14117,0.0041672,0.155395,0,2.16201,1.81212,0.0605579,0
128.406349206,0.364626,1.91736,0.000191387,1.12107,1.19076,0,0.213851,0.00254938,1.91434,2.03423,0.0947978,0
128.452789116,0.374251,1.82756,0,1.25153,1.24416,0,0.17976,0,1.86336,1.99223,0.115869,0.0800115
128.499229025,0.420434,1.85634,0,1.40806,1.18546,0,0.141228,0.00372443,1.97811,1.90152,0.123347,0
128.545668934,0.400627,1.95864,0,1.47013,0.943432,0,0.123402,0.00542967,1.91542,2.0766,0.0588222,0.00963142
128.592108844,0.353753,1.94609,0.052707,1.27335,1.09857,0,0.142347,0.134386,1.80711,2.42877,0.0472547,0.0214297
128.638548753,0.210271,1.70043,0,0.900077,1.57955,0,0.171602,0.375557,1.18418,3.18095,0.0576622,0.092803
128.684988662,0.0887069,1.26719,0.14546,0.24098,2.17771,0,0.0502056,0.0953965,0.996438,3.72069,0,0.125569
128.731428571,0.453074,1.0356,0.147241,0.00247633,2.53275,0,0,0.00447714,1.46057,3.33351,0.00821432,0.192296
128.777868481,0.445094,0.918916,0.20905,0.0184111,2.36492,0.10483,0.0112562,0,1.78458,2.85567,0.00904683,0.198591
128.824308390,0.223688,1.25024,0.162522,0.511384,1.84825,0.0660166,0.0476441,0.00353849,2.02333,2.37701,0.082257,0.288462
128.870748299,0.0881861,1.40796,0.00146632,1.12122,1.50949,0,0.089961,0.0549088,2.13809,2.0493,0.126548,0.207912
128.917188209,0.0775034,1.29911,0.000189471,1.36618,1.13701,0,0.16367,0.0555767,2.45391,1.43536,0.116141,0.256209
128.963628118,0.128292,1.02832,0.143248,1.19644,1.25816,0.0152568,0.648725,0.0472843,2.41351,0.690671,0.15375,0.211409
129.010068027,0.214148,1.02601,0.533722,0.90564,1.08917,0.00842611,1.42413,0.0241399,2.20907,0.116146,1.04178,0.121072
129.056507937,0.227333,1.48559,0.662838,0.521127,0.388195,0,2.49812,0.11595,1.57807,0.13832,1.32018,0.54026
129.102947846,0.205631,1.38155,0.750796,0.312801,0.327929,0.010431,2.47207,0.454729,1.36814,0.211569,0.66946,1.11024
129.149387755,0.273577,1.36431,0.723507,0.365967,0.280464,0.0434391,2.45041,0.715184,1.40297,0,0.212569,1.33825
129.195827664,0.471019,1.18804,0.560343,0.447044,0.215015,0.0416845,2.89882,0.292553,1.55827,0,0.826706,1.09868
129.242267574,0.514466,1.31314,0.209276,0.639381,0.347676,0.0382087,3.30384,0.0941214,1.80065,0,1.19008,0.417389
129.288707483,0.244604,1.85024,0.319941,0.686754,0.432505,0.0393898,2.89478,0.110351,2.04272,0,1.2578,0.077678
129.335147392,0.249194,2.08236,0.331288,0.563195,0.322092,0.0469249,2.25501,0.440849,1.77725,0,1.39852,0.161712
129.381587302,0.234647,1.49708,0.352845,0.430514,0.130911,0.0377665,1.93369,0.23024,1.86699,0,1.52385,0.115908
129.428027211,0.373399,1.31636,0.264411,0.278453,0,0.0237308,2.05025,0.0144499,1.89082,0,1.49831,0.0241361
129.474467120,0.32677,1.47518,0.0830535,0.21555,0,0.739286,1.6133,0.351112,1.70818,0.00457713,0.727693,0.163548
129.520907029,0.159481,1.6612,0.548089,0.165871,0.00543702,0.94957,1.64869,0.682359,1.25788,0.0849598,0.772913,0.647546
129.567346939,0,2.30733,0.207601,0.198642,0.0139731,0.410123,2.4813,0.770905,0.475935,0.123299,1.69781,0.323533
129.613786848,0,2.04188,0.12861,0.149818,0.0175246,0.00873112,2.97234,0.223901,0.500007,0.0646492,2.09053,0.889739
129.660226757,0.340941,1.53789,0.0898861,0.427092,0.0303908,0.0119507,2.43423,0.0969696,0.762121,0.114111,1.44434,1.56727
129.706666667,0.399377,1.18936,0.106956,0.473627,0.0522081,0.0277362,2.24565,0.194849,0.750972,0.0997035,1.2169,1.82505
129.753106576,0.284988,0.883745,0.0367011,0.539712,0.0910898,0.0386296,2.51895,0.353269,0.605508,0,1.42533,1.81658
129.799546485,0.291191,1.79741,0.119048,0.281215,0.213571,0.0376375,3.14538,0.22208,0.127903,0,2.03864,1.07551
129.845986395,0.216155,2.19604,0.0153062,0.0919634,0.55153,0.0303976,3.12046,0.133336,1.06773,0.061134,1.58527,0.124103
129.892426304,0.189949,1.97007,0,0.319809,0.621017,0.0303965,2.13424,0.085935,2.14733,0.0611738,1.00752,0.116892
129.938866213,0.535532,1.6261,0,0.426503,0.712277,0.0685811,1.35129,0.0688032,2.82186,0.0485751,0.988674,0.0417501
129.985306122,0.543162,1.43171,0.00934761,0.512189,0.592044,0.0809276,1.20439,0.0575639,2.96948,0.0741133,1.02982,0
130.031746032,0.605648,1.64984,0,0.367062,0.313218,0.0840582,1.3191,0.133388,2.72539,0.167765,0.948505,0.0266352
130.078185941,0.0719642,1.60465,0,0.271422,0.0466486,0.0613592,1.39379,0.444566,2.05441,0.350499,0.792969,0.455584
130.124625850,0.00375293,1.44745,0.0504013,0.401544,0.065533,0.0292628,1.38505,0.316692,1.46508,0.10863,0.906029,0.971373
130.171065760,0.105526,1.16847,0.404344,0.390233,0.0343913,0.0135153,1.49066,0.0638072,1.83152,0,0.949678,1.22119
130.217505669,0.191793,1.20988,0.596784,0.54084,0.0848275,0.0388522,2.08974,0.225147,1.43485,0,0.984384,1.01717
130.263945578,0.228197,1.117,0.545247,0.129397,0.020414,0.0771708,2.39608,0.262023,1.25571,0,0.550921,1.19686
130.310385488,0.169909,0.976216,0.517385,0,0.0596756,0.111791,2.58531,0.142428,1.18494,0,0.40721,1.17033
130.356825397,0.246796,0.785896,0.1104,0.025747,0.0197896,0.0703322,2.77553,0.0889058,0.985931,0.234186,1.02103,0.970166
130.403265306,0.434827,0.877267,0.00454309,0.00374301,0.522425,0.391905,1.60854,0.0771609,1.05057,0.586534,1.03035,1.14927
130.449705215,0.583846,0.94687,0.256072,0.0149727,0.213948,0.897308,1.00496,0.220593,1.96129,0.617306,1.01109,0.834018
130.496145125,0.909538,1.0453,0.425153,0.383937,0,1.6522,0.373867,0.133477,2.1402,0.40268,0.503856,0.247905
130.542585034,0.814715,1.52518,0.253506,0.671804,0,2.14764,0.0198343,0.0917348,2.53931,0.0401609,0.00151321,0.0231167
130.589024943,0.709919,1.77661,0.146082,0.588393,0,1.85131,0.0334525,0.0807089,3.04607,0,0.00276751,0.000225636
130.635464853,0.761394,1.70552,0,0.859719,0,1.72137,0.0461737,0.0760275,3.22758,0,0.00265811,0.00810625
130.681904762,0.781737,1.49526,0,1.12508,0,1.75448,0.0600129,0.0387836,3.3913,0.0072059,0.00167915,0.115052
130.728344671,0.664318,1.6467,0.00189622,1.13862,0.00312092,1.99291,0.0235802,0,3.43439,0,0.000434968,0.268595
130.774784580,0.45804,1.64076,0.00204,1.09163,0.0643058,1.96653,0.0159622,0,3.13202,0.682062,0.0837523,0.0766205
130.821224490,0.379768,1.34037,0.0755003,0.789922,0.0717924,1.77897,0.0118593,0.0267113,2.91999,1.19154,0.0921767,0.121324
130.867664399,0.801027,1.35027,0.101395,0.339545,0.0371836,1.8493,0,0.0462511,3.01094,1.06856,0.0958738,0.10069
130.914104308,1.10968,1.61685,0.00130245,0.740653,0.124122,2.28414,0.0284544,0.0750383,2.8149,0.697781,0.0649516,0.0067164
130.960544218,1.3573,1.81441,0.012885,1.06141,0.0509222,2.32819,0.0172255,0.0251936,2.8037,0.290863,0.086866,0.320976
131.006984127,1.13156,1.73084,0.152655,0.983052,0,2.27471,0.00359266,0.78964,2.21344,0.256948,0.0919861,0.341082
131.053424036,1.30446,1.44891,0.343206,0.669525,0,1.96698,0,1.56373,1.41588,0.287058,0.068802,0.10826
131.099863946,1.32627,1.48845,0.391797,0.565746,1.06425e-05,1.52645,0.0320711,1.60847,1.56096,0.171749,0.0899172,0.0265231
131.146303855,1.34728,1.59359,0.597866,0.779957,0.0492365,1.50016,0.0579408,1.23616,1.41311,0.347548,0.0202171,0.0108086
131.192743764,1.05524,1.61898,0.415799,1.00731,0.112677,1.46999,0.710918,0.216577,0.506579,0.625985,0.316844,4.10831e-05
131.239183673,0.622667,1.47813,0.197856,1.01838,0.158892,1.58973,1.36307,0.186216,0.445327,0.347844,0.487119,7.38371e-05
131.285623583,0.659375,1.9782,0.0345627,0.767195,0.172975,1.73412,1.53978,0.153337,0.405701,0.0326992,0.388508,0.287763
131.332063492,1.15023,1.99282,0.00278791,0.0130346,0.175554,1.8247,1.58897,0.102207,0.505372,0.0119029,0.211504,0.523103
131.378503401,1.1884,1.71408,0,0.00301952,0.181953,2.02606,1.41492,0,0.661775,0.0618019,0.174499,0.493899
131.424943311,0.803693,1.70892,0.0195959,0.14666,0.176628,2.65897,1.13158,0.0119973,0.648337,0.306253,0.00440198,0.370136
131.471383220,0.0902457,1.93418,0.141931,0.322316,0.60862,2.74491,0.481881,0.124165,0.870375,0.392151,0,0.976127
131.517823129,0.0662073,1.59285,0.332407,0.356422,1.2577,2.56467,0.0333095,0.0796611,1.34448,0.165622,0,1.05171
131.564263039,0,1.50305,0.288875,0.437461,1.64291,2.47478,0.0446201,0.0690331,1.47271,0.000162077,0,0.970139
131.610702948,0.290163,1.46916,0.192905,0.494794,1.72999,2.24666,0.0537092,0.0563987,1.84505,0,0,0.921068
131.657142857,0.562497,1.38719,0.0715471,0.668622,1.28707,2.51346,0.0556843,0.0318534,1.76893,0.0228547,0.164916,0.828981
131.703582766,1.03604,1.40083,0.00429675,0.609849,0.546731,2.48495,0.417179,0.0456439,1.40939,0.237311,0.211445,0.406052
131.750022676,1.34172,1.12358,0.00448531,0.687908,0.178341,1.72704,1.55627,0.090877,1.16138,0.294252,0.519261,0.129069
131.796462585,1.20319,1.3084,0.00229561,0.746539,0.136475,1.45095,2.74782,0.0156232,1.1411,0.237028,0.697232,0.0560897
131.842902494,0.786643,1.68759,0.00390719,0.524455,0.124305,1.31185,3.05295,0.00719439,1.06993,0.186249,0.622462,0.0341716
131.889342404,0.817635,1.73122,0.00198646,0.320557,0.394713,0.574782,2.8277,0.00235296,0.945585,0.364145,0.667057,0.348987
131.935782313,0.349101,1.29955,0,0.11042,0.90845,0.325524,2.60248,0.00261361,0.918218,0.366951,0.579089,1.23516
131.982222222,0.255886,0.915874,0.000149085,0,1.34428,0.239342,2.90956,0.0066832,0.47895,0.36565,0.642533,1.54837
132.028662132,0.134325,0.853062,0.128777,0.0584443,1.62655,0.142706,2.74955,0.0484323,0.306524,0.134974,0.551238,1.58994
132.075102041,0.0405894,0.813301,0.28959,0,1.82401,0.0494267,2.19801,0.0657922,0.320335,0.0664775,0.518808,1.58061
132.121541950,0.0358688,1.10393,0.349154,0,2.00197,0.0187225,1.43127,0.297545,0.37988,0.111823,0.547672,1.56599
132.167981859,0.0251433,1.25024,0.385142,0.000481383,2.07928,0.0379138,0.914982,0.280487,0.347557,0.092858,0.497113,1.51887
132.214421769,0.0624689,1.2771,0.318797,0.0100856,2.12019,0.00661956,0.725461,0.0055077,0.508977,0.0653287,0.274458,1.72282
132.260861678,0.0901507,1.09907,0.315104,0.0378187,2.11414,0,0.67463,0,0.891813,0.0733146,0.135236,2.09326
132.307301587,0.0744991,1.07486,0.461223,0.178085,2.21471,0,0.643081,0,1.3828,0.0989483,0.0985147,2.49215
132.353741497,0.0642348,0.847979,0.342646,0.231234,2.17622,0,1.09576,0.0485942,0.984095,0.0896431,0.0739898,2.70807
132.400181406,0.0663781,0.803666,0.307337,0.218894,1.87319,0,1.43087,0.0648004,0.54221,0.0950124,0.352498,2.66169
132.446621315,0.119729,1.04613,0.299529,0.0454794,1.28381,0.00145604,1.49077,0.0351446,0.490287,0.0963972,0.455751,2.4999
132.493061224,0.111246,1.26333,0.505682,0,0.755294,0.0329122,1.65458,0.0165711,0.41616,0,0.511137,2.29816
132.539501134,0,1.4923,0.340384,0.137863,0.766395,0.0676879,2.03636,0.0191157,0.134752,0.0252589,0.44502,2.33634
132.585941043,0,1.76167,0.0812795,0.334763,0.840568,0.116645,2.30985,0.0555436,0.106929,0.0497482,0.353793,2.15019
132.632380952,0,1.96624,0.143653,0.155206,0.714746,0.621766,2.14749,0.131704,0.131035,0,0.543183,1.84081
132.678820862,0,1.88535,0.136645,0.0752448,0.679679,0.524794,2.15532,0.137667,0.0412848,0,0.806343,1.52397
132.725260771,0.238993,1.53871,0.0941878,0.0114044,1.03504,0.0775913,2.92825,0.082966,0.0192939,0,1.00986,1.26834
132.771700680,0.114188,1.47778,0.0318317,0.0144554,1.28371,0.0807487,2.84671,0.54681,0.00121954,0,0.693503,1.63379
132.818140590,0,1.10664,0.458537,0.00745718,1.23756,0.0979666,2.33627,1.37622,0.0400016,0,0.0275989,1.8658
132.864580499,0,0.334373,0.959219,0.00418478,1.18171,0.0794282,1.43802,2.2131,0.352282,0,0.0562255,1.63272
132.911020408,0,0.234871,1.02713,0.0115152,1.13962,0.0426944,0.826493,2.39995,0.58649,0,0.295398,1.22325
132.957460317,0,0.755874,1.01397,0.00063612,0.923908,0.0192788,0.568773,2.14795,1.34584,0.00715896,0.488398,1.09171
133.003900227,0,0.985939,0.845843,0.0790271,0.672183,0.0392958,0.868263,1.21766,2.61622,0.00626248,0.395673,1.31916
133.050340136,0,0.941473,0.815065,0.371991,0.772739,0.0676838,1.01274,0.246471,3.08168,0.00613602,0.0892057,1.33323
133.096780045,0.037278,0.818967,0.943991,0.527496,0.886089,0.0492142,0.711789,0.0744241,3.35989,0.00996829,0.065296,1.33071
133.143219955,0.207089,0.800048,0.960285,0.523653,0.883456,0.0300534,0,0.0552132,3.49208,0.0166798,0.090526,1.59991
133.189659864,0.634523,0.616968,0.915697,0.603407,1.23618,0.0230853,0,0.0553006,3.21243,0.00613151,0.0772615,1.53843
133.236099773,0.745393,0.558302,0.746224,0.588728,1.70015,0.0584219,0.00281727,0.20894,3.13747,0,0.0779294,1.32972
133.282539683,0.625555,0.76421,0.352143,0.518704,1.96373,0.0895826,0.00540867,0.184606,3.20098,0,0.0796332,1.24604
133.328979592,0.289868,1.09849,0,0.488901,1.97676,0.225106,0,0.0237568,3.13839,2.15621e-05,0.084718,1.29316
133.375419501,0.342989,0.881561,6.36405e-05,0.994062,1.82285,0.128203,0.0871236,0.114735,3.05284,0.0787812,0.0615733,1.48835
133.421859410,0.363407,0.443742,0.0512605,1.62258,0.957694,0.181461,0.434429,0.0143373,3.25071,0.108042,0.0356059,1.78383
133.468299320,0.212373,0.16046,0.0141009,2.19542,0.295307,0.301135,0.684684,0.0554628,3.42086,0.0386836,0.00386501,1.92131
133.514739229,0.138572,0.347271,0.000512068,2.34536,0.110727,0.263539,1.03424,0.10731,3.34451,0.003441,0.158567,1.89662
133.561179138,0.0845981,0.5345,0,2.1025,0.132814,0.193534,1.23166,0.12013,3.20428,0,0.479885,1.80354
133.607619048,0.0494321,0.629952,0.00547995,1.79848,0.267767,0.109063,1.32857,0.103538,3.01706,0,0.737504,1.76247
133.654058957,0.0110355,0.672246,0.0896681,1.75411,0.0466482,0.107051,1.30774,0.0494114,2.94097,0,0.803234,2.11826
133.700498866,0,0.685271,0.100412,2.25203,0.010757,0.0669842,1.45942,0.00344587,2.74176,0,0.750741,2.11973
133.746938776,0,0.671414,0.0668946,2.63263,0.016733,0.0408454,1.20274,0.012766,2.74273,0.00427784,0.555737,1.94349
133.793378685,0.0579419,0.776431,0,2.657,0.0219826,0.0929615,0.648897,0.0270034,2.94142,0.0386041,0.350261,1.78847
133.839818594,0.14858,0.566837,0.000304498,2.45698,0.0819961,0,0.655518,0.0370027,3.38012,0.0375794,0.0735686,1.7349
133.886258503,0.16677,0.472794,0.000511327,2.2595,0.248967,0.0494279,0.642976,0.0526531,3.45522,0,0.039615,1.98894
133.932698413,0.230827,0.419583,0,2.31387,0.167792,0.0761393,0.644678,0.0288031,3.48887,0,0.0625097,2.24193
133.979138322,0.207255,0.591355,0,2.33588,0.191204,0.0806564,0.62226,0.0247919,3.40772,0,0.0561216,2.17731
134.025578231,0.0666161,0.684931,0.129539,2.26368,0.1006,0.18034,0.851819,0.0238369,3.34649,0.0289052,0.0576816,2.08552
134.072018141,0.0746175,0.629798,0.139538,1.93649,0.0154589,0.238263,1.04313,0.0687555,3.26747,0,0.045131,2.09252
134.118458050,0.16665,0.489144,0.0999034,1.42637,0.00369105,0.296319,1.01903,0.0833007,3.20121,0.137385,0.0775131,1.90704
134.164897959,0.334587,0.404043,0,1.47255,0.0074865,0.176387,0.931357,0.0893139,3.18973,0.142929,0.323304,1.76072
134.211337868,0.341742,0.394835,0,2.051,0.0625803,0.0263317,0.563742,0.0859392,3.31114,0,0.0336821,2.024
134.257777778,0.208813,0.225627,0,2.18612,0.1678,0.0138541,0.655037,0.0591183,3.30626,0,0.00287254,2.2539
134.304217687,0.315814,0.294433,0,2.29825,0.18565,0.00324876,0.914418,0.0436405,3.15534,0,0.213547,2.09338
134.350657596,0.325673,0.794909,0.00216023,2.29959,0.12833,0.179165,0.789138,0.0486316,3.04835,0,0.109577,2.3367
134.397097506,0.277963,1.17963,0.00238272,2.44831,0.0915256,0.2508,0.719006,0.152537,2.75913,0.0141903,0.00604684,2.77757
134.443537415,0.133173,1.25627,0.00197314,2.57511,0.111112,0.256578,1.0646,0.340761,2.10537,0,0.124593,3.10855
134.489977324,0.0499075,1.14919,0.00109261,2.63009,0.130984,0.179702,1.48923,0.0217844,1.27652,0,0.30693,3.09871
134.536417234,0.0686598,1.04793,0.000936698,2.64232,0.145087,0.018637,1.87041,0.0294107,1.09347,0,0.966069,2.49259
134.582857143,0.0131683,0.934518,0.000888632,2.92503,0.195682,0,2.13328,0.163473,1.16593,0,1.14403,2.11065
134.629297052,0.0357162,0.909684,0.00243392,3.01883,0.195059,0,1.93572,0.293701,1.06671,0,1.09639,2.22277
134.675736961,0.0621357,0.851883,0.0113751,2.95221,0.178832,0.00669881,1.71108,0.480838,0.786283,0,0.661855,2.56422
134.722176871,0.120482,0.714864,0.0557965,2.74444,0.149922,0.0480717,1.51577,0.520633,0.453423,0.0136854,0.723606,2.77366
134.768616780,0.156276,0.867224,0.107112,2.00238,0.0669557,0.0917315,1.32967,0.393883,0.569254,0.345204,1.53488,2.63415
134.815056689,0.17929,1.16306,0.0514789,0.938398,0.0120489,0.1328,1.23261,0.359794,0.147932,0.932075,1.85051,1.84266
134.861496599,0.195314,1.10248,0.041506,0.732664,0,0.502905,0.869154,0.385029,0.341967,1.06492,1.37963,1.1432
134.907936508,0.230116,1.78857,0.193114,0.308589,0.25453,0.384221,1.01795,0.210432,0.315062,0.94214,0.99659,0.863402
134.954376417,0.120384,1.9774,0.308521,0.0293725,0.357978,0.0954756,1.63951,0.230065,0.304092,0.799805,0.971754,0.371692
135.000816327,0.118343,2.19123,0.388359,0.0112318,0.259967,0.0183397,2.86402,0.186218,0.277097,0.370189,1.52623,0.105206
135.047256236,0.154256,2.41093,0.383881,0.00146707,0.247511,0.108421,3.23139,0.0686927,0.340549,0.0544205,1.74683,0.181412
135.093696145,0.172842,2.69252,0.129687,0,0.380452,0.322456,2.85059,0.068282,0.500017,0.0664876,1.8498,0.186529
135.140136054,0.16037,3.17031,0,0,0.871121,0.113866,2.42352,0.0800227,0.623577,0.0319121,2.02249,0.130019
135.186575964,0.209212,3.4116,0.000283394,0.0413496,1.40978,0.171532,2.13995,0.0735215,0.932671,0.0907282,1.62915,0.0328751
135.233015873,0.171431,2.88534,0,0.062136,2.80183,0.152647,0.89646,0.0894434,1.36667,0,1.01312,0.613187
135.279455782,0.12566,1.77113,0.0591726,0,3.07857,0.0138927,0.558869,0.0727803,1.19186,0,0.979803,1.09883
135.325895692,0.0877438,1.52876,0.12946,0.000527918,3.2084,0.0162109,0.787168,0.0523144,0.857524,0.0115756,1.14641,1.05692
135.372335601,0.153785,1.7559,0.183999,0.000492942,3.34081,0.00754469,1.09051,0.0340282,0.756734,0.0711784,1.31573,0.867128
135.418775510,0.181457,1.96355,0.117181,0,3.3942,0,1.18024,0.0360854,0.875724,0.132777,1.10564,1.04687
135.465215420,0.164945,1.95421,0.111467,0.00150589,3.38487,0,0.972417,0.03239,1.25366,0.0784278,1.19562,1.13345
135.511655329,0.186348,1.7327,0.10925,0,3.14497,0,0.808516,0.0240765,1.48469,0.0398279,1.41726,1.18122
135.558095238,0.100143,1.90095,0.118476,0,2.7201,0.200743,0.845567,0.295201,1.28237,0.0398759,1.17384,1.08094
135.604535147,0.0439532,2.45354,0.0517347,0.00412742,2.06764,0.57684,0.581529,0.548868,0.64617,0.0424352,1.4068,0.497465
135.650975057,0.0442025,2.71169,0,0.00553049,1.01101,0.562943,1.77707,0.498477,0.175784,0.103762,1.30981,0.027856
135.697414966,0.0902709,2.70826,0.0717718,0.00100379,0.351253,0.108441,3.1734,0.155161,0.242805,0.0621368,0.95418,0.302033
135.743854875,0.0263754,2.62451,0.0797429,0,0.592377,0.0214852,3.82948,0.00139294,0.328904,0.0514071,1.24302,0.190272
135.790294785,0.122361,2.54717,0.00521407,0,0.80545,0.00416435,3.81605,0,0.666018,0.069166,1.44991,0.251515
135.836734694,0.209437,2.59713,0,0.00963834,0.484084,0,3.85521,0.023275,0.554668,0.0663097,1.19341,0.218359
135.883174603,0.207361,2.57768,0,0.0226978,0.22684,0.0236967,3.8309,0.0624165,0.0865036,0.0210186,1.02616,0.302049
135.929614512,0.597228,2.6089,0,0.130796,0.111736,0.59817,2.87304,0.0929785,0.0539824,0,0.97049,0.418085
135.976054422,0.493306,2.00409,0.265675,0.470175,0.157441,0.613059,2.55339,0.145287,0.0133854,0.336871,1.40483,0.405582
136.022494331,0.383368,1.6881,0.797827,0.215281,0.152352,0.424734,2.13877,0.204991,0.00433104,0.532704,1.43435,0.467575
136.068934240,0.297209,1.93289,0.854868,0.167999,0.13163,0.269276,2.34113,0.0954938,0.0411716,0.626693,0.859881,0.306576
136.115374150,0.333066,2.00125,0.471026,0.103299,0.0449219,0.518966,2.6617,0.0208773,0,1.84821,0.163508,0.279169
136.161814059,0.379058,1.80293,0.130506,0.126926,0.0135459,0.586944,2.26148,0,0,2.27042,0.136985,0.518113
136.208253968,0.465685,1.99503,0.0763898,0.187142,0,0.626519,1.71769,0.00357954,0.0207001,2.20663,0.353093,0.38968
136.254693878,0.477121,2.02971,0.00441548,0.138038,0.00611476,0.565068,1.80907,0.0144426,0.0590967,1.78986,0.707271,0.0600411
136.301133787,0.644292,2.15559,0.0727536,0.164717,0.0216898,0.0193202,1.82858,0.0393827,0.236027,0.616477,0.895536,0.125191
136.347573696,0.853285,1.80118,0.261863,0.257924,0.112974,0,1.74413,0.0486442,1.17284,0.204848,0.487466,0.062433
136.394013605,0.889704,1.40923,0.496061,0.944694,0.0562275,0.00732311,1.22368,0.0771363,2.14944,0.363143,0.00333646,0.117384
136.440453515,0.74846,1.62028,0.184867,1.29381,0.0411715,0.149531,0.471132,0.318016,2.67883,0.291763,0.00190337,0.120067
136.486893424,0.635246,2.5782,0.223018,1.25888,0.0184708,0.984424,0.0271063,0.091558,2.80843,0.0387965,0.00269732,0.0402146
136.533333333,0.597894,2.68308,0.07494,0.72954,0.0515071,1.05352,0.0394372,0.102792,2.7299,0.0103791,0.00247416,0.0704444
136.579773243,0.520871,2.64046,0,0.091153,0.141373,0.991644,0.0535994,0.0933074,2.57167,0.0118076,0.00192779,0.170039
136.626213152,0.654145,2.48938,0.0102926,0.00816614,0.168224,1.12884,0.036834,0.0224565,2.45564,0.0156403,0.00152111,0.576112
136.672653061,0.826067,2.13258,0,0.356473,0.146315,0.83808,0.0546072,0.0235605,2.46016,0.0679552,0.00172533,0.881374
136.719092971,1.06982,1.34068,0.609852,0.880683,0.113423,0.582598,0.567052,0.0299997,2.66661,0.0732385,0.0210501,0.796001
136.765532880,1.54529,1.32349,0.618253,0.825193,0.0389695,0.416213,0.702697,0.0152253,2.71887,0.106646,0.0598983,0.519767
136.811972789,1.82897,1.67162,0.00237629,0.853125,0.0098367,0.539263,0.292896,0.0581737,2.84004,0.0953342,0.0569152,0.123825
136.858412698,1.7554,1.79861,0,0.903879,0.0261279,0.697678,0.0405013,0.0637629,3.07016,0.0530972,0.00225732,0.000424634
136.904852608,1.54573,1.98616,0,0.645567,0.0514743,0.780002,0.0468866,0.0846144,3.14419,0.0121882,0.00226936,0.00540037
136.951292517,1.20066,2.08515,0,0.332218,0.0445032,0.912942,0.071477,0.0895433,3.10569,0.00147258,0.000844151,0.0653681
136.997732426,1.11183,2.07312,0.081582,0.815566,0.696426,0.614946,0.0512633,0.0581985,2.78722,0,0,0.172486
137.044172336,0.744966,1.8474,0.110396,1.15528,1.20956,0.548851,0.0313988,0.0153722,2.44449,0.00680145,0.000228056,0.26055
137.090612245,1.14945,0.767395,0.0730968,1.30519,1.05642,0.209161,0.0415975,0.0656328,2.16948,0.0536808,0.384717,0.334262
137.137052154,1.26149,0.604886,0.0192665,1.30411,0.811881,0,0.00064427,0.174738,2.48306,0.0732017,0.652498,0.365536
137.183492063,1.20005,0.730644,0.016382,1.36343,0.537486,0.0175753,0.00282008,0.100762,3.08182,0.0466522,0.616309,0.257134
137.229931973,1.18355,0.78688,0.20957,1.44623,0.122501,0.110596,0.0912173,0.00174089,3.81295,0.0504718,0.389906,0.15481
137.276371882,0.949224,1.13003,0.781433,1.57469,0.0104945,0.255559,0.230569,0.000817692,3.7876,0.106542,0.139925,0.274012
137.322811791,0.78722,1.19484,0.861199,1.54412,0.0119021,0.413254,0.175996,0.00880629,3.97518,0.152878,0.0828836,0.191336
137.369251701,0.726036,0.993715,0.725822,1.47906,0.00653449,0.382774,0.0223234,0.0459394,4.27038,0.144302,0.00566533,0.119031
137.415691610,0.686745,0.458985,0.500583,1.5497,0.066352,0.244935,0.043859,0.0788847,4.45391,0.218568,0.00460193,0.166751
137.462131519,0.678265,0.21949,0.193768,1.55435,0.675421,0.00944935,0.0447159,0.0841711,4.22625,0.092046,0.299449,2.13257e-05
137.508571429,0.707995,0.217807,0.149526,1.71212,0.804441,0.019488,0.0554947,0.0657518,4.0624,0.0130215,0.0316869,0
137.555011338,0.738728,0.148338,0.612177,1.73977,0.342198,0.0301041,0.0584646,0.0425224,3.89903,0,0,0
137.601451247,0.214458,0.131101,0.69397,1.59095,0.011041,0.0487908,0.308724,0.563734,3.42776,0,0,1.05365
137.647891156,0.319549,0.403324,0.759251,1.31095,0,0.0608491,1.1769,0.438158,2.47461,0.0568605,0.000237307,1.53702
137.694331066,0.656852,0.446271,0.720089,1.14032,0.0740731,0.0671662,1.56917,0.211248,1.52217,0.0541081,0.311212,1.37259
137.740770975,0.236423,0.448282,0.227858,0.881777,0.203521,0.134612,1.54715,1.06703,1.46723,0.301234,0.713134,0.996852
137.787210884,0.938105,1.00376,0.00227714,1.52673,0.238269,0.0396384,1.31314,1.3326,1.08606,0.441651,0.224556,0.0411021
137.833650794,1.32635,1.5308,0.105388,2.08795,0.135662,0.00574254,0.749967,1.30577,0.509685,0.829893,0.125136,0.0996965
137.880090703,1.09017,1.60102,0.216509,1.45429,0.249071,0.13477,0.214262,1.18155,0.950931,1.2697,0.0377575,0.151743
137.926530612,0.576086,1.63169,0.256016,1.01634,0.792901,0.221015,0.208154,0.970466,0.69888,1.87295,0.0497644,0.142613
137.972970522,0.364172,1.54155,0.277748,0.932879,1.38494,0.274489,0.474546,1.03372,0.457825,1.82131,0.0841942,0.0733239
138.019410431,0.474161,1.21482,0.319986,0.793679,1.57344,0.125726,0.772338,1.78252,0.0809439,1.69671,0.202993,0.0391277
138.065850340,0.726056,1.1489,0.776502,0.190291,1.31399,0.034906,1.09679,1.77514,0.0832901,1.52654,0.317205,0.29515
138.112290249,0.752614,1.15302,0.579776,0.225567,0.997617,0.0385329,1.32234,1.11107,0.107978,1.35074,0.399032,0.333729
138.158730159,0.687921,1.24953,0.173533,0.220931,1.06424,0.0209277,1.10323,0.723731,0.466959,1.69612,0.793373,0.0613321
138.205170068,0.52909,1.38497,0.23112,0.382573,1.48207,0.0133957,0.142684,0.158342,1.1055,1.93666,0.544285,0.080298
138.251609977,0.288832,1.78641,0.312802,0.546733,1.46427,0.125604,0,0.00535066,1.34395,1.98656,0.145253,0.0442554
138.298049887,0.259375,2.16013,0.274698,0.557313,1.44181,0.255146,0.00514915,0.0338275,1.49558,1.87425,0.0558041,0
138.344489796,0.250926,2.29643,0.121228,0.603114,1.47269,0.208809,0.0234701,0.0626341,1.94627,1.5724,0.0166369,0
138.390929705,0.24028,2.38407,0,0.63692,1.83803,0.00112815,0.0384261,0.0574666,2.08974,1.19905,0.0420447,0.14024
138.437369615,0.215688,2.41556,0.07268,0.703302,1.89374,0.0167049,0.0454749,0.0313065,1.96146,1.57514,0.101771,0.302082
138.483809524,0.166479,2.40353,0.0725008,0.810656,1.91502,0.0310101,0.00153195,0.103156,2.00586,1.61999,0.0858075,0.358029
138.530249433,0.11286,1.90021,0.00207482,1.29742,1.78984,0.0178035,0.00443456,0.241954,2.41985,0.808334,0.606712,0.634328
138.576689342,0.524648,1.20304,0,1.51246,1.60658,0.00115142,0,0.105717,2.73758,0.316583,0.754852,0.779619
138.623129252,0.686114,0.78014,0.0962975,1.2649,1.08296,0.0171722,0.046211,0.00960473,3.55833,0.176506,0.750835,0.713065
138.669569161,0.577487,0.69664,0.271277,1.23935,0.219212,0.107636,0.00716537,0,3.92258,0.0143808,0.501058,0.597638
138.716009070,0.59959,0.248566,0.431632,1.75643,0.0173209,0.146079,0,0.187614,4.09936,0.0560962,0.04537,0.395092
138.762448980,0.358432,0.510871,0.695848,1.94651,0.0167838,0.210126,0,0.137397,3.70753,0.116811,0.0810244,0.118443
138.808888889,0.937629,0.492319,0.631182,2.11605,0.0162279,0.271562,0.0081123,0.042562,3.67323,0.138993,0.0310588,0.219053
138.855328798,1.25624,0.491792,0.539072,2.04572,0.0125511,0.147236,0.0101688,0.0661637,4.06367,0.147544,0,0.270387
138.901768707,1.3426,0.23886,0.346879,1.19394,0.499946,0.142442,0.046636,0.0810922,4.39214,0.0655144,0,0.31648
138.948208617,1.55747,0.156971,0.20567,1.26049,0.880381,0.0306604,0.0548392,0.0839713,4.33786,4.65081e-05,0,0.000526791
138.994648526,1.53254,0.134281,0.207395,1.31708,0.728687,0.0463936,0.0757886,0.0742743,4.31554,0.000850744,0,0.000529078
139.041088435,1.37174,0.211319,0.239777,1.37759,0.0564403,0.059819,0.0601539,0.0587472,3.80143,0.470802,0,0.140626
139.087528345,0.719066,0.236221,0.527854,1.26854,0.0147347,0.172272,0.0638994,0.112749,2.69833,1.11275,0,0.775493
139.133968254,0.519832,0.251365,0.669364,1.17403,0,0.237007,0.0696571,0.049202,2.33165,1.24164,0,1.06714
139.180408163,1.17264,0.140683,0.512539,1.29171,0.0277922,0.140658,0.229632,0.080515,2.62732,0.818227,0,0.992562
139.226848073,1.17625,0.160032,0.344436,1.47806,0.0304027,0.0694081,0.109237,0.241152,2.98749,0.369982,0.026543,1.08115
139.273287982,1.71605,0.355138,0.234427,1.92498,0.168387,0.0137884,0.12717,0.207059,2.28297,0.420624,0.123661,1.50346
139.319727891,1.45686,0.273009,0.291854,1.77442,0.205103,0.0681961,0.873953,0.133057,0.695144,0.673835,0.0944244,1.68348
139.366167800,0.539593,0.133787,0.170988,1.45134,0.0958476,0.164469,0.979543,0.0864763,0.985686,0.630965,0.0417254,2.00795
139.412607710,0.304566,0.2044,0.0638881,1.30484,0,0.238827,1.187,0.0382218,1.47449,0.478699,0.00158986,2.21001
139.459047619,0.265005,0.306264,0.0424958,1.37299,0,0.32395,1.23202,0.0627097,2.09904,0.114517,0.00361288,2.17268
139.505487528,0.235817,0.352474,0,1.59902,0.0391926,0.37744,1.2061,0.166644,2.47353,0,0.00414361,2.32703
139.551927438,0.204221,0.388793,0.014141,1.78923,0.0461803,0.297009,1.1081,0.420884,2.28762,0,0.00381613,2.5882
139.598367347,0.140084,0.198993,0.140829,2.25635,0.060435,0.0952996,1.09621,0.946369,1.12467,0,0.624972,2.54692
139.644807256,0.200658,0.0653751,0.124408,2.16193,0.0182491,0.0585143,1.1924,0.318787,0.40347,1.14347,0.938045,2.03715
139.691247166,0.25576,0.330205,0.14903,1.98174,0.00801343,0.0764811,1.24668,0.0828647,0.669996,1.38147,0.713313,1.73786
139.737687075,0.428405,0.62121,0.308073,1.47333,0.00504018,0.15608,1.36861,0.024892,1.78071,1.06243,0.551122,1.70253
139.784126984,0.37755,0.858053,0.235126,0.85848,0.0102569,0.206214,1.53821,0.0714646,2.83412,0.136504,0.117105,2.12786
139.830566893,0.594065,0.731893,0.030822,0.635487,0,0.232125,1.59534,0.0906239,3.10699,0.0182614,0.0942842,2.38755
139.877006803,0.574133,0.279316,0.133917,0.868468,0.404988,0.00624831,1.64044,0.101153,2.79808,0,0.0367162,2.23757
139.923446712,0.464464,0.00448017,0.0183634,1.33776,0.353879,0.0269955,1.71852,0.0839685,2.05474,0.000236627,0.431592,2.41709
139.969886621,0.243744,0.0936742,0.00678054,1.74891,0.55853,0.0345775,2.11886,0.0353758,0.70431,0.0120489,1.42883,1.61726
140.016326531,0.308747,0.115201,0.0303031,1.57582,0.452719,0.0250255,1.41295,0,0.732359,0.136664,1.16749,1.46637
140.062766440,0.678115,0.0827965,0.059724,1.21197,0.237355,0.156191,0.925952,0,1.62626,0.138893,0.871811,1.43279
140.109206349,0.913746,0.0402501,0.0358655,0.974524,0.206315,0.111864,0.370971,0,2.9339,0.148677,0.500625,1.40073
140.155646259,1.01523,0.177928,0.00756596,1.02895,0.139707,0.128877,0.00390504,0.00675519,3.46679,0.182272,0.00148619,1.30996
140.202086168,0.895021,0.421958,0.493485,1.21678,0.0271019,0.0317001,0.00379138,0,3.50426,0.307682,0.0744663,1.12527
140.248526077,0.693799,0.655775,0.685447,1.58907,0.00312968,0.0812476,0.017887,0.0909757,2.92076,0.462461,0.739029,0.216039
140.294965986,0.79654,0.58186,0.602911,1.45504,0,0.186475,0.0328117,0.0461976,2.93774,0.389277,0.597558,0.307659
140.341405896,0.890559,0.727921,0.499657,1.09865,0.0143664,0.191456,0.0565454,0.066582,3.12579,0.258498,0.180336,0.407479
140.387845805,0.995306,0.461625,0.34121,1.15293,0.107527,0.189152,0.0776616,0.0809611,3.26712,0.221323,0.110152,0.465302
140.434285714,0.993039,0.418289,0.110851,1.39546,0.586858,0.00940429,0.106078,0.0818283,3.18727,0.207002,0.241594,0.000305138
140.480725624,0.925164,0.678985,0,1.77222,0.764463,0.0279739,0.13228,0.0856882,3.57709,0.11732,0.0115021,0.000123712
140.527165533,0.857005,0.791831,0,1.75765,0.413618,0.0380736,0.214469,0.0921941,4.01071,0.0172002,0.00239792,0.037262
140.573605442,0.672801,0.302227,0.259059,1.61107,0.0297403,0.111036,0.294522,0.0831028,4.32855,0,0.0222358,0.647507
140.620045351,0.409358,0.390727,0.522745,1.17797,0.0160927,0.285627,0.27281,0,4.31241,0.0770217,0,0.97809
140.666485261,0.864351,0.523806,0.534108,1.04614,0.0283922,0.282916,0.0822169,0.021782,4.00043,0.0154751,0.12717,0.877264
140.712925170,1.25358,0.372305,0.565617,0.886366,0.0114173,0,0.22423,0.0810407,3.77699,0.0217908,0.142204,0.718351
140.759365079,1.6644,0.510013,0.384178,1.29795,0.0601723,0,0.361365,0.432005,3.23241,0.0696657,0.106364,0.233266
140.805804989,1.71805,1.56845,0.374418,1.08945,0.0962053,0,0.450083,0.523694,2.46621,0.195236,0.114117,0.235537
140.852244898,1.49284,1.85008,0.324668,0.387833,0.0590799,0.442034,0.823346,0.586116,2.04755,0.121264,0.0873269,0.243026
140.898684807,0.841538,2.23943,0.18331,0.168119,0.10768,0.652592,1.2391,0.226127,2.10716,0.0770651,0.614253,0.202677
140.945124717,0.356308,2.36012,0.0387146,0.391713,0.176137,0.642345,1.66949,0.0698106,2.14056,0.0256882,0.908498,0.0995207
140.991564626,0.361286,1.94623,0.0358433,0.63452,0.140491,0.456983,2.00042,0.0624861,2.1648,0,0.8626,0.0413048
141.038004535,0.391416,1.57648,0.144621,0.594834,0.0563147,0.275093,2.3735,0.00787791,2.44353,0.00260585,0.725965,0.0111727
141.084444444,0.439902,1.66373,0.205996,0.487316,0.0137154,0.299955,2.38977,0.00719555,2.56342,0,0.513331,0.0255486
141.130884354,0.371757,1.93266,0.248363,0.273384,0.0101923,0.423013,2.17778,0.0439201,2.43937,0.162824,0.617869,0.112457
141.177324263,0.120634,2.25163,0.210598,0,0.0131961,0.142004,2.0474,0.345557,1.42892,0.0937442,1.29412,0.13509
141.223764172,0.487468,1.92106,0.15474,0.0381076,0.161155,0.0618533,2.16528,0.524257,0.401811,0.133129,1.76643,0.0601393
141.270204082,0.599693,1.76832,0,0.0771851,0.217437,0,2.57136,0.423049,0.389876,0.0713971,1.95983,0.0139485
141.316643991,0.584438,1.78729,0,0.139732,0.174445,0.0430313,2.82068,0.276795,0.459055,0.00100593,2.02528,0.00564258
141.363083900,0.451087,1.64162,0,0.185461,0.108747,0.0986933,2.96497,0.215267,0.510582,0,2.02648,0
141.409523810,0.4348,1.70326,0,0.158612,0.0961561,0.106144,3.0396,0.232991,0.605431,0,2.1252,0
141.455963719,0.110397,1.60235,0,0.415518,0.148854,0.164149,2.91495,0.316269,0.617925,0.00331423,2.01567,0
141.502403628,0.596415,1.22937,0,1.38651,0.413194,0.17784,1.5823,0.271967,0.163237,0.0224319,1.81716,0.527291
141.548843537,0.554746,0.753544,0.0204782,1.57164,0.442891,0.121509,1.30837,0.335401,0.133815,0.00812344,1.56983,0.752462
141.595283447,0.613578,0.437961,0.094161,1.68602,0.46011,0.0322596,1.04123,0.374696,0.317558,0.00119186,1.29449,0.85777
141.641723356,0.537703,0.0766619,0.266239,1.91689,0.718598,0.054752,0.692091,0.464192,0.850528,0.0011458,0.700995,1.27153
141.688163265,0.181531,0.721286,0.290639,1.59353,1.31117,0.0156388,0,0.773723,1.48459,0.820452,0.208951,1.31487
141.734603175,0.155011,0.791668,0.175946,1.40563,2.51324,0.00743451,0,0.926984,1.05896,0.90952,0.102249,1.53441
141.781043084,0.212672,0.659033,0.107341,0.638521,3.63367,0.103198,0,0.669042,1.18562,0.669453,0.00696012,1.63896
141.827482993,0.21036,0.462029,0.110792,0.0538747,4.19979,0.116136,0.0161645,0.538414,1.10151,0.405052,0.0324294,1.59091
141.873922902,0.166069,0.328435,0.0937727,0.484596,3.70792,0.14168,0.0428451,0.981207,0.879995,0,0.670082,1.2417
141.920362812,0.0655903,0.199847,0,2.23277,1.77895,0.0461873,0.194739,0.993201,0.432483,0.145902,1.69297,0.547353
141.966802721,0,0.333298,0,2.71526,1.24407,0.0398785,0.429564,0.873396,0.299067,0.117567,1.98024,0.000348698
142.013242630,0,0.315105,0.0041568,3.17463,0.449168,0.0503511,0.64037,0.689077,0.0378196,0.216666,1.57452,0.538152
142.059682540,0,0.347662,0.0153042,3.2107,0.0952333,0.126231,0.522945,0.693491,0.0871606,0.759668,1.26609,1.17892
142.106122449,0.156641,0.209125,0.00303487,3.63387,0.0385213,0.270102,0.179117,0.665666,0.301258,0.980912,0.880815,1.3342
142.152562358,0.242094,0.0627968,0,3.89704,0.0303174,0.0360731,0.358192,0.373766,0.80998,0.777294,0.643256,1.20618
142.199002268,0.337213,0.224934,6.27241e-05,3.68584,0.0448002,0.0192509,0.242347,0.395531,1.99541,0.418491,0.630874,1.1206
142.245442177,0.326398,0.718158,0.0137776,3.33693,0.0485831,0.0603018,0,0.335376,2.68189,0.182927,0.821272,0.575017
142.291882086,0.252734,1.35474,0.150334,2.71668,0.00770771,0.151126,0,0.139172,2.71364,0.126081,0.634308,0.126286
142.338321995,0.173063,1.66155,0.151052,1.653,0.0185959,1.07045,0.000969383,0,2.84839,0.114427,0.08609,0.0697046
142.384761905,0.135391,2.1605,0.0967523,1.60874,0.00257752,1.57643,0.0187395,0.0486261,2.94039,0.0539235,0.00324346,0.000589744
142.431201814,0.149993,2.90084,0.0376326,1.04012,0.0381227,1.29726,0.0321317,0.0742381,2.86886,0.0200972,0.00358779,0.000585766
142.477641723,0.190546,2.90207,0,0.633238,0.0911282,0.992361,0.0483695,0.0867537,2.39473,0.0367025,0.00256593,0.0098287
142.524081633,0.233222,2.75517,0.0281775,0.671508,0.121778,1.10273,0.122614,0.0986072,2.63583,0.00827828,0.000708317,0.000364246
142.570521542,0.698626,2.72804,0.0565669,0.881972,0.129562,1.15184,0.257818,0.0205755,2.62386,0.00119082,0,0.000105387
142.616961451,1.32064,2.55029,0.114495,1.00063,0.195604,0.776207,0.382079,0.0285898,2.56815,0.315274,0.25682,2.87051e-05
142.663401361,1.61153,2.13689,0.0958252,0.873046,0.261629,0.737961,0.305415,0.0358194,2.77135,0.447947,0.307954,0.0159082
142.709841270,1.81646,1.68496,0.0174905,1.17779,0.12452,1.18144,0,0.0390261,2.90204,0.35004,0.0997741,0.267771
142.756281179,1.60052,2.2389,0.0216285,1.17734,0,1.4677,0.0142627,0.0789798,2.69089,0.309585,0.0591637,0.0706812
142.802721088,0.653537,3.24887,0.369023,0.837836,0.0238661,1.39985,0.029885,0.136703,2.59907,0.165343,0,0.000237124
142.849160998,0.00968805,3.33896,0.612096,0.400653,0.0914753,1.22228,0.0420246,0.140283,2.75127,0.000284451,0.0305682,0.000277273
142.895600907,0.0443034,2.97388,0.742602,0.132087,0.0429883,1.05044,0.07123,0.0973007,2.82106,0.0165795,0.0277415,0.0201112
142.942040816,0.140523,2.74608,0.662631,0.965915,0.337297,0.965701,0.0886237,0.0364116,2.20515,0.0186036,0.0865976,0.000593522
142.988480726,0.106098,1.79957,0.259978,1.82207,0.745593,0.720122,0.01857,0.0264889,1.21646,0.496573,0.393243,0.288441
143.034920635,0.17397,0.933244,0.310004,1.71692,0.59444,0.32343,0.0170672,0.0788159,1.49089,0.606369,0.534196,0.491333
143.081360544,0.58224,1.02844,0.274875,1.46427,0.57476,0.0122601,0.0143685,0.106503,1.65967,0.577606,0.419206,0.406583
143.127800454,1.08954,1.03471,0.141385,1.34255,0.281678,0.137119,0.000874384,0,2.33017,0.537401,0.0917826,0.251614
143.174240363,1.02155,1.32058,0.496379,1.37633,0.00849821,0.159769,0.00224265,0.0171427,3.3717,0.288886,0.0582957,0.154647
143.220680272,0.676725,1.75369,0.969461,1.12608,0.00509404,0.196326,0,0.111659,3.39311,0.121907,0.0582382,0.158111
143.267120181,0.939893,1.72538,0.937771,1.13975,0.00731259,0.18271,0.00983749,0.0333312,3.49791,0.113523,0.00436259,0.200089
143.313560091,0.951953,1.25819,0.526973,1.24919,0.00387471,0.175877,0.0584481,0.0702408,3.88524,0.0664631,0.00379268,0.265983
143.360000000,0.977135,0.318074,0.316926,1.31448,0.352723,0.142362,0.0874445,0.0789163,4.19471,0.018252,0.002536,0.33777
143.406439909,1.18101,0.196047,0.162468,1.43185,0.791243,0.0168877,0.123679,0.0754318,3.95927,0.0112688,0.0185568,0.00016119
143.452879819,1.14251,0.130896,0.330323,1.467,0.849938,0.0307308,0.140976,0.0611579,3.89533,0.0229501,0,0.0170405
143.499319728,0.749641,0.18969,0.0543307,1.48711,0.129304,0.87863,0.117884,0.067268,3.96094,0,0,0.307113
143.545759637,0.352493,0.183318,0.00487545,1.42114,0.0221551,1.02601,0.314018,0.190226,3.61508,0,0,1.23682
143.592199546,0.14229,0.131187,0.0152515,1.5696,0.0222955,0.735894,1.12075,0.224563,2.09895,0.0331267,0.00685225,1.77017
143.638639456,0.417461,0.282968,0.0301719,1.33824,0.0871187,0.0424836,1.2014,0.289232,1.52647,0.019836,0.149701,1.63356
143.685079365,0.973667,0.280382,0.0240112,1.7145,0.17541,0.0108604,0.57138,0.301629,1.85433,0.538703,0.198782,0.920888
143.731519274,1.18138,0.701487,0.0870025,2.21831,0.311892,0,0.266339,0.109392,1.41397,1.31211,0.184255,0.117013
143.777959184,1.00226,1.52865,0.188062,1.70171,0.299694,0,0.232992,0,0.91015,1.67825,0.143183,0.11381
143.824399093,0.722951,2.36862,0.213035,0.535261,0.839011,0.0527243,0.198078,0,0.517489,2.18342,0.0432613,0.0711876
143.870839002,0.338595,2.58064,0.20108,0.094334,1.15152,0.170364,0.218794,0.217841,0.57796,2.31867,0.0175147,0.012664
143.917278912,0.285914,2.12867,0.313603,0.0660212,1.35035,0.143075,0.413256,0.822519,0.352146,1.98701,0.00945789,0.00510176
143.963718821,0.56515,1.7668,0.236967,0.0530147,1.03917,0.0206509,0.588023,1.00454,0.0121069,2.05773,0.148314,0.545765
144.010158730,0.495011,1.55847,0.313851,0,1.2696,0.0568512,0.753759,0.995526,0.0156973,1.82762,0.322969,0.604592
144.056598639,0.625571,1.45824,0.623074,0.00830235,1.12972,0.0228514,0.7391,0.778531,0.0851763,1.82664,0.271742,0.716258
144.103038549,0.749438,1.30393,0.818129,0.243253,1.65824,0.00559669,0.610923,0.584296,0.0875165,1.9492,0.432796,0.395921
144.149478458,0.61747,1.43703,0.713426,0.562782,2.1212,0,0.297663,1.18996,0.112025,2.06149,0.361894,0.0473646
144.195918367,0.171547,1.99055,0.416341,0.500479,2.08781,0.150129,0.288907,0.94991,0.110732,2.01948,0.256801,0.0195142
144.242358277,0.131771,2.31315,0,0.247905,2.09295,0.245976,0.302215,0.62372,0.43716,1.99496,0,0
144.288798186,0.113784,2.25321,0,0.0303429,2.25755,0.129909,0.441307,0.205403,0.57602,2.05129,0,0
144.335238095,0.06485,2.00893,0,0.08582,2.23497,0.00945253,0.29729,0.273273,0.537014,1.97312,0,0.0838481
144.381678005,0.0675592,1.87456,0,0.134525,2.09497,0.0245538,0.205465,0.271596,0.590528,1.81158,0.0897075,0.236137
144.428117914,0.324138,1.74957,0.000281855,0.746821,1.67185,0.0571095,0.0517633,0.230383,0.747285,1.43732,0.0511244,0.484819
144.474557823,0.541376,1.479,0.000946561,1.43249,0.780596,0.188486,0.0425458,0.128206,1.07571,0.900916,0.0677519,1.02397
144.520997732,0.781377,1.02139,0.00294663,1.62176,0.815859,0.036215,0.040134,0.230568,2.13497,0.429174,0.449159,1.10271
144.567437642,0.836661,0.563284,0.0781663,1.3689,0.494808,0.0628456,0.0373311,0.127265,3.07178,0.11403,0.588769,0.872783
144.613877551,1.01298,0.945643,0.313737,1.1795,0.0668128,0.158088,0.0233335,0.033711,3.55338,0.000197136,0.571135,0.626021
144.660317460,1.09927,1.23453,0.519729,1.51492,0.00370436,0.138109,0.00222682,0.181662,3.56341,0.0947499,0.152296,0.184253
144.706757370,0.829266,1.21391,0.613956,1.68626,0.0126265,0.197655,0,0.0251761,3.47124,0.15725,0.0699964,0.163245
144.753197279,0.812989,1.05956,0.58986,1.39118,0.0125795,0.191794,0,0.0295385,3.95458,0.125222,0,0.14648
144.799637188,0.918896,0.723424,0.480915,1.48256,0.212669,0.172431,0.0293537,0.0684764,4.34214,0.0669074,0,0.254228
144.846077098,1.03745,0.131444,0.343408,1.71176,0.452471,0.044923,0.053786,0.0827359,4.36691,0,0.224833,0.112489
144.892517007,1.24896,0.0600766,0.0816615,1.63969,0.67173,0.0975819,0.0763456,0.0814035,4.23511,0,0.257912,0.000536694
144.938956916,1.05239,0.159264,0.132535,1.62414,0.754278,0.212384,0.0822018,0.0632922,4.18127,0,0.000879201,0.128411
144.985396825,1.04216,0.279472,0.295468,1.45147,0.473052,0.111039,0.0449666,0.0688574,3.8586,0,0.0252349,0.702913
145.031836735,0.336654,0.296018,0.338964,0.977993,0.0283119,0.297246,0.116179,0.149594,3.83624,0.0884358,0.0173451,1.61403
145.078276644,0.534133,0.241934,0.404163,1.02554,0.0573808,0.35814,0.316757,0.547559,2.94301,0.0911226,0.000925322,1.55392
145.124716553,0.780727,0.279087,0.295459,1.16161,0.136531,0.104892,0.327482,0.497697,2.75468,0.00738471,0.122196,1.43128
145.171156463,1.23794,0.177813,0.105636,1.08346,0.661368,0,0.571592,0.160834,3.35422,0,0.346635,0.8045
145.217596372,1.50517,0.0938155,0.0846179,1.19772,0.42725,0,1.10691,0.144709,2.78326,0.305403,0.226142,1.18018
145.264036281,1.07922,0.108031,0.0158124,1.18111,0.30822,0.0618587,1.66956,0.0481938,1.23322,1.36565,0.0376007,2.1348
145.310476190,0.49107,0.212911,0.0230556,1.35946,0.481328,0.134667,1.64193,0.0472129,0.620043,1.24804,0.0277014,2.56225
145.356916100,0.135748,0.277444,0,1.50862,0.475845,0.201201,1.62293,0.0596084,0.748262,1.04315,0,2.86258
145.403356009,0.0543802,0.307635,0,1.84049,0.328457,0.320653,1.52894,0.0614723,0.607929,0.652503,0,3.21635
145.449795918,0.0752153,0.101058,0.00658746,2.23562,0.386194,0.22401,1.91789,0.0601148,0.186469,0.1468,0,3.11076
145.496235828,0.188355,0,0.00400313,2.37017,0.183276,0.132178,1.83159,0.0115002,0.0247269,0.00993863,0.0935151,3.28511
145.542675737,0.221318,0.0773499,0.00164391,2.39345,0.143739,0.086683,2.1202,0.0265115,0.61663,0.00226001,0.160291,3.12606
145.589115646,0.120989,0.155061,0.0468706,2.17181,0.191784,0.0509226,2.20694,0.0445165,1.01017,0.123988,0.152986,2.76125
145.635555556,0.160835,0.395262,0.131248,1.82283,0.185241,0.0876701,1.95923,0.0274648,1.11215,0.3611,0.17998,2.75739
145.681995465,0.197902,0.276846,0.115276,1.43033,0.18627,0.159209,2.64456,0.0135334,0.819875,0.310823,0.201786,2.72549
145.728435374,0.416864,0.311665,0.00661308,1.10188,0.194745,0.200834,2.98792,0.0447721,0.312324,0.0618421,0.455258,2.75277
145.774875283,0.791553,0.427267,0.00799862,1.03554,0.188891,0.100016,2.9034,0.0628265,0.0837085,0.0168191,0.33025,3.04428
145.821315193,0.840702,0.143842,0,0.777608,0.465939,0.0358977,2.73442,0.0681202,0.0617629,0,0.403466,2.9218
145.867755102,0.533823,0.200463,0,1.08469,0.202999,0.0316289,2.09115,0.386742,0.0120614,0,0.592234,3.17218
145.914195011,0.11801,0.1453,0.0213405,1.51367,0.368543,0.0252585,1.54546,1.09318,0.0315118,0.0314377,0.468023,2.60675
145.960634921,0.396226,0.221198,0.254899,1.59933,0.359889,0.0147752,1.1034,1.24959,0.030219,0.0151593,0.748339,2.08504
146.007074830,0.648849,0.472469,0.127383,1.33234,0.271391,0.0279174,0.824319,1.63542,0.744185,0.0752298,0.951251,1.71711
146.053514739,0.447646,0.474026,0.0972443,0.877626,0.218879,0.0414555,0.793171,1.16583,1.6096,0.0104033,1.17336,1.3851
146.099954649,0.451282,0.451523,0.364741,0.666414,0.0810303,0.20795,0.643481,0.409419,1.98113,0.0506611,1.01218,1.26261
146.146394558,0.407656,0.516317,0.764693,1.21311,0.0744942,0.244644,0.746054,0.168271,1.89264,0.124546,1.01385,0.623785
146.192834467,0.373206,0.196692,0.839928,1.64974,0.0291695,0.268494,1.17799,0.164999,1.8616,0.169791,0.624477,0.303285
146.239274376,0.865731,0.192881,0.719921,1.55632,0,0.268403,1.80914,0.211131,1.96853,0.483239,0.213789,0.10701
146.285714286,1.37057,0.115368,0.473721,1.626,0.0604531,0.184848,2.01191,0.208456,2.18367,0.518911,0.101955,0.0830406
146.332154195,1.41319,0,0.285626,1.77385,0.156111,0.0628019,1.83144,0.496386,2.71333,0.341675,0.103834,0.000685779
146.378594104,1.37798,0.181003,0.125704,1.80454,0.457368,0.0356254,0.855395,0.811636,3.34795,0,0.164256,0.118633
146.425034014,1.39856,0.349502,0.0749031,1.82958,1.08306,0.0543737,0.101671,0.715396,3.44924,0,0.0728574,0.00049184
146.471473923,1.0495,0.486987,0.0308357,1.57209,1.44387,0.0821049,0.0972531,0.0623167,3.369,0.0233517,0.0873062,0.51505
146.517913832,0.427218,0.422698,0.115946,1.31172,1.52378,0.226607,0.189947,0.161091,2.84098,0.215009,0.0420696,1.35436
146.564353741,0.277065,0.337326,0.264063,1.33688,1.53825,0.241691,0.365147,0.321036,1.76204,0.312329,0.265819,1.35437
146.610793651,0.567587,0.665587,0.225391,1.20034,1.7598,0.112971,0.513053,0.285258,2.1729,0.0100852,0.218161,1.04313
146.657233560,0.957956,0.461932,0.276896,1.40692,1.41187,0.00735101,0.906926,0.0930462,2.72352,0,1.1599,0.313936
146.703673469,0.751095,0.825397,0.297979,1.81112,0.526227,0.31534,0.702305,0.245689,1.96115,0.463367,1.64921,0.186362
146.750113379,0.836311,1.1305,0.222068,1.46908,0.447368,0.639604,0.793064,0.251955,0.848796,0.431517,1.68593,0.187927
146.796553288,0.634722,1.26659,0.170096,0.915129,0.2495,0.142613,1.32176,0.204712,0.911926,0.348613,1.71553,0.178338
146.842993197,0.30273,1.53052,0.0804622,0.843139,0.110932,0,1.67057,0.0544387,1.25578,0.214224,1.54912,0.143878
146.889433107,0.265057,1.65004,0.00741902,0.846324,0.0842538,0.00205939,1.78385,0.0502267,1.62536,0.0706321,1.63982,0.083275
146.935873016,0.319482,1.56771,0,0.930013,0.0790611,0.0270713,1.92926,0.0238275,1.70158,0.00217911,1.6607,0.102226
146.982312925,0.265109,1.57863,0,0.942159,0.0349079,0.0845167,1.83574,0.385436,1.39214,0,1.55485,0.190108
147.028752834,0.136615,1.88283,0,0.892482,0.0109886,0.0953259,1.70563,1.14261,1.00723,0,1.07683,0.05982
147.075192744,0,2.18469,0.028571,0.607155,0.0127743,0.0614696,1.72937,1.76208,0.463855,0,0.874772,0.000370552
147.121632653,0,2.10703,0.000399528,0.0653289,0.020263,0.0553744,1.80882,1.61431,0.02164,0,1.10394,0.000266338
147.168072562,0,1.90959,0,0,0.315575,0.00468523,1.93201,1.03138,0,0.0467205,1.58759,0.000197914
147.214512472,0.169101,1.31868,0,0.277859,1.44309,0.0181872,2.32064,0.213185,0.0111311,0.105669,1.6425,0.000173071
147.260952381,0.479312,0.884661,0.163001,0.59913,1.85484,0.0141818,2.12865,0.0689737,0.0339307,0.170255,1.5323,0.243802
147.307392290,0.511124,0.958513,0.267133,0.74295,1.98809,0.0117937,1.84716,0.0695146,0.19989,0.164396,1.49079,0.609031
147.353832200,0.354567,1.23201,0.373225,0.449976,2.41105,0.01582,1.63202,0.168906,0.551887,0.0523485,1.56854,0.646823
147.400272109,0.20403,1.75822,0.234813,0.357258,2.66676,0.0230657,1.51895,0.23173,0.802979,0,1.48717,0.793939
147.446712018,0,1.71335,0.0794542,0.993101,2.1188,0.0266498,1.17697,0.749087,0.633767,0,1.37774,0.898481
147.493151927,0,1.79033,0,1.53422,1.59994,0.0257088,0.716144,1.01861,0.271294,0,1.53384,0.721845
147.539591837,0,1.24863,0,1.98922,1.50233,0.0193805,0.267,1.02856,0.420861,0.0760494,1.54763,0.705921
147.586031746,0.10425,0.547741,0.0564887,2.16028,1.79263,0.0223935,0.138887,0.950446,0.730352,0.495835,1.50156,0.514747
147.632471655,0.0914339,0.194514,0.204349,2.12406,2.30701,0.0299777,0.19339,0.795827,0.764262,0.500317,1.368,0.457366
147.678911565,0.213541,0,0.344178,1.54529,3.3319,0.0443619,0.0971935,0.574617,1.05756,0.14478,1.10871,0.767636
147.725351474,0.697335,0,0.271697,0.296007,3.90704,0.0441983,0.0847616,0.24401,1.33153,0.117243,0.963294,1.07944
147.771791383,0.84504,0,0.0405666,0.274675,3.94905,0.172083,0.0599607,0.726159,0.775189,0.351871,0.861725,0.983605
147.818231293,0.849172,0.0868047,0,1.47741,2.96134,0.348388,0.0704165,0.949919,0.490042,0.30569,1.21532,0.37458
147.864671202,0.783942,0.483606,0,2.62284,1.32603,0.355489,0.330492,0.905523,0.133879,0.0255436,1.17321,0.470162
147.911111111,0.631408,0.610179,0,3.16797,0.652817,0.321034,0.65609,0.697577,0.0375131,0.000171379,1.53277,0.532
147.957551020,0.331498,0.588224,0,3.42478,0.174559,0.247057,0.783595,0.306453,0.00979906,0.578131,1.6881,0.761158
148.003990930,0.0432062,0.503501,8.34612e-05,3.56152,0.210138,0.104215,0.742428,0.251993,0.21702,1.44614,1.37842,0.218254
148.050430839,0.022278,0.328989,0.000787465,3.82134,0.180657,0.00258466,0.44509,0.710196,0.0442805,1.97042,1.34167,0
148.096870748,0.0349346,0,0.00218418,3.88118,0.156428,0.0614524,0.102432,0.750859,1.12638,1.93261,1.19648,0.0255749
148.143310658,0.0533043,0.161989,0.121292,3.86231,0.0581166,0.139666,0.0621344,0.663495,1.95319,1.13136,0.99381,0.0899704
148.189750567,0.118634,0.676835,0.272023,3.43448,0,0.179738,0.0791949,0.827998,2.59743,0.216675,0.645919,0.0731152
148.236190476,0.176554,1.29589,0.192019,2.761,0,0.223588,0.104648,0.798845,2.78672,0.104296,0.536653,0
148.282630385,0.595669,1.61901,0.119494,1.74064,0,0.412292,0.264873,0.224504,3.15271,0.118445,0.133643,0.0812966
148.329070295,0.462429,2.31382,0.625905,0.81863,0,0.689346,0.214452,0.0617256,3.25741,0.0677217,0.0080008,0.281326
148.375510204,0.332012,2.67781,0.4215,0.678393,0,0.676371,0.0432362,0.0746711,3.22252,0.0103312,0,0.163963
148.421950113,0.361745,2.79519,0.0559649,0.648111,0,0.632552,0.052804,0.0767342,3.29803,0,0,0.0873973
148.468390023,0.733018,2.86715,0.0214296,0.682371,0.107501,0.502279,0.0507252,0.027236,3.33977,0,0,0.0459256
148.514829932,1.19722,2.88969,0.017494,0.862696,0.158728,0.638152,0,0.0373194,3.30886,0,0.0135859,0.0238658
148.561269841,1.5781,2.21159,0.185828,0.997479,0.11821,0.519694,0.171128,0.0485811,3.40607,0.0295126,0.413197,0.0783821
148.607709751,1.91887,1.33585,0.153491,1.00953,0,0.529497,0.400512,0.049328,2.98417,0.105,0.7604,0.234111
148.654149660,2.14244,1.80432,0.00415968,1.15796,0,0.595024,0.240052,0.0554022,2.35463,0.199167,0.381406,0.173866
148.700589569,1.91332,1.99159,0,1.29365,0,1.43148,0.131394,0.238384,2.4218,0.245943,0.00403346,0.000373643
148.747029478,1.73057,2.22291,0,1.02718,0.0280267,1.76191,0.0396311,0.138854,2.52891,0.211083,0.00285782,0.000536185
148.793469388,1.36646,2.45643,0,0.357047,0.111744,1.74052,0.0549237,0.100866,2.58203,0.210585,0.0769064,0.000638411
148.839909297,1.33438,1.95432,0,0.498823,0.179654,1.2382,0.0585311,0.0632148,2.8102,0.0879773,0,0.0978866
148.886349206,1.52454,1.74633,0.00198836,0.827057,0.233841,0.493895,0.0332679,0.0541324,2.86437,0.0824754,0.00137795,0.0437434
148.932789116,1.58269,1.72344,0.00542574,1.15692,0.163398,0.35416,0.0224585,0.0787789,3.03664,0.058503,0.00345529,0.000282397
148.979229025,1.57168,1.57819,0.00403035,1.48501,0.0357732,0.0657667,0.0384935,0.167668,3.38008,0.0399375,0.00499405,0.00032017
149.025668934,1.02661,1.37684,0.0121754,1.50522,0,0.0692733,0.0590008,0.172923,3.73632,0.0612424,0.00569454,0.0003454
149.072108844,0.888428,0.556516,0.0575306,1.68493,0.0817384,0.176543,0.0607693,0.125621,4.13181,0.0703542,0.00575903,0.000361961
149.118548753,0.923422,0.409228,0.204628,1.65238,0.326093,0.151586,0.0375104,0.00890272,4.17221,0.0423238,0.0569673,0.00214763
149.164988662,0.968586,0.452179,0.254195,1.64172,0.362057,0.0275621,0.0146469,0.0472202,3.92844,0.226301,0.077424,0.0711022
149.211428571,1.09806,0.398878,0.203478,1.69127,0.393862,0.0258365,0.0256349,0,3.93859,0.0488284,0.136959,0.000372916
149.257868481,1.34678,0.259888,0.0396269,1.57819,0.485611,0.0138604,0.0411686,0.154553,4.12331,0.00949276,0.0889795,0.000176955
149.304308390,1.26443,0.00141345,0.115221,1.34275,0.198566,0.00830154,0.0367157,0.224902,4.15463,0.0661597,0.0602948,0
149.350748299,1.06627,0.00245899,0.138566,1.52326,0.178331,0.0204535,0.0154696,0,3.71304,0.501192,0.033619,0
149.397188209,0.909482,0.223451,0.115091,1.48011,0.151143,0.0279899,0.00796937,0,3.20908,0.879311,0.527516,0
149.443628118,0.918344,0.869183,0.574368,0.708892,0.144881,0.017086,0.0290647,0.0671904,2.79606,0.942617,0.914563,0
149.490068027,0.734837,1.34809,0.585666,0.361719,0.110127,0,0.0108076,0.350414,2.51247,0.7427,0.742506,0.000175119
149.536507937,0.3874,1.58984,0.959405,0.0700985,0.0346786,0,0.0757876,0.8912,2.41009,0.233331,0.635372,0.0246054
149.582947846,0.467245,1.68211,1.0023,0.334121,0.397471,0,0.328292,0.85368,2.29286,0.193229,0.414292,0.123549
149.629387755,0.486714,1.71649,0.882601,0.3232,0.695592,0,0.204262,0.818755,1.98579,0.158361,0.160703,0.164087
149.675827664,0.286064,1.99367,0.979521,0.222915,0.727546,0.0463935,0.159478,0.493657,1.57367,0.95789,0.292492,0.127488
149.722267574,0.176482,2.37274,1.00976,0,0.896094,0.0853916,0.200774,0.361377,1.23215,1.48507,0.44283,0.0993063
149.768707483,0.275369,2.61946,0.729424,0,1.08296,0.145556,0.207932,0.199051,0.930025,1.85886,0.194489,0.0574663
149.815147392,0.454021,2.43427,0.156459,0,1.62516,0.140961,0.28018,0.253975,0.658552,2.12222,0.0792776,0.0136238
149.861587302,0.835768,1.54403,0.115423,0.0785613,1.87179,0.0330608,0.325905,0.260979,0.471776,2.09018,0.0489585,0.104786
149.908027211,0.847677,0.625277,0,0.093818,1.71862,0.460735,0.423853,0.324402,0.611168,1.84626,0.0659102,0.64627
149.954467120,0.7305,0.408076,0.0885586,0.112427,1.72181,0.773068,0.437866,0.398477,0.58238,1.60234,0.0806872,0.703958
150.000907029,1.19732,0.473976,0.20549,0.155429,1.67065,0.58053,0.260227,0.307406,0.568296,1.5798,0.26074,1.03072
150.047346939,2.27688,0.443373,0.206502,0.207596,1.50035,0.284797,0.158762,0.602163,0.712899,1.32042,0.327074,0.485202
150.093786848,2.10059,0.645755,0.237698,0.101725,1.72586,0.181003,0.0983311,0.779196,0.507337,1.06608,0.462119,0.19071
150.140226757,1.42245,1.41396,0.252218,0.157734,2.0362,0.242461,0.161456,0.406583,0.115887,1.40727,0.233428,0
150.186666667,0.424961,1.79908,0.226596,0.155483,2.17374,0.211639,0.198402,0.329342,0.0934148,1.68975,0,0.071753
150.233106576,0.019233,1.72963,0.125227,0.196267,2.32819,0.0987045,0.236244,0.533197,0.0720854,1.71057,0,0.290638
150.279546485,0.0261275,1.51174,0,0.202979,2.08386,0.0204161,0.221605,0.579203,0.00737348,1.91356,0,0.742588
150.325986395,0.00639637,1.36486,0.00854343,0.198885,2.03302,0.0175021,0.175147,0.451927,0,2.09073,0.03752,0.836837
150.372426304,0.00764635,1.16377,0.106605,0.230145,1.73864,0,0.339944,0.325325,0.00377346,1.96469,0.104014,1.14161
150.418866213,0.00348996,0.506485,0.177573,0.407515,1.42058,0.0572116,1.16208,0.0815563,0,1.39661,0.117575,1.4559
150.465306122,0,0.00193373,0.17197,0.602702,1.33809,0.158403,1.19235,0.0401775,0,0.847589,0.127486,2.19662
150.511746032,0,0.0286866,0.0628989,0.588366,1.67776,0.182121,1.1215,0,0,0.299425,0.0824412,2.77594
150.558185941,0.000247497,0.0751291,0.00635029,0.56519,1.76785,0.203499,1.22377,0.000241604,0,0.119597,0.196246,2.73262
150.604625850,0.00124262,0.0405584,0.00352388,0.577032,1.70799,0.00231085,1.46677,0.0253309,0.0391956,0.0327758,0.0330813,2.74394
150.651065760,0.216642,0.0465891,0.00624268,0.435757,1.36306,0,1.51856,0.0657003,0.0211555,0.0133219,0,2.8224
150.697505669,0.000686185,0,0.0466048,0.306746,1.11828,0.446784,1.15712,0.0766423,0.0101048,0.0122294,0,2.89135
150.743945578,0.204325,0.000212244,0.0891898,0.409707,1.23801,0.590218,0.70145,0.340496,0,0.0415299,0.000547986,2.82803
150.790385488,0.0276297,0.00111152,0.0960458,0.475239,1.3037,0.526859,0.633204,0.335322,0,0.038598,0,2.94916
150.836825397,0.00017244,0.0023061,0.0683192,0.43594,1.22001,0.639111,0.856259,0.171624,0,0.0295845,0,2.83648
150.883265306,5.24023e-05,0.00345993,0.0771799,0.245868,1.12538,0.677924,0.856015,0.179636,0,0.0566711,0.131711,2.81979
150.929705215,0.188445,0.000469171,0.0981538,0.18078,1.09167,0.719601,0.665885,0.0364325,0,0.0557198,0.171579,3.08173
150.976145125,0.238318,0,0.0847792,0.172621,1.22243,0.842171,0.608104,0.00628242,0.266146,0.0450453,0,3.12899
151.022585034,0.332085,0.0170685,0.0176827,0.53256,0.965023,0.764695,0.598258,0.0174838,0.0626882,0.102267,0.0705692,3.29159
151.069024943,0.264685,0.0711335,0.00187552,0.927362,0.212856,0.889301,0.745824,0.0332791,0,0.0351263,0.0973536,3.71704
151.115464853,0.223485,0.100896,0.0771572,1.46465,0.000475309,0.521554,1.24337,0.0431782,0.0338008,0.0287861,0.118923,3.77777
151.161904762,0.169387,0.698822,0.400642,1.52142,0,0.238623,1.69183,0.0509006,0.3382,0.332679,0.122374,3.42292
151.208344671,0.136676,0.861733,0.610521,1.30306,0,0.310435,1.75337,0.0512213,0.725388,0.546194,0.0325685,2.76162
151.254784580,0.148686,1.10729,0.555519,1.43713,0,0.356326,1.65784,0.0291132,0.866368,0.420563,0,2.76841
151.301224490,0.251353,1.06423,0.103572,1.55838,0.0477678,0.320713,1.75416,0.0551135,0.701863,0.0980707,0,2.74607
151.347664399,0.506798,0.648976,0.0144934,1.63949,0.186152,0.303606,1.91718,0.114968,0.276478,0.0392339,0.212024,2.7428
151.394104308,1.02069,0.139892,0,1.54583,0.306512,0.117363,1.62827,0.098371,0,0.0455703,0.435616,2.73308
151.440544218,1.24758,0,0.106339,1.78623,0.0834738,0.149281,1.47587,0.066,0,0.000578896,0.278963,2.77032
151.486984127,1.56503,0.141996,0.0845788,2.12283,0.0680397,0.0836898,1.7276,0.0979476,0,0.053984,0.257477,2.28447
151.533424036,1.97809,0.169228,0.127316,2.21599,0.0692253,0.202387,1.98658,0.167366,0,0.0867478,0.293221,1.67746
151.579863946,1.83695,0.220112,0.138547,2.12252,0.0440001,0.23296,2.1155,0.188191,0.046676,0.257445,0.412337,1.5601
151.626303855,1.1123,0.243743,0.113945,1.77592,0.00322983,0.371568,1.95756,0.17092,0.0862489,0.354599,0.173083,2.53654
151.672743764,0.224021,0.0385557,0.130133,1.53951,0.00954782,0.646838,2.06558,0.0898838,0.08778,0.149343,0,3.23229
151.719183673,0.104872,0,0.0477307,1.66276,0.324594,0.464432,2.31803,0.0738831,0.0649864,0.0332259,0,3.2299
151.765623583,0.156181,0,0,1.8724,0.389179,0.223922,2.40235,0.0627991,0.020268,0.0595165,0,3.07589
151.812063492,0.598804,0.0306346,0,1.74029,0.187007,0.0372136,2.52188,0.0286401,0,0.0646472,0.138443,2.84445
151.858503401,1.65289,0.134182,0.00191706,1.09565,0.152876,0.159746,2.50811,0,0.0301156,0.0517471,0.428331,1.5745
151.904943311,1.74987,0,0.00212839,0.486864,0.203081,0.446727,1.76945,0.0201414,1.13003,0,0.108405,1.48941
151.951383220,1.5168,0.0655738,0,0.322978,0.176788,0.449131,0.998832,0.0362258,2.25685,0.000288301,0.0667312,1.37909
151.997823129,1.41228,0.367904,0.179368,0.413867,0.0901204,0.166533,0.265905,0.0528514,2.6935,0.00837398,0.0568512,1.19567
152.044263039,1.59512,0.399924,0.754713,0.926328,0.0165816,0.118841,0.320187,0.0493043,2.89668,0.00215812,0.0550558,0.811186
152.090702948,1.31349,0.169514,0.644493,1.81377,0.00361095,0.145593,0.349053,0.0447726,2.44245,0.0915622,0.100936,0.579179
152.137142857,0.781187,0.161734,0.554703,1.80799,0.000440528,0.266222,0.496418,0.0517716,2.33159,0.127851,0.0103822,1.22432
152.183582766,0.237625,0.0970254,0.395946,1.58134,0.00124575,0.23694,0.546756,0.0976013,2.72696,0.0734565,0,1.87777
152.230022676,0.211112,0.257225,0.277265,1.16087,0.293897,0.171492,0.608125,0.102338,2.97472,0.0312567,0,1.57087
152.276462585,0.329469,0.370235,0.163016,1.26754,0.816225,0.00987219,0.624541,0.0854432,2.81841,0.00372274,0.176985,1.21843
152.322902494,0.430517,0.366486,0.000398744,1.41029,1.02032,0.0244386,0.639731,0.0804844,2.62068,0.00281404,0,1.39977
152.369342404,0.224704,0.12069,0.0157362,1.55653,0.509198,0.0348131,0.71749,0.0719133,2.4676,0.00496361,0,1.94119
152.415782313,0,0.189754,0.227058,1.21775,0.0706459,0.143961,0.77056,0.0319581,2.49957,0.00748964,0,2.40818
152.462222222,0.000414473,0.0887752,0.419166,0.683727,0.0561307,0.376086,0.736695,0.0176009,2.47504,0.00636003,0.159345,2.61153
152.508662132,0.152646,0.176299,0.32215,0.778606,0.0321568,0.361384,0.872174,0.254465,1.90627,0.00403167,0.29078,2.54991
152.555102041,0.355208,0.246913,0.114119,1.11565,0.409608,0.276938,0.748488,0.0368557,1.68728,0.181952,0.0915574,3.02441
152.601541950,0.389486,0.433319,0.141954,1.78869,0.560236,0,0.398795,0.578196,1.39578,0.357802,0.116806,2.56713
152.647981859,0.543094,0.749147,0.454752,1.72483,0.819513,0.0538681,0.336445,1.01588,0.734624,0.239863,0.101135,0.943296
152.694421769,0.595075,1.4898,0.382584,1.26446,0.737289,0.0581551,0.701536,1.06061,0.74882,0.24621,0.0564869,0.521701
152.740861678,0.432555,1.97827,0.107202,0.66565,0.446871,0.0616467,1.39197,0.789835,0.713475,0.277205,0.170611,0.271155
152.787301587,0.295594,1.95942,0.0289037,0.585507,0.2277,0.00994574,2.27759,0.47152,0.632235,0.101778,1.01308,0.101743
152.833741497,0.27334,1.99115,0,0.697486,0.165778,0.0157833,2.51352,0.130346,0.500112,0.111756,1.18255,0.128801
152.880181406,0.362248,1.9627,0,0.712446,0.0261576,0.0356383,2.65013,0.0468223,0.562959,0.089733,1.29087,0.124339
152.926621315,0.42804,1.89755,0.0289096,0.626009,0.02073,0.15789,2.75572,0.0183775,0.677334,0.0679697,1.08248,0.127739
152.973061224,0.271467,1.98239,0.0669574,0.38293,0,0.0627669,2.65251,1.03117,0.235972,0.461758,0.588922,0.180236
153.019501134,0.167251,1.62544,0.439523,0.166239,0,0.151301,2.11758,1.48502,0.0143998,0.686139,0.703257,0.238725
153.065941043,0.130987,1.14523,0.672907,0.11897,0.0291358,0.0768619,1.84389,1.72858,0.00041794,0.804105,0.921626,0.232991
153.112380952,0.12666,0.966843,0.626559,0.0696662,0.384822,0.0893267,1.95073,1.53277,0.056242,0.364946,1.26576,0.1664
153.158820862,0.0649277,0.882499,0.446495,0.0272785,1.65953,0.141044,1.98124,1.50501,0.0563765,0.0220163,1.60805,0.0477877
153.205260771,0.054144,1.21111,0.193987,0.020299,2.00994,0.20642,2.03047,0.828884,0.0384897,0.000345851,1.76622,0
153.251700680,0.0951247,1.42884,0.0111889,0,2.12403,0.231538,1.68457,0.333978,0.336608,0.000623455,1.94644,9.60018e-05
153.298140590,0.0467939,1.26358,0.0159768,0.0415568,1.88926,0.268003,1.48205,0.245933,0.650987,0.0172036,1.77774,0.0816932
153.344580499,0.336726,1.0303,0.000726308,0.35398,1.33429,0.241736,1.45124,0.218306,0.629142,0.127094,1.34991,0.316218
153.391020408,0.838312,0.916494,0,1.07833,0.51988,0.195952,0.950966,0.391018,0.262949,0.252926,1.55391,0.516665
153.437460317,0.515647,0.793215,0.000137496,1.45263,0.65946,0.0530623,0.499835,0.908188,0.08269,0.133233,2.06573,0.437046
153.483900227,0.195976,0.532848,0.0722532,1.99659,1.0081,0.126489,0.00320475,1.21452,0.104933,0.11296,2.10838,0.338324
153.530340136,0.191172,0.223001,0.14678,2.13882,1.4048,0.243068,0.00312655,1.17807,0.36446,0.0961698,1.84916,0.473799
153.576780045,0.142098,0.228921,0.320868,2.0176,1.75991,0.290472,0.00375623,0.946896,0.792535,0.282709,1.09051,0.774237
153.623219955,0.167575,0.150356,0.626557,1.63836,2.85074,0.375022,0,0.705808,1.06545,0.150991,0.313463,1.27878
153.669659864,0.166449,0.13754,0.329278,0.314188,3.85159,0.138802,0.115736,0.0825533,1.88386,0.0993618,0.78104,1.36885
153.716099773,0.196117,0.0152588,0.155153,0.54042,3.71429,0.0156932,0.144095,0.325558,1.6904,0.184557,0.722252,0.914332
153.762539683,0.388575,0.0123198,0.0252459,2.3052,1.98416,0.0421631,0.294551,1.40982,1.532,0.614473,0.417947,0.440391
153.808979592,0.317052,0.0113015,0.147544,2.97704,0.941107,0.0816333,0.25973,2.11999,1.14777,0.65391,0.402749,0.53959
153.855419501,0.163958,0.102891,0.307024,3.29346,0.54413,0.124719,0.0783746,2.51221,0.583242,0.0309887,0.746092,0.779979
153.901859410,0.0886357,0.293978,0.196404,3.37656,0.393367,0.265114,0.016436,2.64086,0.0181245,0.588314,0.759296,0.819411
153.948299320,0.162529,0.292207,0.00428022,3.49078,0.296921,0.390811,0.00534423,2.11149,0.00515946,1.5831,0.316157,0.900264
153.994739229,0.149886,0.254553,0,3.30169,0.255107,0.410939,0.0282723,0.933384,0.124338,1.88431,0.14869,1.00144
154.041179138,0.143024,0.186822,0,3.3446,0.167298,0.294902,0.0457788,0.341559,0.401062,1.70036,0.0998262,1.0287
154.087619048,0.092445,0.151589,0.000544776,3.41842,0.165681,0.334899,0.0491775,0.277794,1.33829,1.34265,0.0778219,0.973712
154.134058957,0.170086,0.497986,0.0117102,3.18762,0.315492,0.371074,0.0482507,0.283068,1.92608,0.881602,0.0634477,0.368465
154.180498866,0.387314,1.38113,0.0207463,2.40785,0.245081,0.475827,0.0614226,0.252626,2.06169,0.64633,0.0373817,0.0653288
154.226938776,0.693341,2.09403,0,1.46877,0.0275001,0.874671,0.143337,0.11922,2.73284,0.19929,0,0.000217636
154.273378685,0.691782,2.47027,0.22875,1.15623,0.00219035,0.896478,0.269861,0.155677,2.83528,0.0785132,0,0.000280461
154.319818594,0.520367,2.80261,0.111254,1.02573,0,0.989447,0.335233,0.608279,2.07517,0.0256043,0,0.000281676
154.366258503,0.478457,3.02791,0.00484564,0.854595,0,1.10371,0.330136,0.78385,1.56082,0.0311283,0,0.00026561
154.412698413,0.734059,3.21975,0.154485,0.456043,0.0281828,1.39807,0.225769,0.653545,1.54504,0.0336649,0,0.0648469
154.459138322,0.930108,2.9535,0.211974,0.449643,0.161245,1.45522,0.0841802,0.143076,2.00396,0.0479943,0.015877,0.371097
154.505578231,1.16864,1.96906,0.821292,0.696236,0.120426,1.50831,0,0.0495933,2.45184,0.196799,0.0545649,0.780509
154.552018141,1.74373,1.64634,0.52606,1.06125,0,1.57328,0.00423285,0.0946619,2.40488,0.286701,0.0188617,0.744308
154.598458050,1.72732,1.96105,0.00529329,0.852961,0,1.59043,0.132383,0.103839,2.41556,0.281521,0,0.662522
154.644897959,1.48208,2.17249,0.00516838,0.513155,0,1.58504,0.143644,0.104013,2.50942,0.232998,0.0997073,0.647307
154.691337868,1.27761,2.61674,0.191772,0.056329,0.146917,1.49937,0.0414688,0.126223,2.42814,0.150515,0.131958,0.479832
154.737777778,1.2873,2.5876,0.0350098,0.443851,0.0842935,1.23279,0.056152,0.116549,2.61599,0.0928467,0.0618696,0.578832
154.784217687,1.11777,1.82219,0,1.16622,0.436156,0.895521,0.0439119,0.0855733,2.62892,0.241105,0,0.471349
154.830657596,0.679347,0.813425,0.00872521,1.34951,0.519385,1.05276,0.000634591,0.0525672,2.63801,0.335996,0.000127229,0.616167
154.877097506,0.903015,0.542827,0.0068569,1.42347,0.443013,0.830106,0.00608858,0.0527734,2.44408,0.434184,0.00218692,0.637457
154.923537415,1.23768,0.616914,0.00874585,1.40053,0.315397,0.386816,0.0199635,0.0579288,2.46922,0.531279,0.0626827,0.647925
154.969977324,1.31042,0.801409,0.0977716,1.34201,0.119789,0.344966,0.0182625,0.0213237,2.9879,0.2896,0.00368604,0.538435
155.016417234,1.2478,0.126323,0.318047,1.4199,0,0.34086,0.0159056,0.00537283,3.48537,0.118367,0.0446746,0.345097
155.062857143,1.04902,0.184402,0.5835,1.88595,0.000110709,0.310043,0.0217624,0,3.00657,0.202304,0.0862918,0.160076
155.109297052,0.899891,0.152089,0.543909,1.91265,0.00429433,0.318555,0.00904791,0.0255265,3.30596,0.152109,0.00536142,0.144996
155.155736961,0.794276,0.143823,0.39146,1.55918,0.00386319,0.204522,0.0440587,0.0713994,4.10363,0.0708547,0.00473119,0.144061
155.202176871,0.674266,0.0599342,0.304489,1.54912,0.298693,0.181024,0.0743593,0.0840077,4.28064,0.0115879,0.00360347,0.0990511
155.248616780,0.646069,0,0.238865,1.68845,0.741171,0.00613474,0.115493,0.0854702,3.98975,0,0.453199,0
155.295056689,0.724131,0.0291352,0.349232,1.55404,0.503998,0.0229972,0.247635,0.0766605,3.91396,0,0.19346,0.0467538
155.341496599,0.693152,0.0891848,0.370699,1.40704,0.028931,0.0913808,0.365911,0.0563116,3.94774,0,0,0.25572
155.387936508,0.294161,0.177842,0.493629,1.29705,0.0175674,0.1216,1.30835,0.172076,3.59684,0,0,0.631728
155.434376417,0.388268,0.215534,0.575562,1.01926,0.00367724,0.348366,1.53809,0.267871,2.26322,0.080681,0.0911114,1.06597
155.480816327,0.562933,0.847498,0.239878,0.85464,0.050124,0.218822,1.29569,0.442256,1.4049,0.0723278,0.81264,0.795611
155.527256236,0.905547,1.10736,0.227766,0.989127,0.0553711,0.161734,0.958632,0.357878,1.13744,0.047267,0.894654,0.598012
155.573696145,1.4641,1.12376,0.197019,1.67608,0.0824717,0.0546105,0.521885,0.0726874,1.46489,0.900035,0.452154,0.227894
155.620136054,1.11552,1.65877,0.244547,1.6067,0.0882478,0.0846882,0.119837,0.0304166,1.31338,1.44317,0.329667,0.235817
155.666575964,0.817941,2.02911,0.269656,0.881142,0.237512,0.29184,0.219923,0.0171927,0.415797,2.18504,0.132242,0.0798527
155.713015873,0.42955,2.2108,0.0898442,0.277583,1.15072,0.246053,0.379745,0.0589513,0.0726391,2.59228,0.00191335,0.00594748
155.759455782,0.309091,2.06334,0.00737742,0.117402,2.326,0.165539,0.265616,0.0706933,0.0593569,2.5964,0.0232059,0
155.805895692,0.317777,1.68972,0,0.0591703,2.49171,0.014102,0.0693851,0.105533,0.23831,3.06245,0.168462,8.90109e-05
155.852335601,0.355554,1.08522,0,0.0315085,2.28822,0.0322048,0.0440671,0.0993365,0.333488,3.28778,0.194947,0.00845565
155.898775510,0.434216,1.38868,0.0919897,0.0105404,2.01501,0.0281389,0,0.0524779,0.0669643,3.47332,0.101979,0.150684
155.945215420,0.444991,1.5586,0.186932,0.024077,1.71402,0.0319382,0.00432357,0.0390593,0.0108481,3.39714,0.0219463,0.261779
155.991655329,0.39262,1.80316,0.257665,0.119884,1.70015,0.0874525,0.0377492,0.0372258,0.019748,2.81712,0.397503,0.180905
156.038095238,0.288879,2.34257,0.231657,0.118674,1.78038,0.094783,0.0697087,0.0339933,0.0781166,2.44192,0.41729,0.153619
156.084535147,0.322918,2.5454,0.0910331,0.145225,1.85933,0.124306,0.114569,0.0742032,0.0989517,2.43334,0.0511436,0.0269404
156.130975057,0.188559,2.69492,0.100255,0.209504,2.10061,0.0688747,0.17143,0.0631112,0.0408051,1.94648,0.0401501,0
156.177414966,0.0997204,2.67285,0,0.164947,2.19637,0.00736398,0.209595,0.0786885,0.024001,2.26809,0.0552732,0
156.223854875,0.0777147,2.6886,0,0.160666,2.17729,0.0252545,0.174711,0.0585223,0.0350713,2.52957,0.0895285,0.0511604
156.270294785,0.0723688,2.45599,0.000650983,0.442984,1.80749,0.0235377,0.0862432,0.0175906,0.404515,2.26119,0.00537167,0.22021
156.316734694,0.674893,1.4728,0.162439,0.864835,1.48996,0.0199742,0.135969,0,1.02773,1.2603,0.00328505,0.351893
156.363174603,1.13619,1.08788,0.570955,1.12168,1.27198,0.026875,0.16745,0.0371323,1.66581,0.56159,0.599892,0.556013
156.409614512,1.35759,0.55464,0.598041,1.10625,0.636,0.127273,0.149584,0.0549621,2.69139,0.48143,0.586289,0.652795
156.456054422,1.47109,0.345877,0.482851,1.27639,0.131852,0.229928,0.141492,0.019823,3.29631,0.313777,0.437639,0.393139
156.502494331,1.45026,0.490831,0.480784,1.95531,0.0176555,0.198921,0.289071,0.00859001,3.39766,0.121994,0.360183,0.134333
156.548934240,1.25849,0.583482,0.63923,2.16282,0.0113041,0.0893607,0.149586,0.0697184,2.96099,0.246119,0.280375,0.164095
156.595374150,1.27074,0.557064,0.617039,1.90571,0.00709807,0.171955,0.110405,0.0404812,3.28605,0.179665,0.0500788,0.258118
156.641814059,1.07119,0.783895,0.701078,1.25849,0.00545551,0.133517,0.0443579,0.325542,3.54483,0.0701374,0.00108325,0.443947
156.688253968,0.910447,0.37839,0.932257,1.15017,0.000175314,0.242772,0.0644557,0.327236,3.47886,0,0.00411764,0.116553
156.734693878,0.825524,0.0518944,0.78346,1.28631,0.0570016,0.469532,0.07861,0.258227,3.35452,0,0.00448513,0.0974975
156.781133787,0.68498,0.0125508,0.63175,1.36377,0.00728181,0.492092,0.0555016,0.43705,3.49595,0,0.00406016,0.197983
156.827573696,0.691499,0.100073,0.309931,1.44171,0.0180523,0.117444,0.0161514,0.508533,3.69803,0.0380002,0.00351566,0.429355
156.874013605,0.290451,0.518711,0.171803,1.34538,0.316525,0,0,0.307393,3.77569,0.087207,0.00275519,1.18062
156.920453515,0.236047,0.781632,0.170458,1.22374,0.480657,0.00520038,0,0.131183,3.63285,0.121082,0.00198039,1.53954
156.966893424,0.350653,0.859058,0.186376,1.1672,0.403968,0.00453891,0.169908,0.221164,3.49382,0.224735,0.109725,1.57367
157.013333333,0.667727,0.921074,0.15559,1.26385,0.488721,0,0.509998,0.150768,2.92867,0.329704,1.01962,0.722501
157.059773243,0.74096,0.441643,0.656479,1.13491,0.768561,0.00239863,0.929973,0.595525,1.39847,0.793451,0.934991,0.482649
157.106213152,0.273085,0.216836,0.824033,1.09846,0.467028,0.0517585,1.09471,0.698102,0.958303,0.674883,0.415306,1.64227
157.152653061,0.254117,0.153842,0.865792,1.25477,0,0.181737,1.27787,0.333987,0.838848,0.641672,0.0699808,2.54247
157.199092971,0.286941,0.0953036,0.691129,1.43746,0,0.220809,1.40191,0.192,1.63516,0.38827,0.00521689,2.57549
157.245532880,0.293951,0.0644665,0.258274,1.76968,0,0.264934,1.42451,0.0660713,2.63548,0.0136745,0.0067377,2.59866
157.291972789,0.284169,0.016454,0,2.13615,0.179242,0.115893,1.24939,0.0708871,2.77404,0,0.00657933,2.3425
157.338412698,0.238066,0,0.00207645,2.22352,0.0195302,0.170847,1.07443,0.0419237,2.96156,0,0.00592723,2.47901
157.384852608,0.369616,0.0670308,0.21619,2.21687,0,0.0198153,1.30667,0.00226853,2.92246,0,0.115742,2.37141
157.431292517,0.319523,0.143348,0.270949,2.22348,0.044582,0,1.55175,0.00694811,2.63623,0.0511298,0.197604,1.83576
157.477732426,0.340999,0.466677,0.469991,1.80282,0.0686805,0,1.80102,0.200998,1.73924,0.109524,0.381263,1.87775
157.524172336,0.256984,0.940508,0.584009,0.971024,0.114824,0.096771,1.36087,0.317354,0.692381,0.115457,0.496387,1.92098
157.570612245,0.0960462,1.07607,0.325456,0.857377,0.148034,0.136149,1.36309,0.22347,0.280338,0.0470064,0.313869,2.23773
157.617052154,0.211998,0.886831,0.196008,1.08639,0.224007,0.0728153,1.55935,0.127364,0.205812,0,0.334416,2.62859
157.663492063,0.387463,0.643831,0.0231297,1.16688,0.439318,0.00787392,1.80331,0.0654393,0.109797,0.00031068,0.483064,2.50887
157.709931973,0.278001,0.637538,0,1.08384,0.369832,0.032332,2.10722,0.290848,0.0051411,0.000205198,0.541212,2.39792
157.756371882,0.0699169,0.513057,0.0522569,1.17038,0.317426,0.0418885,1.96369,1.00404,0.176268,0,0.603204,2.15904
157.802811791,0.0107386,0.0863166,0.513666,1.29587,0.213558,0.0390181,1.20838,1.17549,0.603499,0.195566,0.738003,1.6874
157.849251701,0.0293194,0.139556,0.41899,1.0219,0.0366339,0.0452909,1.00066,0.966916,0.610761,0.313175,0.987589,1.39439
157.895691610,0.0183392,0.24662,0.322851,0.941183,0.0321438,0.0819335,1.49933,0.508933,0.437994,0.326285,1.19048,1.59911
157.942131519,0,0.316728,0.142194,0.860471,0.0497196,0.213097,2.21573,0.119995,0.120727,0.203315,1.48953,1.68117
157.988571429,0,0.540761,0.00243672,0.11726,0.0669063,0.175275,2.45423,0.070067,0.0733082,0.133214,1.47147,1.67416
158.035011338,0.0226285,0.996018,0.193932,0,0.0759848,0.195804,2.10487,0.0618646,0.218632,0.0420355,1.39853,1.78138
158.081451247,0.111006,1.33128,0.212943,0.190858,0.863955,0.210606,1.76424,0.105619,0.104491,0.0122175,0.958042,1.82956
158.127891156,0.21144,1.3372,0.148607,0,1.27401,0.235297,1.65276,0.201086,0.114261,0.240625,0.581814,1.60208
158.174331066,0.248531,1.16461,0.186446,0.283618,1.45372,0.072501,1.60261,0.420898,0.105261,0.372773,0.466378,1.57808
158.220770975,0.233736,1.1035,0.270087,0.51787,1.91655,0.00390733,1.70057,0.346742,0.101446,0.451064,0.371211,1.40051
158.267210884,0,1.09442,0.249312,0.475241,2.42004,0.0286683,1.71182,0.17363,0.296435,0.405889,0.26865,1.47379
158.313650794,0.253196,1.06883,0.281391,0.236843,2.69957,0.0171568,1.9756,0.0774203,0.390218,0.128008,0.931281,0.883105
158.360090703,0.353228,1.25361,0.347795,0.00749958,2.33922,0,2.23288,0.00696719,0.0950684,0.00368364,1.21076,1.02983
158.406530612,0.20364,1.35493,0.423928,0,1.98894,0.0814871,2.5787,0,0.0267654,0.0696485,1.34659,1.36507
158.452970522,0.205365,1.50539,0.314733,0.0607837,1.23343,0.0760018,3.25615,0.0395645,0.160446,0.106283,1.46671,1.37207
158.499410431,0.300562,1.55734,0.00415496,0.29519,0.521788,0.514948,3.47384,0.096202,0.259861,0.00957573,1.35818,1.21054
158.545850340,0.402508,0.80384,0.0579339,0.0826349,0.588797,0.94526,2.45599,0.774967,0.409612,0.0143059,1.30685,1.249
158.592290249,0.502259,0.904909,0.165391,0.0966933,0.948436,0.483384,1.46833,0.818924,0.527498,0.00841414,1.22963,0.729123
158.638730159,0.351761,1.25635,0.231554,0.110468,0.916427,0.0680542,1.63344,0.305794,0.516288,0.0357374,0.91957,0.436622
158.685170068,0.397242,1.15183,0.227976,0.108176,0.917842,0.0322081,1.80357,0.0302072,0.478843,0.0690058,0.950633,0.444658
158.731609977,0.399779,1.30014,0.141159,0.118074,1.18945,0.00745337,1.78448,0.0684259,0.464211,0.0866398,1.12367,0.488846
158.778049887,0.361704,1.22183,0.0794941,0.157478,1.42318,0.012581,1.78548,0.0685739,0.508346,0.116307,1.28692,0.565079
158.824489796,0.175221,1.13246,0.0391012,0.212942,1.53195,0.0247424,1.77508,0.041099,0.497555,0.187857,1.29976,0.600593
158.870929705,0.211656,1.24494,0.0398174,0.194972,1.53038,0.0300205,1.65452,0.000971777,0.534632,0.309602,1.18749,0.555159
158.917369615,0.210611,1.18088,0.0850967,0.0247859,1.69068,0.0410994,1.57214,0.0013253,0.594697,0.224073,1.03147,0.465157
158.963809524,0.163458,1.50639,0.294056,0.0370278,1.95709,0.0284988,1.10393,0.000662481,0.64956,0.163696,0.968485,0.445482
159.010249433,0,1.54096,0.24216,0.021069,2.23618,0.0400237,1.0726,0.00866645,1.01827,0.108195,1.28939,0.416189
159.056689342,0,1.42982,0.10053,0.0418751,2.25723,0.058544,1.28131,0.0285773,1.25781,0.107657,1.5321,0.393131
159.103129252,0,1.37471,0.0703479,0.0483999,1.76074,0.0892546,1.50452,0.0474203,1.3077,0.0795027,1.61988,0.344419
159.149569161,0.0705077,1.7992,0,0,1.68071,0.0510579,1.64176,0.0669051,1.28375,0.0578301,1.53412,0.257394
159.196009070,0.131812,2.06813,0,0,1.62656,0.0189382,1.73525,0.0673187,1.24154,0.0186611,1.48532,0.153616
159.242448980,0.601801,1.68145,0,0,0.996901,0.0270635,1.68049,0.25306,1.26107,0.0373318,1.12699,0.560731
159.288888889,0.518135,1.7138,0.120794,0.504856,0.268608,0.0271828,0.918414,0.680539,1.30984,0.276628,0.588457,1.25174
159.335328798,0.423165,1.54865,0.237634,0.958463,0.279144,0.138115,0.564997,0.318271,1.00735,0.474425,0.474798,1.4653
159.381768707,0.26111,1.03699,0.319646,0.743157,0.43507,0.189928,1.43577,0.117986,1.36139,0.409277,0.23066,1.57457
159.428208617,0.177913,0.85653,0.163746,0.171967,1.29208,0.137654,2.32971,0.0737162,1.29554,0.239056,0.0565758,1.41025
159.474648526,0.302226,0.693564,0.117861,0,1.50922,0.0249566,3.10257,0.047267,0.78631,0.62294,0.0464858,0.814472
159.521088435,0.487206,0.616555,0.108558,0,1.35149,0.0326693,2.8029,0.137726,0.415464,0.687044,0.000266045,1.17851
159.567528345,0.210293,1.02179,0.105895,0,1.24122,0.0343113,2.42644,0.346807,0.45377,0.639396,0.0816209,1.325
159.613968254,0,1.26475,0.110797,0,1.37295,0.479924,2.43698,0.215972,0.383709,0.529716,0.118053,1.52256
159.660408163,0.0518986,1.15994,0.0158535,0,1.80014,0.425474,2.61661,0.0412208,0.379432,0,0.548432,1.5103
159.706848073,0.0263551,1.05931,0,0.0592993,2.34677,0.322138,2.63258,0.0404319,0.491711,0,0.683818,1.35504
159.753287982,0.110253,1.12092,0.127334,0.0986508,2.57785,0.0311175,2.57507,0.0321712,0.602096,0.0798934,0.687001,1.30437
159.799727891,0.0370929,1.18629,0.129191,0,2.38216,0.0414534,2.50494,0,0.699239,0,0.780579,1.99245
159.846167800,0.0880115,1.35211,0.0272223,0,1.91759,0.0470976,2.7196,0.00211845,0.699738,0.0674625,0.642499,2.28326
159.892607710,0.0977781,1.21294,0.0556061,0,1.68306,0.151597,2.90042,0.00783348,1.05764,0.0880974,0.507599,2.09937
159.939047619,0.360083,0.962783,0.0816103,0.0127183,1.42868,0.34692,2.92723,0.0513142,1.35964,0.131084,0.341704,1.87871
159.985487528,0.478155,1.00319,0.33097,0.105551,1.36083,0.19905,2.53464,0.0596412,1.44039,0.118763,0.339748,1.23999
160.031927438,0.165952,1.68103,0.840534,0.417431,0.905738,0.131771,0.946298,1.00857,1.18958,0.43021,0.266578,0.516896
160.078367347,0.102823,2.35189,0.529515,0.52467,0.56387,0.255194,0.515755,1.49162,0.795009,0.67693,0.0843886,0.385726
160.124807256,0,2.7181,0.449907,0.380737,0.491183,0.499754,0.412838,1.33135,1.28028,0.372532,0,0.384634
160.171247166,0.00179736,2.92166,0.321382,0.293581,0.888339,0.814259,0.801599,0.57674,2.00733,0.125791,0,0.420697
160.217687075,0.251096,3.07942,0.0715341,0.388563,1.11989,0.818772,0.830416,0.137564,2.22891,0.0102268,0,0.204569
160.264126984,0.360652,2.97966,0,0.453583,1.26836,0.547632,0.747395,0.115769,2.69233,0,0,0
160.310566893,0.238028,2.84241,0,0.53812,1.85967,0.583474,0.512739,0.15833,2.95323,0,0,0
160.357006803,0.224649,2.84207,0,0.546371,2.21955,0.642984,0.176999,0.233758,2.94908,0,0,0
160.403446712,0.253681,2.86276,0,0.486807,2.35418,0.66655,0.0662631,0.359786,2.87386,0.109785,0,0
160.449886621,0.243155,3.00179,0.000102064,0.498877,2.32781,0.659152,0.0335717,0.300593,2.86204,0.181851,0,0
160.496326531,0.2157,2.97667,0.0029009,0.666531,2.20614,0.552836,0.0131617,0.398319,2.99524,0.0784716,0,0
160.542766440,0.282031,3.02454,0.00175534,0.710284,2.13076,0.306884,0.0130761,0.485433,3.02046,0,0,0
160.589206349,0.291725,3.21005,0.00281576,0.735099,2.13401,0.0578424,0.0142884,0.508324,2.83325,0,0,0
160.635646259,0.301119,3.41772,0.00307075,0.705052,2.26602,0.0107224,0.0349459,0.483507,2.42846,3.88018e-05,0,0
160.682086168,0.323096,3.47777,0.00648872,0.624672,2.36496,0.112376,0.139445,0.431522,1.93958,0,0,0.0633035
160.728526077,0.339411,3.39683,0.00170823,0.641081,2.17265,0.186632,0.121382,0.386915,2.02789,0,0,0.205263
160.774965986,0.323773,3.1203,0.000962504,0.65766,1.74992,0.234193,0.0448072,0.393631,2.78444,0,0,0.215985
160.821405896,0.286952,2.81111,0.000757679,0.687067,1.34309,0.341069,0.020328,0.26681,3.03847,0,0,0.10968
160.867845805,0.330568,2.81619,0.0662393,0.628314,0.529261,0.347243,0.128529,0.00384728,3.10355,0,0.000500529,0.00191876
160.914285714,0.31176,2.9473,0.00119575,0.632205,0.00398417,0.199478,0.268049,0.00209958,3.14241,0,0.000854472,0
160.960725624,0.255465,2.99068,0.000493406,0.672461,0.00193876,0.06787,0.282532,0,3.21112,0,0,0
161.007165533,0.241118,3.14414,0.00205058,0.636219,0.00148517,0.181045,0.210555,0,3.19936,0,0,0
161.053605442,0.230954,3.28433,0.00109488,0.579541,0.0214323,0.328211,0.0467911,0.259838,3.1402,0,0,0
161.100045351,0.216525,3.13501,0.000355487,0.590457,0.0222096,0.513724,0.135809,0.344402,3.12366,0,0,0
161.146485261,0.206737,3.05149,0.00136268,0.61738,0.0284184,0.620363,0.140277,0.472807,3.02507,0,0.00100749,0
161.192925170,0.208256,3.27611,0.0017181,0.623681,0.103533,0.682677,0.18199,0.414211,2.96309,0,0.000290422,0
161.239365079,0.245499,3.41628,0.00150047,0.680264,0.122263,0.680836,0.204026,0.365077,2.87719,0,0,0
161.285804989,0.270499,3.25153,0.000905001,0.66112,0.0345595,0.642853,0.202162,0.403354,2.99219,0,0,0
161.332244898,0.286123,3.11674,0.000453798,0.617019,0.0283415,0.426061,0.169829,0.420356,3.092,0,0,0
161.378684807,0.292226,3.13733,0.000658352,0.549045,0.0346462,0.46366,0.0208783,0.369864,3.08776,0,0,0
161.425124717,0.278043,3.12463,0.00255114,0.552341,0.0121356,0.588548,0.0747682,0.230142,3.10643,0,0,0
161.471564626,0.302669,3.24007,0.0027386,0.607235,0.429616,0.599202,0.0259809,0.0588553,2.9718,0.013437,0,0
161.518004535,0.273295,2.96666,0.00150005,0.664833,0.896284,0.305197,0.0375878,0.0249786,2.75634,0.278852,0,0
161.564444444,0.330747,2.90969,0.00257069,0.723864,1.24545,0.107329,0.020506,0,2.63564,0.438111,0.000392654,0
161.610884354,0.356944,2.91311,0.0205207,0.720334,1.21792,0.000852269,0.0455834,0,2.5691,0.66038,0.0216036,0
161.657324263,0.315997,2.78814,0.0218121,0.698354,1.30155,0.00733913,0.0393026,0,2.58519,1.13638,2.85842e-05,0
161.703764172,0.247645,2.6011,0.0104436,0.634035,1.29081,0.112737,0.0288867,0,2.62111,1.31951,0,0.338683
161.750204082,0.244192,2.46051,0.0336946,0.553621,1.17787,0.201184,0.0335566,0,2.58401,1.33584,0,0.678381
161.796643991,0.338438,2.47495,0.0345212,0.510326,1.21096,0.155748,0.0439274,0,2.52364,1.39743,0,0.812708
161.843083900,0.322366,2.56049,0.0022605,0.532703,1.31537,0.0500939,0.0308077,0,2.45311,1.42518,0,0.978687
161.889523810,0.284761,2.5384,0.0263908,0.568102,1.44041,0.0348473,0.0136022,0,2.43642,1.4041,0,1.11759
161.935963719,0.321508,2.49396,0.0256574,0.562168,1.58728,0.28763,0.00813009,0,2.44486,1.45632,0.00039368,1.16493
161.982403628,0.312089,2.45829,0.0230358,0.418375,1.65021,0.436201,0.0160758,0,2.43275,1.48816,0.00122821,1.0809
162.028843537,0.283504,2.4508,0.0171432,0.424667,1.74959,0.507177,0.0178354,0,2.30958,1.46051,0.000833763,0.924195
162.075283447,0.310707,2.40424,0.0204881,0.574294,1.73936,0.490252,0.01828,0,2.15491,1.49839,0,0.883103
162.121723356,0.311388,2.3297,0.0227162,0.604824,1.82647,0.531364,0.0584347,0,2.11632,1.47297,0,0.847903
162.168163265,0.299545,2.39506,0.038632,0.533131,1.87245,0.531007,0.075857,0,2.04654,1.44748,0,0.742776
162.214603175,0.285296,2.51008,0.0575892,0.340249,1.97848,0.438938,0.0571984,0,1.97884,1.41009,0.00093196,0.588406
162.261043084,0.297082,2.58022,0.0637219,0.276627,2.01515,0.27905,0.0335095,0,1.97717,1.14277,0.0150671,0.54823
162.307482993,0.337027,2.72497,0.060904,0.588868,1.75529,0.0575987,0.0121085,0,2.0216,1.1867,0.0784044,0.480068
162.353922902,0.314755,2.72408,0.0121382,0.721655,1.2707,0.0147401,0.021114,0,2.31432,1.56637,0,0
162.400362812,0.296183,2.57726,0.00229063,0.737191,1.07182,0.00230158,0.0143517,0,2.40263,1.82488,0,0
162.446802721,0.315399,2.4895,0.00213758,0.78151,1.15886,0.00594582,0.0233141,0,2.35534,1.85554,0,0
162.493242630,0.34315,2.41084,0.00268964,0.829883,1.15019,0.00140594,0.0205904,0,2.14159,2.09049,0,0
162.539682540,0.36311,2.4322,0.00291534,0.866539,1.04243,0.0135719,0.0161256,0,1.92804,2.26644,0,0
162.586122449,0.399101,2.40347,0.00221793,0.867613,0.859289,0.0398379,0.0783734,0,1.99467,2.24752,0,0
162.632562358,0.424274,2.43839,0.00232569,0.818303,0.657202,0.108636,0.0957152,0,2.27936,2.05196,0,0
162.679002268,0.397388,2.57353,0.0160945,0.699768,0.476828,0.055599,0.149042,0,2.51792,1.70624,0,0.206975
162.725442177,0.244496,2.47865,0.0588845,0.622672,0.50365,0.0446002,0.702247,0.0015692,2.65713,1.12612,0.0428708,0.538256
162.771882086,0.251888,2.45421,0.094336,0.69516,0.870763,0.0076289,1.05828,0.107732,2.57173,0.418508,0.0807248,0.498354
162.818321995,0.258424,2.60385,0.084721,0.757514,1.11084,0.0556881,0.939937,0.203021,2.39261,0.0237437,0,0.389924
162.864761905,0.381891,2.74771,0.00174162,0.823554,1.2949,0.0121195,0.624075,0.194192,2.19581,0.0174911,0,0.351922
162.911201814,0.339782,2.77318,0.00295358,1.05942,1.54578,0.0422156,0.695637,0.0711673,1.68302,0.0245946,0.2968,0.0182256
162.957641723,0.268998,1.87727,0.0041402,0.930111,1.31709,0.117441,0.75818,0.0348864,1.5958,0.024183,1.02006,0.416375
163.004081633,0.308489,1.55307,0.26292,0.910523,1.03879,0.173387,0.630257,0.081652,1.68242,0.0492919,1.11645,0.644146
163.050521542,0.296246,1.58926,0.279686,1.21115,0.470738,0.20282,0.333467,0.12758,2.12582,0.0503152,1.0316,1.13183
163.096961451,0.299237,1.37065,0.144652,1.2321,0.0364155,0.156426,0.974328,0.0432304,3.02275,0.0290076,0.623548,1.38353
163.143401361,0.297481,1.57928,0.00172961,1.68531,0.180918,0.0434969,1.19895,0.0472642,3.00738,0.0207837,0,1.24641
163.189841270,0.284958,1.92899,0.00260218,1.9567,0.225917,0.0231768,1.23174,0.151806,2.86406,0.000450233,0,1.02904
163.236281179,0.250596,2.28506,0.00667892,1.92876,0.0306793,0.0296704,0.990647,0.216205,2.83741,0.000720671,0,1.01574
163.282721088,0.352845,2.29283,0.00259677,1.99091,0.0471472,0.100843,0.863652,0.134369,2.83776,0.0002886,0,1.12708
163.329160998,0.450688,2.05516,0.0426356,1.80825,0.19073,0.0376544,0.460679,0.199678,2.99309,0.0474247,0.0916348,1.23035
163.375600907,0.469861,1.87475,0.254151,1.69614,0.118397,0.158372,0.732715,0.363303,2.89195,0.136712,0.129179,1.3254
163.422040816,0.619532,1.94856,0.324246,1.57831,0,0.186324,0.837439,0.423602,2.70107,0.189943,0.104996,1.33889
163.468480726,0.686466,2.32022,0.305918,1.27751,0,0.199446,1.1054,0.328519,2.51182,0.175615,0.0160042,1.05531
163.514920635,0.824608,2.13723,0.293404,1.3429,0,0.220568,1.30618,0.254274,1.90166,0.135603,0.661049,0.276535
163.561360544,0.823988,2.22635,0.110176,0.923654,0.332102,0.391455,0.0704519,0.378771,2.0506,0.0341199,1.03204,0.646334
163.607800454,0.483028,2.01196,0.0355554,0.8133,0.452338,0.343003,0.0796774,0.429744,2.15302,0.0308513,1.14066,0.980416
163.654240363,0.481937,1.6975,0.0665126,1.08227,0.353623,0.139817,1.23085,0.285088,2.36058,0.0381856,0.843057,1.00599
163.700680272,0.284613,1.70023,0.0872186,1.36266,0.255175,0.178658,1.40085,0.409388,2.39583,0.011014,0.182938,1.25878
163.747120181,0.243667,2.01485,0.286605,1.46018,0.153507,0.103441,1.25515,0.331427,2.45795,0.000335083,0.0614721,1.54077
163.793560091,0.249872,2.50938,0.085639,1.3842,0.064619,0.187609,0.91612,0.270998,2.55676,0,0.148822,1.39596
163.840000000,0.337238,2.5658,0.0570831,1.36808,0.00986022,0.219879,0.928034,0.0017957,2.79897,0.0228553,0.168061,1.39579
163.886439909,0.403973,2.42094,0.077137,1.21089,0.0192351,0.0836439,0.899992,0.142221,3.20661,0.0389191,0.0876399,0.969827
163.932879819,0.404816,2.52355,0.206975,1.23008,0.01474,0.138091,0.652941,0.191789,3.18272,0.0777851,0.117354,0.831809
163.979319728,0.327189,2.65367,0.291762,1.17641,0.00497657,0.38762,0.244307,0.0363292,3.09717,0.0993031,0.326936,0.887523
164.025759637,0.281945,2.6845,0.257319,1.02623,0.015018,0.41217,0.0114811,0.0405548,3.02636,0.0815414,0.373852,0.916774
164.072199546,0.382894,1.80516,0.381386,0.769366,0.0116892,0.412309,0,0.317962,2.99688,0.0741757,0.564078,1.2162
164.118639456,0.371202,1.12689,0.782433,0.566587,0,0.337454,0.0014145,0.434378,2.84181,0.0779645,0.825002,1.4759
164.165079365,0.299936,1.20807,0.705502,0.536466,0.0220071,0.40611,0.0721359,0.439403,2.69546,0.073177,0.789103,1.40812
164.211519274,0.286418,2.07118,0.354015,0.692578,0.10494,0.472744,0.0582728,0.371425,2.47279,0.0795025,0.480263,1.12061
164.257959184,0.298178,2.17901,0.273715,0.537448,0.421831,0.556466,0.0850608,0.0872418,2.69798,0.0438026,0.158229,0.856921
164.304399093,0.161211,2.45525,0.240656,0.510574,1.13559,0.645068,0.0519124,0.0265823,2.48607,0.092896,0.1511,0.306909
164.350839002,0.231822,2.40864,0.303565,0.491191,1.29477,0.745774,0.097928,0.0291291,2.48392,0.485947,0.0898817,0.058995
164.397278912,0.0762622,1.99339,0.345103,0.564204,1.52064,0.858497,0.177215,0.0428011,2.28027,0.731546,0,0.38462
164.443718821,0.0571772,1.76617,0.345783,0.481268,0.949739,0.87844,0.0244537,0.367914,1.68763,0.944064,0.397097,0.866476
164.490158730,0,1.61328,0.839331,0.182169,0.660241,0.842496,0.0343696,0.609241,1.35525,0.591386,0.750881,0.820086
164.536598639,0.0200928,1.60101,1.00751,0.169247,0.465611,0.728882,0.249042,0.702128,1.01243,0.524451,0.643562,0.714798
164.583038549,0,2.01335,0.928355,0.159503,0.467635,0.358831,0.701056,0.679029,0.609534,1.29893,0.276185,0.519884
164.629478458,0.0843068,2.14697,0.500389,0.306342,0.386899,0.111525,1.18888,0.235581,0.467839,2.1329,0.0812421,0.373163
164.675918367,0.218077,2.47272,0.0730584,0.411832,0.563628,0.112611,0.906142,0.0260618,0.371802,1.75443,0.144058,0.175793
164.722358277,0.319692,2.78698,0.13664,0.303823,0.665254,0.176526,0.961517,0.0211461,0.28962,1.94642,0.0977419,0.0467048
164.768798186,0.355722,3.15511,0.151215,0.193513,0.603702,0.282632,0.994769,0.0472453,0.358033,2.23508,0.0285737,0.000840172
164.815238095,0.426972,3.28064,0.10665,0.622997,0.653294,0.242092,0.78866,0.0739918,0.237534,2.07061,0.0100547,0.0107207
164.861678005,0.151143,2.82578,0.0812673,0.736695,0.772687,0.273318,0.782872,0.393534,0.183257,1.89007,0.180747,0.0171167
164.908117914,0.0414716,2.39728,0,0.282879,1.03923,0.129529,0.89601,0.597534,0.249618,2.07202,0.235938,0.0404319
164.954557823,0.0222019,2.26394,0.479845,0.0148447,1.0796,0.112837,1.14012,0.724078,0.240401,2.25467,0.137654,0.00818481
165.000997732,0.0483793,2.28712,0.84304,0.018662,0.823782,0.0382615,1.2698,0.634996,0.33705,2.61513,0.0910359,0.114452
165.047437642,0.039449,2.04788,0.956778,0.0878662,0.726932,0.0348142,0.838142,0.0162939,0.277053,2.84642,0.0987261,0.0623132
165.093877551,0.171915,2.00692,0.894038,0.0642603,0.895622,0.0308905,0.560561,0.0164295,0.0785855,2.92628,0.0923001,0.0487818
165.140317460,0.131172,2.37495,0.662943,0.151066,0.689049,0.0198887,0.0540847,0.0516715,0.0584799,2.81508,0.131632,0.0727373
165.186757370,0,2.56866,0.171138,0.0200676,0.577762,0.00830859,0.245397,0.0997409,0.361397,2.96027,0.24468,0.246193
165.233197279,0.00957789,2.30303,0.148978,0.453026,0.584724,0.11304,0.400693,0.179122,0.40695,2.50914,0.0532128,0.558057
165.279637188,0.0598476,2.75116,0.0197542,0.569834,0.643246,0.158788,0.494715,0.314979,0.834674,1.83361,0.01018,0.465428
165.326077098,0.0575388,3.24353,0,0.67942,0.710358,0.207145,0.715474,0.287092,0.957947,1.51651,0.000409648,0.0914965
165.372517007,0.0643214,3.41359,0.667409,0.730045,0.457172,0.398808,0.569049,0.0147277,1.31301,0.975243,0.0375317,0
165.418956916,0.0567441,3.13159,0.542991,0.912332,0.351182,0.32656,0.703718,0.00283706,1.41689,0.334508,0.535585,0.00699458
165.465396825,0.0565115,3.15162,0.125134,0.983836,0.311396,0.260916,0.711259,0,1.28188,0.336514,0.595834,1.90231e-05
165.511836735,0.0502232,3.13568,0,0.814478,0.146641,0.129288,1.1743,0.176294,1.11377,0.285955,0.30844,3.82853e-05
165.558276644,0.426372,3.05894,0,0.724275,0.143669,0.0476091,1.88738,0.561216,0.574669,0.57337,0.00420691,1.51565e-05
165.604716553,0.661729,2.93948,0,0.800736,0.270783,0.126106,1.74763,0.498781,0.350807,0.740612,0.0245308,0
165.651156463,0.830021,2.41958,0,0.832662,0.503943,0,1.95012,0.219212,0.0417666,0.476123,0.776912,0.308935
165.697596372,0.64965,2.00321,0,0.610081,0.564232,0.0307056,1.41426,0.109319,0.162243,0.192615,1.27655,1.06552
165.744036281,0.347279,1.85766,0.0514463,0.16873,0.472387,0.330973,1.17341,0.0617143,0.338953,0.000165135,1.45617,1.00621
165.790476190,0.310098,1.90397,0.239519,0.114629,0.121272,0.331977,0.833104,0.328204,0.643495,0.153072,1.07243,0.931215
165.836916100,0.309472,1.98025,0.193361,0.443537,0.142274,0.0750567,0.834512,0.201905,0.385371,0.345295,0.661846,1.00877
165.883356009,0.00663273,2.05913,0.204064,0.559241,0.246864,0.0304255,0.802787,0.143537,0.30492,0.632576,0.467318,0.818905
165.929795918,0.121045,2.52571,0.231467,0.421494,0.122478,0.401988,0.983815,0.0121226,0.38578,0.381095,0.077554,0.279607
165.976235828,0.344807,2.58397,0.0823233,0.587368,0.0652684,0.693541,0.877741,0.00836805,0.747986,0.0332894,0.0949475,0.119898
166.022675737,0.539014,2.62259,0.0737242,0.851059,0.159731,1.15575,0.804077,0.000874716,1.24022,0.062058,0.0600465,0.10607
166.069115646,0.550677,2.70064,0.0803788,1.02172,0,1.72061,0.766913,0.0272735,2.11502,0.0664569,0.00144874,0.0934308
166.115555556,0.457307,2.95845,0,0.826619,0,1.90906,0.544867,0.0586271,2.47909,0.0392568,0.00916664,0
166.161995465,0.289758,3.13966,0.0360153,0.45922,0.00330023,1.87073,0.453422,0.0686214,2.55722,0.0356635,0,0
166.208435374,0.207204,3.32586,0.110419,0.38139,0.0162453,1.8964,0.176176,0.0550995,2.56022,0.0329565,0,0
166.254875283,0.176334,3.37052,0.187625,0.450215,0.0099122,1.71226,0.0906611,0,2.54027,0.0437645,0,0.21763
166.301315193,0.149418,3.60683,0.16414,0.493304,0.00632256,1.61926,0.0446548,0.0673861,2.46818,0.0350149,0.0742909,0.267428
166.347755102,0.107045,3.48436,0.00566258,0.268724,0.00348639,1.6211,0.036064,0.058184,2.75341,0.197761,0.0834909,0.113452
166.394195011,0.597405,3.02767,0,0.190816,0,1.95852,0.0346818,0.0141702,3.16743,0.314999,0.0650785,0.132952
166.440634921,0.654726,2.86279,0.00168511,0.117864,0.0550955,2.24518,0.0269808,0.0089942,2.99359,0.260838,0.0874369,0.0204813
166.487074830,0.749671,2.71611,0.00145184,0.287791,0.118613,2.34794,0.0136487,0.0238816,2.57294,0.0334887,0.0787614,0.00999033
166.533514739,0.864051,2.54765,0,0.343865,0.0565408,2.1622,0.00451817,0.00858026,2.71982,0.0039999,0.0961574,0.18436
166.579954649,0.795778,2.40477,0.00678861,0.257618,0.104791,2.08948,0.00289648,0.00872026,2.94928,0.00549628,0.0482453,0.0972468
166.626394558,0.755925,2.68761,0.177916,0.355017,0.0748886,1.94694,0.00331839,0.0112559,2.86987,0.029346,0,0.066387
166.672834467,0.928499,2.56541,0.233057,0.550996,0.021796,1.68387,0.0352107,0.135129,2.61993,0,0,3.27114e-05
166.719274376,1.18391,2.20128,0.24561,0.744354,0.0113814,1.48442,0.0389047,0.17135,2.06253,0.251381,0.000185479,0.00305723
166.765714286,1.27891,1.47499,0.124585,0.778159,0.00152187,1.50713,0.0665098,0.110065,2.01896,0.254631,0.200714,0.197974
166.812154195,0.98018,1.52958,0.123997,0.674279,0.0932707,1.43032,0.0443985,0.0335227,1.91136,0.0356955,0.420172,0.579669
166.858594104,0.790504,2.11244,0.0720797,0.531896,0.0823177,1.39398,0,0.0886535,1.37922,0,0.270509,1.0101
166.905034014,0.702332,2.22897,0.143762,0.1383,0.00213451,1.50665,0,0.0110079,1.54509,0.109811,0.0804853,1.07119
166.951473923,0.550699,2.18064,0.038929,0.235463,0.019064,1.90486,0,8.47217e-05,1.91314,0.447184,0.0470777,0.436893
166.997913832,0.611543,2.08547,0.00806462,0.520293,0.0377254,2.10796,0.0125619,0.0483757,2.12986,0.308196,0,0.128711
167.044353741,0.748753,2.23061,0.0020321,0.901577,0.00503566,1.95307,0.0309981,0.0634506,2.2674,0.061396,0,4.02417e-05
167.090793651,0.82286,2.28923,0.140839,1.13793,0,2.03127,0.0701745,0.0616154,2.06879,0.0784454,0.00454246,4.42264e-05
167.137233560,0.720519,2.27932,0.173638,1.24646,0.0192683,2.08623,0.0692877,0.0499576,2.37022,0.0584852,0.00586601,6.34399e-05
167.183673469,0.739236,2.21796,0.0781659,1.21791,0.0526049,2.19837,0.0700461,0.0405265,2.44113,0.0522211,0.00590346,6.27448e-05
167.230113379,0.397897,2.47678,0.00411981,1.04378,0.0688652,2.29482,0.10285,0.250267,2.28447,0.0442407,0.00496348,0.162772
167.276553288,0.465843,2.33209,0.0179149,0.737256,0.0513317,2.07594,0.0184261,0.184316,1.57058,0.0139352,0.310075,0.464852
167.322993197,1.0478,1.62565,0.0398726,0.63854,0.0335901,2.16458,0.0834876,0.00779717,1.53832,0.00224293,0.50344,0.448713
167.369433107,0.823316,2.07663,0.00238309,0.552335,0.0890397,2.431,0.0331596,0.0091704,1.61529,0.0147342,0.732503,0.221083
167.415873016,1.03184,2.03331,0.00412764,0.57669,0.246307,2.11836,0.18233,0.0221965,2.09194,0.312305,0.52088,0.238782
167.462312925,1.13026,1.41101,0.0293153,0.629001,0.430151,1.53821,0.967963,0.0179372,1.95212,0.644609,0.562441,0.688771
167.508752834,0.545417,0.719906,0.209884,0.301007,1.25863,0.768635,1.46996,0.0132121,1.67617,0.567547,0.908055,1.26365
167.555192744,0.262771,0.499914,0.436529,0.240031,1.61182,0.240928,2.04038,0.112135,1.42031,0.34203,0.423057,1.73699
167.601632653,0.0797983,0.545724,0.307017,0.261537,1.72387,0.180473,1.48825,0.341859,1.59955,0.0147402,0,2.09802
167.648072562,0.0308893,0.728252,0.0569911,0.434966,1.65477,0.129408,1.09007,0.37393,1.61534,0,0,1.99076
167.694512472,0.178488,0.46812,0.0859021,0.512655,1.62481,0.0325699,1.20503,0.312778,1.98927,0.0175742,0,1.49343
167.740952381,0.0188819,0.653778,0.114113,0.679945,1.59967,0.046015,1.40492,0.0983797,2.53919,0.00590956,0,1.26797
167.787392290,0.0684796,1.1259,0.00460238,1.10372,1.75417,0.000354857,1.20276,0,2.7959,0.0038394,0.0956089,1.24929
167.833832200,0.116725,1.19467,0.000120981,1.28851,1.73881,0,0.884419,0,2.80191,0.0434487,0.125922,1.77132
167.880272109,0.116175,0.913621,0.0156902,1.31259,1.58268,0,0.804916,0,2.70134,0.0754667,0.120254,2.17385
167.926712018,0.0748405,0.689822,0.364132,1.14188,1.70528,0,1.08331,0.0423057,2.4195,0.00798607,0.118461,2.29149
167.973151927,0.103228,0.682447,0.493614,0.9883,1.62524,0,1.33486,0.0359126,2.16266,0,0.0919763,2.16805
168.019591837,0.195924,0.777855,0.371888,0.713814,1.34221,0.00675274,1.2351,0.0140738,2.46133,0.0931662,0.109643,2.22608
168.066031746,0.158191,0.740376,0.28942,0.818971,1.0889,0.024657,1.00317,0.0795693,2.79862,0.00211579,0.0514856,2.43256
168.112471655,0.199558,0.63972,0.1393,1.2621,0.852835,0.114651,0.953038,0.0237449,2.47053,0.0451477,0,2.67512
168.158911565,0.216055,0.613838,0.066909,1.42804,0.663994,0.432664,1.01878,0.0656841,1.95329,0,0,2.62982
168.205351474,0.18575,0.706106,0.0756539,1.2307,0.390632,0.446534,1.04962,0.0748026,1.84885,0,0.308205,2.40646
168.251791383,0.266631,1.12649,0.110442,0.66081,0.772862,0.148687,1.08029,0.0831096,1.82098,0,0.707171,1.96268
168.298231293,0.201774,1.35289,0.0966595,0.24722,1.28174,0.0588236,1.83085,0.0527874,1.25155,0.0182754,0.581268,1.82271
168.344671202,0,1.37185,0.089315,0.636496,1.62292,0.0488301,2.12319,0.035501,0.724748,0.00703203,0.0262582,2.02606
168.391111111,0.00846818,1.3052,0.215798,0.430427,2.03418,0.0546373,1.85023,0.0240576,1.114,0,0.104022,1.84592
168.437551020,0.0649669,1.14791,0.347275,0.0474535,1.97388,0.0571057,1.62905,0.0413047,1.55798,0,0.277692,1.559
168.483990930,0.0312173,1.04693,0.361407,0.0016487,1.60182,0.294892,1.02283,0.389961,1.34146,0.581745,0.115882,1.20046
168.530430839,0.0291706,0.692168,0.284784,0.000946907,1.15244,0.39591,0.795156,0.284341,0.893525,0.708619,0,1.35824
168.576870748,0.127424,0.320511,0.599465,0.0919423,0.989115,0.357556,0.87532,0,1.06801,0.68026,0,1.41326
168.623310658,0.144258,0.302671,1.02518,0.368761,1.10605,0.27756,1.0116,0.000592225,1.18625,0.294012,0,1.36226
168.669750567,0.0878458,0.739381,1.12005,0.594022,0.954857,0.150771,1.03641,0.000364198,1.16294,0.0122663,0,1.59572
168.716190476,0.335169,0.876558,1.17,0.465964,0.993571,0.0315659,1.37612,0.00220424,0.722707,0.00194101,0.186744,2.15403
168.762630385,0.391124,0.556631,1.2672,0.175391,0.993598,0.0598822,1.68206,0.00298588,0.0234575,0.000862915,0.50728,2.45028
168.809070295,0.372568,0.496511,0.932491,0.0432662,1.35656,0.0546143,1.76656,0.00233656,0.106406,0.000429197,0.538566,2.34121
168.855510204,0.226125,0.726223,0.244877,0.0525167,1.85304,0.0321698,1.47936,0.00191319,0.477255,0.366617,0.832195,1.76665
168.901950113,0.151116,0.922506,0.0044243,0.159987,1.90638,0.156396,0.804712,0.0138246,0.623405,1.47913,0.817538,1.54513
168.948390023,0.187241,0.917562,0,0.110332,1.88024,0.130344,0.122627,0.0172953,0.306587,1.88741,0.611116,1.34821
168.994829932,0.262854,1.41688,0.0371072,0.562322,1.37044,0.151624,0.0842476,0.00573746,0.619736,2.03202,0.230666,1.08846
169.041269841,0.314415,1.75121,0.189573,0.828156,1.2717,0.181279,0.0335484,0.0180969,1.2253,1.74551,0.00174353,0.645274
169.087709751,0.253995,1.65714,0.108852,0.854476,1.28651,0.120839,0.0166353,0.0457646,2.02617,1.35306,0.00359964,0.455741
169.134149660,0.23813,1.43833,0,0.891905,1.08418,0.0169318,0.0339498,0.043575,2.72261,1.20239,0.00475914,0.277588
169.180589569,0.22532,1.42986,0.155061,1.02128,1.02833,0.0301133,0.0370572,0,3.21575,0.841317,0.00509408,0.0430505
169.227029478,0.264991,1.66677,0.329919,1.1982,0.86496,0.0268513,0.00187854,0.0315622,3.28872,0.725759,0.00486698,0.200867
169.273469388,0.493241,1.61766,0.391916,1.17934,0.0399963,0.131346,0.0417119,0.403128,3.14478,0.88269,0.00126904,0.998219
169.319909297,0.192238,1.50977,0.665371,0.635436,0,0.229032,0.0790878,1.38028,2.51399,0.777081,0.0552314,1.40535
169.366349206,0.141297,1.67317,0.394307,1.38667,0,0.221971,0,1.61274,1.73114,1.04701,0.0422074,1.61835
169.412789116,0.21227,1.88511,0.00333218,1.75983,0.808816,0.0472685,0.00763995,1.05348,1.74325,1.79292,0.0440161,1.32097
169.459229025,0.363371,2.12892,0.00212772,1.53872,1.06761,0.0159232,0.017791,0.076755,2.10385,1.68159,0.0614677,0.982359
169.505668934,0.587877,2.01803,0,1.34945,0.680187,0.0894035,0.0107975,0.00666563,2.14584,1.78107,0.0562131,1.07134
169.552108844,0.7091,2.04184,0.0456371,1.3077,0.492803,0.0172748,0,0,1.88506,1.56449,0.0960802,1.05615
169.598548753,0.672745,2.12784,0.125254,1.27783,1.23145,0.0536301,0.00221106,0.491616,1.91431,1.00479,0.0337726,0.606208
169.644988662,0.619575,1.84406,0.0659103,1.31675,1.49954,0.0828575,0.0368554,0.839196,2.29569,0.465893,0.163262,0.67851
169.691428571,0.56041,1.36616,0,1.51446,1.59688,0.0127508,0.0425443,0.841605,2.12834,0.308189,0.32593,0.572996
169.737868481,0.421361,1.29103,0.00890718,1.55221,1.24655,0.0354076,0.0360579,0.549671,2.35322,0.552616,0.194772,0.281964
169.784308390,0.363846,1.9207,0.0112304,1.41954,0.950052,0.0303991,0.144287,0,2.92363,0.972131,0.036831,0.10322
169.830748299,0.492598,2.01187,0.038975,0.875136,1.36474,0.000342165,0.166044,0.000791391,2.32224,1.46941,0.0968341,4.94766e-05
169.877188209,0.453079,1.67832,0.026632,0.696906,1.56255,0,0.0848167,0,2.42895,1.49962,0.138342,0.0525829
169.923628118,0.352394,1.54968,0,0.813964,1.75396,0,0.00662649,0,2.5571,1.50577,0.159502,0.156794
169.970068027,0.232909,1.64414,0,0.887877,2.07341,0.0205162,0.0006371,0.0123268,2.17858,2.01909,0.153607,0.0588114
170.016507937,0.292185,1.57215,0,0.903329,1.82706,0.157795,6.91584e-05,0,1.16225,3.21404,0.103609,4.09931e-06
170.062947846,0.409297,1.2606,0.0461398,0.790557,1.64499,0.0981759,0,0.00401907,0.834465,3.63792,0.061006,0.000189388
170.109387755,0.391076,1.09748,0.000646301,0.699566,2.01537,0.00962458,0,0.0141787,0.993913,3.24156,0.058093,0.000305682
170.155827664,0.23553,1.17434,0.00464182,0.511923,2.22747,0.0186504,0,0.0209503,1.13077,3.01998,0,0.0469399
170.202267574,0.119365,1.1488,0.00184866,0.338619,2.20184,0.0640564,0.00152053,0.00384113,1.51239,2.73494,3.44714e-05,0.12181
170.248707483,0.132653,1.19409,0,0.502131,1.87194,0.164385,0.0366854,0,1.78001,2.1966,0.000102289,0.185795
170.295147392,0.100909,1.4521,0.000211782,0.928492,1.43536,0.101215,0.0559919,0,1.91363,1.88226,0.0772838,0.271832
170.341587302,0.046437,1.54284,0.000706779,1.21512,1.49227,0.0138851,0.0796034,0.0376778,2.19194,1.49376,0.12676,0.21086
170.388027211,0.030979,1.33806,0.022643,1.48286,1.37211,0,0.201466,0.0972896,2.64624,1.35362,0.116798,0.417875
170.434467120,0.116191,0.834762,0.151944,1.58211,1.3407,0.0049353,0.755765,0.133357,2.69174,1.04346,0.154034,0.47681
170.480907029,0.0453052,0.731581,0.325717,1.51622,1.20113,0.00346693,1.23055,0.0385848,2.54799,0.477903,0.874954,0.200135
170.527346939,0.000503771,1.38093,0.865612,1.15635,0.228871,0,1.69601,0.051143,2.22359,0.431245,0.836354,0.601326
170.573786848,0.0545394,1.59341,1.40499,0.320303,0.262575,0.0426049,1.86029,0.0355139,1.98778,0.13722,0.0828623,1.11181
170.620226757,0.156409,1.64666,1.29451,0.21931,0.231338,0,1.96244,0.0653676,2.07412,0,0.0566473,1.18932
170.666666667,0.281302,1.66036,0.704369,0.536652,0.0967899,0,2.22528,0.0837187,2.30704,0,0.508307,1.00377
170.713106576,0.269268,1.70142,0.0917909,0.926361,0.171239,0.00478821,2.39099,0.0945774,2.41628,0,0.834297,0.562733
170.759546485,0.214987,2.08181,0.274537,0.901621,0.300164,0.0384494,2.05466,0.0815066,2.46805,0,1.22064,0.0922137
170.805986395,0.197729,2.10231,0.15029,0.776832,0.232441,0.047214,1.68629,0.399247,2.40188,1.50078e-05,1.22223,0.16254
170.852426304,0.162943,1.47794,0.0236034,0.799889,0.0926858,0.0378123,1.53242,0.18027,2.74825,0,1.39868,0.121792
170.898866213,0.241364,1.18148,0.0634575,0.924353,0,0.0244065,1.64628,0.0265311,3.0019,0,1.70007,0.0051356
170.945306122,0.175862,1.49383,0.18744,0.82668,0.00270102,0.0248544,1.82715,0.0991499,2.68458,0.00493206,1.58435,0.0863309
170.991746032,0.00396641,1.87225,0.75806,0.810116,0.00327396,0.0279606,2.18734,0.283382,1.92268,0.099579,1.40552,0.0903892
171.038185941,0.021224,2.20046,0.468946,0.645935,0.0144948,0.0189341,2.83333,0.343905,1.28307,0.132413,2.03297,0.0731416
171.084625850,0.0778266,2.07582,0.163676,1.22056,0.0227161,0.02183,3.34085,0.251735,0.586452,0.0889004,2.44809,0.0412348
171.131065760,0.330194,1.26516,0.142961,1.52667,0.0371204,0.0238592,2.73113,0.206419,0.706104,0.102189,2.19933,0.830642
171.177505669,0.340784,0.869509,0.024915,1.60455,0.0649369,0.0336176,2.37676,0.270461,1.07102,0,1.51906,1.38436
171.223945578,0.322401,0.892482,0.00286112,1.55993,0.0847017,0.0372308,2.6572,0.198587,1.06534,0,1.58508,1.38651
171.270385488,0.182918,1.96418,0.00932457,1.17836,0.152317,0.031701,3.06935,0.103394,0.622499,0,1.98928,0.726481
171.316825397,0.18411,2.38511,0,0.0220135,0.5377,0.0250147,2.91948,0.158085,1.27084,0.0639554,1.82546,0.251492
171.363265306,0.227958,2.28269,0,0.0165679,0.763299,0.0589289,2.26589,0.11919,2.07585,0.147226,1.33236,0.0729247
171.409705215,0.466835,2.06225,0,0.121723,0.80578,0.0763869,1.5099,0.0668837,2.5046,0.181046,1.18482,0.100197
171.456145125,0.737159,1.79849,0,0.280577,0.668523,0.0987711,1.15603,0.0552091,2.5109,0.233326,1.13234,0.116285
171.502585034,0.632216,1.67861,0.169547,0.389396,0.371214,0.281449,1.16282,0.14091,2.42761,0.116588,0.891657,0.107748
171.549024943,0.107135,1.54441,0.0399086,0.38774,0.224289,0.231802,1.14694,0.500644,2.50479,0.0251999,0.762846,0.259022
171.595464853,0.0592265,1.39352,0.0539583,0.395686,0.111538,0.137358,1.44048,0.344947,2.58721,0.0216155,0.454772,0.597246
171.641904762,0.421044,1.16233,0.00403692,0.404558,0.0634791,0,1.7332,0.0638519,2.66114,0.0138885,0.72126,0.984035
171.688344671,0.420994,1.13596,0.138986,0.348715,0.0684889,0.000101609,2.23047,0.493986,2.06946,0.00296697,0.802928,1.11614
171.734784580,0.288335,0.990249,0.145686,0.430124,0.0841135,0.00827859,2.48319,0.82664,0.874448,0.00584383,1.02376,1.22895
171.781224490,0.141812,1.03524,0.24594,0.564131,0.0864547,0.0448643,2.42973,0.549057,0.0925865,0.0152665,0.979247,1.46619
171.827664399,0.0974604,1.11318,0.00281691,0.821783,0.0359055,0.0774956,2.18534,0.640984,0,0.304837,1.10441,1.4576
171.874104308,0.132136,1.36875,0.0554379,0.966567,0.0157253,0.0354245,1.95653,1.06292,0.0561044,0.312531,1.26484,1.27803
171.920544218,0.757339,1.32654,0.037687,1.05862,0,0.306327,1.21287,1.48606,0.264926,0.162352,1.36506,0.653336
171.966984127,1.12728,1.14156,0.081752,1.18815,0,0.915736,0.396743,1.45502,1.09179,0.113851,0.640188,0.173995
172.013424036,1.02145,1.38245,0.138832,1.21077,0,1.32053,0.101059,0.50514,2.84847,0.0383584,0.00529538,0.379215
172.059863946,0.854907,1.31865,0.128892,1.12782,0,1.56283,0.0512401,0.0671115,3.29898,0,0.00573832,0.422749
172.106303855,0.923487,1.23594,0.0043759,1.079,0,1.55291,0.0475114,0.0780131,3.44024,0,0.0058448,0.179558
172.152743764,0.914965,1.30387,0.00402313,1.23339,0,1.84808,0.0610383,0.0565378,3.37493,0.00242744,0.00554917,0.138477
172.199183673,0.718631,1.58698,0.0011326,1.20786,0.0554934,2.34782,0.0157485,0.0769635,3.26539,0,0.00473321,0.285557
172.245623583,0.294164,1.72873,0.00163709,1.08183,0.171969,2.62738,0,0.022961,2.737,1.13739,0.103992,0.426137
172.292063492,0.521413,1.50808,0.0299048,1.06838,0.149843,2.51093,0,0.00894951,2.24762,1.70808,0.0502995,0.3318
172.338503401,0.936204,1.318,0.143224,0.677785,0.136857,2.4567,0,0.00184323,2.16015,1.51195,0.066792,0.179314
172.384943311,1.29693,1.42355,0.000786493,0.67035,0.131371,2.20463,0.027704,0.0319982,1.80092,0.930472,0.0820272,0.137358
172.431383220,1.55961,1.49315,0.000731197,0.735417,0.0259875,2.11014,0.0233961,0.0156532,2.06219,0.181311,0.102027,0.385191
172.477823129,1.70463,1.45186,0.0715478,0.926075,0.013086,2.01182,0.0119435,0.00652281,2.23008,0.127647,0.106557,0.354043
172.524263039,1.54087,1.54109,0.391915,0.772134,0.0295618,1.89531,0.00312196,0.433969,2.24694,0.101648,0.0419721,0.199672
172.570702948,1.0633,1.64905,0.550985,0.559485,0.0275493,1.8728,0.0265262,1.05789,2.03458,0.0135682,0.00373724,0.13439
172.617142857,0.76241,1.62914,0.549802,0.739246,0.0289974,1.55746,0.0569962,1.30862,1.52956,0.155139,0.127593,0.0546173
172.663582766,0.401693,1.44578,0.189962,1.18425,0.0479244,1.29873,0.169393,0.870848,0.728033,0.519151,0.542613,0.0363776
172.710022676,0.0904969,1.40958,0.0746856,1.07114,0.0859354,1.36635,0.464806,0.249652,0.798729,0.298842,0.959545,0.0621943
172.756462585,0.118309,2.16888,0.00285433,0.841973,0.110747,1.50046,0.924321,0.018503,0.641811,0.0530027,0.975988,0.239782
172.802902494,0.244376,2.65153,0.00175226,0.242762,0.113887,1.78153,1.36344,0.0209673,0.820912,0.0331812,0.800672,0.225429
172.849342404,0.425097,2.41902,0,0.0441962,0.111196,1.90057,1.28466,0.0151554,1.00813,0.0638697,0.817349,0.153546
172.895782313,0.555735,1.88978,0,0,0.10688,2.10561,1.63176,0.0160816,1.08627,0.0961921,0.670586,0.115737
172.942222222,0.655156,1.95106,0.0721821,0.0585302,0.0676706,2.59436,0.990854,0.240825,1.00679,0.0669501,0.62885,0.0944202
172.988662132,0.943105,1.93763,0.163651,0.165685,0.0242601,3.37241,0.0741609,0.239697,1.06079,0.107518,0.508092,0.0713658
173.035102041,1.05194,1.54185,0.158712,0.134048,0.123112,3.31831,0.0464199,0.0747411,1.25359,0.095158,0.00671977,0.176222
173.081541950,0.782127,1.36158,0.0728988,0.0288527,0.418578,3.30654,0.0525842,0.0492815,1.69599,0.078021,0.00692624,0.113567
173.127981859,0.507485,1.28709,0.0781266,0,0.844639,3.41466,0.0480348,0.21309,1.61304,0.0620474,0.0503998,0.125287
173.174421769,0.389642,1.19122,0.822249,0.0160115,0.715549,2.36993,0.0109865,1.35545,1.33293,0.0377183,0.444974,0.923041
173.220861678,0.299712,0.902434,1.06138,0.0179639,0.128918,1.75518,0.00914168,1.47233,1.18945,0,0.419999,1.36309
173.267301587,0.226144,1.15842,0.74298,0.00760918,0.121616,1.7655,0.319251,1.3412,1.17309,0.0313176,0.250669,1.21373
173.313741497,0.36227,1.59301,0.25895,0.0581126,0.128043,1.92305,0.734108,0.948371,1.06594,0.0247839,0.251492,1.00893
173.360181406,1.27207,1.65957,0.0118745,0.290404,0.229383,1.52795,1.71382,0.0316787,1.08938,0.329966,0.279424,0.388503
173.406621315,1.40547,1.22803,0,0.238098,0.615349,1.36127,2.0669,0,1.14889,0.506299,0.266103,1.18714
173.453061224,0.774875,0.928665,0.0273883,0.191251,1.15573,0.326044,2.60615,0,1.04558,0.613328,0.127861,1.76914
173.499501134,0.177896,1.09738,0,0.307378,1.53312,0.224352,2.62637,0.0432606,0.685577,0.0711693,0,1.76876
173.545941043,0.422908,0.705077,0.116225,0.0968421,1.59228,0.280597,2.12915,0.0612774,0.929631,0.0237945,0.0772396,1.76633
173.592380952,0.674756,0.282727,0.37128,0,1.63447,0.301017,1.41105,0.261587,1.15565,0.000466148,0.2251,1.70053
173.638820862,0.558655,0.0254095,0.219085,0,1.87101,0.146095,0.844927,0.362431,1.1628,0.00132718,0.306185,1.58465
173.685260771,0.161241,0.677262,0.199808,0.0100158,2.06392,0.106163,0.668603,0.0416688,0.678963,0,0.0262641,1.63841
173.731700680,0.181194,0.802642,0.16019,0,2.425,0,0.670361,0,0.389902,0.0531945,0.103733,1.82441
173.778140590,0.0967036,0.474184,0.171373,0.0465373,2.96363,0,0.704885,0.000169212,0.858646,0.0880469,0.108707,2.34499
173.824580499,0.0741284,0.0347625,0.19653,0.233856,3.24369,0.0235572,0.877027,0.0317142,1.10809,0.0847432,0.0989091,2.74269
173.871020408,0.0683411,0.275489,0.185564,0.381035,2.89226,0.0462237,0.933542,0.481966,1.00628,0.000470219,0.0909257,3.15921
173.917460317,0.120677,0.601639,0.0307714,0.467337,1.83154,0.0225709,0.972084,1.19032,0.804579,0,0.0996782,2.97991
173.963900227,0.129656,0.832479,0.206087,0.376349,0.901147,0.0168305,1.10478,1.09111,0.615561,0.00019107,0.457459,2.42096
174.010340136,0.113857,0.868134,0.219186,0.477581,0.692371,0.0216735,1.42137,0.914837,0.224036,0.00989796,0.457164,2.58671
174.056780045,0.0569194,0.906157,0,0.514502,0.602863,0.0590056,2.12741,0.648917,0.0984546,0.00948032,0.505391,2.75435
174.103219955,0.0729269,0.858517,0.0143217,0.458928,0.619692,0.288293,2.69411,0.0708938,0.4953,0,0.618422,2.50608
174.149659864,0.148385,0.883327,0,0.313895,0.565495,0.176856,2.65805,0.0999193,0.631004,0,0.822151,2.27936
174.196099773,0.398579,0.97814,0.000573711,0.0934894,0.867901,0.0769715,2.60525,0.0919569,0.626605,0.00996455,0.977531,1.94859
174.242539683,0.332087,1.10593,0.101694,0.0138657,1.36399,0.044647,2.08001,0.301472,1.12937,0,0.598968,1.90829
174.288979592,0.0031827,1.01354,0.223454,0.323616,1.36689,0.0761581,1.12255,1.34357,1.60815,0,0.00658043,1.49473
174.335419501,0,0.657225,0.387879,0.120913,1.24242,0.0676532,0.648069,1.9103,1.40641,0.00961911,0.0253446,1.16328
174.381859410,0,0.598619,0.697622,0.00398505,1.11781,0.0438729,0.722394,1.93053,1.22494,0,0.0308353,0.814608
174.428299320,0,0.788647,0.818968,0.00208511,0.956496,0.0284333,0.490868,2.06368,0.946528,0.00352366,0.0339868,0.864031
174.474739229,0,0.784527,0.851498,0.000369928,1.00046,0.045907,0.287418,2.37119,0.716184,0.00506492,0.02279,1.21875
174.521179138,0,0.545391,0.915591,0.171961,1.18918,0.0661271,0.387151,2.25188,1.17162,0.000875404,0,1.38673
174.567619048,0,0.524604,1.06552,0.455598,1.04764,0.0710006,1.05002,0.578484,2.13343,0.00840876,0,1.27553
174.614058957,0.0152711,0.741034,0.907479,0.508455,1.02733,0.0918626,0.7476,0.0115776,2.10592,0.018611,0.0346566,1.35106
174.660498866,0.303918,0.517554,0.861289,0.778469,1.18552,0.164405,0.575194,0.0290196,1.71402,0.0534689,0.15284,1.40944
174.706938776,0.51877,0.10074,0.602311,0.974939,1.24004,0.203979,0.787108,0.0486815,1.75967,0.0963835,0.358987,1.30129
174.753378685,0.60916,0.56328,0.283025,1.01044,1.54216,0.206765,0.809171,0.0487971,1.90159,0.0859694,0.29739,1.12894
174.799818594,0.3726,1.35516,0,1.00775,1.91192,0.157957,0.315865,0.0385025,2.16234,0.0536745,0.101999,0.913721
174.846258503,0.361838,1.38271,0,0.964249,2.15033,0.0621819,0,0.0275598,2.23798,0.0366967,0.159963,0.948951
174.892698413,0.500332,1.4632,0.000115328,1.24075,2.00056,0.109853,0,0.0197998,2.15806,0.363377,0.140269,0.802199
174.939138322,0.520927,1.67638,0,1.57965,1.39502,0.250443,0,0.019829,2.52218,0.669348,0.0347743,0.477125
174.985578231,0.37961,1.68397,0.000202627,1.59303,1.33127,0.207889,0.00939663,0.057733,2.73891,0.907924,0.00144105,0.331728
175.032018141,0.316448,1.65421,0.00507401,1.50788,1.25499,0.105196,0.0227856,0.0656644,2.99788,1.02081,0.00150718,0.205585
175.078458050,0.207334,1.40544,0,1.42711,1.02725,0.0342826,0.0432527,0.0589891,3.31982,0.942514,0.00157709,0.0818977
175.124897959,0.256568,1.60317,0.196006,1.50424,0.947104,0.0333061,0.0303237,0.0181557,3.37117,0.82773,0.0011201,0.0687879
175.171337868,0.448605,1.76858,0.000266718,1.49929,0.735984,0.0325017,0,0.0168452,3.2763,0.965008,0.000255108,0.210314
175.217777778,0.547258,1.63784,0.0510235,1.22723,0.29494,0.139384,0.0483039,0.0194472,3.39187,0.893542,0.045504,0.513107
175.264217687,0.402118,1.54066,0.24971,0.922879,0.320177,0.21244,0.0389672,0.0343051,3.40021,0.550813,0.0894896,0.872658
175.310657596,0.290436,1.3233,0.374077,1.21958,0.946022,0.140429,0.00233098,0.0559462,2.57009,1.0778,0.104038,0.558075
175.357097506,0.255154,1.26764,0.231824,1.62336,1.15999,0.0316061,0.00150721,0.0666524,2.00009,1.69454,0.0731412,0.1072
175.403537415,0.281142,1.66679,0.258313,1.79449,0.721994,0.0274751,0.014942,0.0199396,1.88803,1.79695,0.0811353,0.0302996
175.449977324,0.348535,1.79029,0.336559,1.52756,0.422047,0.0140766,0.0859569,0,1.9533,1.72395,0.0615257,0.234772
175.496417234,0.518908,2.01862,0.289255,1.07689,1.23562,0.0735825,0.0481154,0,1.93835,1.23857,0.0272069,0.0181514
175.542857143,0.472583,1.71303,0.0441937,1.15742,1.17966,0.119184,0.0160169,0.0225261,2.16143,1.08413,0.0575233,0.000331702
175.589297052,0.297259,1.64171,0.0103725,1.16447,1.31609,0.0570551,0.0528839,0.0637962,2.21085,1.1272,0.300257,0.000248012
175.635736961,0.10814,1.71848,0.0223003,1.07102,1.49526,0.0229979,0.0539972,0.0646191,2.75193,0.580134,0.436299,0.000221583
175.682176871,0.0810993,1.52588,0.0393453,1.0191,1.08404,0.03581,0.0260663,0,3.08848,0.616713,0.216658,0.000223667
175.728616780,0.194198,1.40716,0.0228515,1.41672,1.07986,0.0200425,0.00420597,0,3.15492,0.91881,0.0596815,0.000353539
175.775056689,0.394863,1.11916,0.0127168,1.79126,1.32221,0.0118231,0.00226151,0,3.18435,0.950213,0.088464,0.000554505
175.821496599,1.28195,0.649654,0,1.6918,1.5374,0,0.00188501,0.00199214,3.22145,1.05637,0.155232,0.0814549
175.867936508,2.1591,0.476645,4.75633e-05,1.57823,1.41511,0,0,0.0206,3.25942,1.23418,0.115675,0.0687795
175.914376417,2.562,0.139465,0.0006425,1.45736,1.03641,0.0292707,0,0.0270858,3.30124,1.11933,0.124893,0.000542158
175.960816327,2.58981,0.20075,0.0276773,1.08188,0.84772,0.987015,0,0.034488,3.13263,0.739539,0.0568815,0.000529287
176.007256236,1.61904,0.392038,0.0966045,0.736757,1.03609,1.2763,0,0.037135,3.20678,0.782202,0.0474036,0.135042
176.053696145,0.401138,0.511523,0.383617,0.630245,1.21328,1.22393,0,0.0421101,3.24913,0.82086,0,0.283067
176.100136054,0.013326,0.654592,0.204861,0.858225,1.35137,0.904659,0,0.0385025,3.25002,1.00485,0,0.355411
176.146575964,0.191984,0.274066,0.372682,1.25998,1.05086,0.0743528,0,0.0232133,3.38906,0.963481,0.00228621,0.403521
176.193015873,0.182948,0.396357,0.669768,1.27016,0.864262,0.17262,0.00997179,0.0154576,3.31403,0.858291,0.01797,0.422025
176.239455782,0.114546,0.527274,0.734965,1.41029,0.815773,0.130065,0.0195054,0.00148828,3.3643,0.815126,0.0730662,0.296907
176.285895692,0.0622428,0.74107,0.172142,1.44147,1.09415,0.126532,0.0592846,0.0564165,3.2444,0.90621,0.594289,0.0632449
176.332335601,0.569223,1.02581,0.0248333,1.44164,1.28228,0.0172295,0.22853,0.0802503,2.83439,0.653297,1.05539,0.000317789
176.378775510,0.699551,0.89503,0.484598,0.767713,1.33841,0.0131608,0.677261,0.0816446,2.52508,0.234672,1.16288,0.00971721
176.425215420,0.705828,0.441477,0.63848,0.676645,0.526041,0.0216737,1.24305,0.080715,2.51966,0,1.17862,0.376036
176.471655329,0.689311,0.659327,0.196445,0.929628,0.0126863,0.00782079,1.77746,0.07722,2.25118,0,1.18146,0.521073
176.518095238,0.536821,1.10249,0.195187,0.994643,0.26755,0.22833,1.32933,0.0664515,2.4859,0.219467,0.971383,0.109722
176.564535147,0.80257,0.724702,0.299235,0.760824,0.486935,0.342393,1.1561,0.0683149,2.76881,0.104508,0.864787,0.100613
176.610975057,0.924074,0.494932,0.292963,0.665538,0.584067,0.0766367,1.21935,0.117686,2.76017,0.0551787,0.866539,0.416928
176.657414966,0.546506,0.58204,0.299345,0.458675,0.385039,0.0381772,1.34732,0.158902,2.64851,0,0.644196,1.07275
176.703854875,0.0837586,0.967557,0.176475,0.244092,0.346556,0.1127,1.28569,0.272328,2.44409,0,0.638195,1.44462
176.750294785,0,1.16962,0,0.0831626,0.237183,0.152027,1.26357,0.45149,2.22879,0,1.05219,1.48101
176.796734694,0.0434741,1.58171,0,0.10739,0.245214,0.0366135,1.59223,0.221056,1.95994,0,2.27196,1.09638
176.843174603,0.094126,1.75971,0,0.736484,1.05933,0.108868,1.87194,0.091436,1.34417,0,2.68723,0.357614
176.889614512,0.107734,1.19331,0,1.01286,1.25162,0.1266,1.78862,0.336349,0.915981,0,2.39629,0.518085
176.936054422,0.151171,0.848715,0.297819,0.958483,1.20644,0.105989,1.59081,0.378719,0.320455,0,2.4447,0.58045
176.982494331,0.112824,0.879281,0.801768,0.649562,1.00127,0.0932993,1.50079,0.233445,0.565575,0,2.31708,0.546118
177.028934240,0.00924871,1.24791,0.819172,0.307741,0.924921,0.0670313,1.57267,0.0764296,0.724975,0,2.02819,0.222053
177.075374150,0.213001,1.43724,0.737753,0.126749,1.0168,0.0806573,1.33531,0.0575152,0.822744,0,1.50687,0.0781953
177.121814059,0.340265,1.51554,0.0958439,0,1.30243,0.407697,1.22404,0.4602,0.821436,0.00379431,1.18462,0.0297302
177.168253968,0,1.97817,0.216386,0.159803,1.39515,0.294664,1.36874,0.809628,0.16186,0.10424,1.61847,0.000220333
177.214693878,0.242611,2.05613,0.401939,0.164746,1.10456,0.0258745,1.28826,0.549604,0.262642,0.814819,1.82696,0.00047216
177.261133787,0.41329,1.74454,0.225335,0.478305,0.876834,0.00981935,1.34379,1.18234,0.412161,1.10882,1.44237,0.0158595
177.307573696,0.567124,1.62878,0,1.00889,0.858419,0.0548614,1.06195,1.31012,0.559489,0.476599,0.973188,0.0284039
177.354013605,0.931709,1.05615,0,0.88572,0.509085,0.086682,1.45382,0.846968,1.6161,0.107019,1.06045,0.0431267
177.400453515,1.10153,1.13586,0,0.884372,0,0.477649,1.3195,0.488986,1.82392,0.0759892,0.490761,0.232873
177.446893424,0.915329,1.73055,0.0275417,0.844469,0.0744599,0.515439,0.860414,0.594732,1.90715,0.046622,0.206528,0.468918
177.493333333,0.573097,1.36332,0.0382642,1.00303,0.261259,0.194843,1.07257,0.400109,2.00587,0.0438777,0.500434,0.666356
177.539773243,0.277601,0.990012,0.00284114,1.07251,0.328578,0.0412176,1.34504,0.198414,2.20131,0.0391866,0.678538,1.13038
177.586213152,0.283201,1.28698,0.0259799,0.714673,0.338971,0.15917,1.90232,0.0549607,1.97535,0.000230417,0.681801,1.1752
177.632653061,0.299578,1.83564,0.142079,0.544065,0.104718,0.188836,2.42351,0.206381,1.30959,0.00477213,0.627411,0.783676
177.679092971,0.0905329,2.24486,0.276491,0.37071,0.00559605,0.0873933,2.67307,0.300663,0.390425,0.060421,0.919878,0.554847
177.725532880,0.0716201,2.01888,0.122024,0.22998,0.0211232,0.00545938,2.84096,0.150689,0.0662905,0.0812638,1.07448,0.155251
177.771972789,0.069303,1.65629,0.0904727,0.317813,0.0230875,0.0327053,2.75881,0.0887878,0.492943,0.489075,1.02454,0.032696
177.818412698,0.595636,1.30383,0.0720518,0.749283,0,0.593533,2.24462,0.0132072,1.29291,0.389686,0.496262,0.0194173
177.864852608,1.28637,1.02608,0.0540306,1.09591,0,1.22212,1.22854,0,1.72867,0.265034,0.183674,0.0303991
177.911292517,1.30306,1.41141,0.122221,1.49615,0,1.79378,0.467873,0,1.82091,0.0692062,0,0.0716806
177.957732426,0.999474,1.54548,0.127948,1.37525,0,2.1198,0.57024,0.0407568,2.2644,0.0446252,0,0.0138395
178.004172336,1.00429,1.4743,0.177875,0.875711,0,2.07318,0.562263,0.0629201,2.421,0.0432492,0,9.14832e-06
178.050612245,0.948443,1.44757,0.443196,0.501004,0,2.18339,0.329228,0.0656672,2.61533,0.0494347,0,0.136067
178.097052154,0.639974,1.5507,0.76411,0.477769,0,2.30882,0.143382,0,2.62261,0,0,0.334261
178.143492063,0.346609,1.78749,0.587557,0.511999,0,2.50352,0.0906482,0.0841667,2.75474,0,0.0256894,0.412288
178.189931973,0.793891,1.67499,0.410728,0.667568,0.00238692,2.61699,0.064222,0.0278333,2.95993,0.141828,0.0840825,0.51145
178.236371882,1.35324,1.46058,0.281305,0.598418,0,2.6307,0.0165802,0,3.29322,0.341054,0.0703238,0.37046
178.282811791,1.55663,1.55407,0.114508,0.691746,0,2.46451,0.0151865,0.0380659,3.481,0.308865,0.077389,0.0886646
178.329251701,1.65773,1.57611,0.0014534,0.760827,0.00669441,2.35114,0.0257312,0.0373855,3.47066,0.0883271,0.0600176,0.0401429
178.375691610,1.68706,1.62077,0.000592134,0.921043,0,2.17684,0.0118167,0.00752253,3.4361,0,0.0826788,0.221577
178.422131519,1.57924,1.53858,0,0.9232,0,2.12787,0.00952936,0.00824534,3.52613,0.00559984,0.0379046,0.177175
178.468571429,1.54698,1.50845,0.0322634,0.746217,0,2.11745,0.0061975,0.0160164,3.47566,0.0521574,0,0.0802896
178.515011338,1.6423,1.56718,0.171696,0.985131,0,1.95811,0.0350472,0.22929,3.02533,0,0,0.018318
178.561451247,1.60507,1.44223,0.346152,1.14592,0.0448639,1.72317,0.0431331,0.490432,2.26877,0.213154,0.234097,0.000194232
178.607891156,1.47973,1.22612,0.311718,1.42867,0.0271311,1.57034,0.0650602,0.606253,1.70239,0.287333,0.513248,0.122291
178.654331066,1.36824,1.39157,0.22666,1.29061,0.111548,1.58538,0.0809867,0.357175,1.6791,0.044809,0.533007,0.291846
178.700770975,1.29308,2.16376,0.00321917,1.09011,0.0759334,1.8194,0.0251515,0.252843,1.56249,0,0.241075,0.369913
178.747210884,0.883469,2.36665,0.0418247,0.568311,0.0791555,2.10628,0,0.0236498,2.1892,0.0182441,0.105172,0.42434
178.793650794,0.81629,1.91175,0.0199771,0.420711,0.0951483,2.08417,0,0.00816696,2.86788,0.0727245,0.0249992,0.354117
178.840090703,0.824221,1.68498,0,0.753251,0.102609,2.13072,0.0153428,0.122487,3.06672,0.0894804,0.00578626,0.169325
178.886530612,1.08755,1.82908,0,0.987576,0.0571186,2.16419,0.0339434,0.0688265,3.03371,0.0568626,0.00599819,0.0128726
178.932970522,1.15962,1.91642,0.0408938,1.1361,0.0314894,2.37944,0.0435774,0.0684657,2.94738,0.0145736,0.00616679,0.0168016
178.979410431,1.07557,1.69372,0.000483398,1.18067,0.0634122,2.42151,0.0556136,0.0641545,2.95614,0,0.00653983,0.0610233
179.025850340,0.926392,1.56347,0.00366717,1.15883,0.0996135,2.39057,0.0552974,0.0471693,2.89688,0,0.00647325,0.0876674
179.072290249,0.675757,1.61091,0.0209185,1.0235,0.191524,2.17296,0.0451331,0.220202,2.26505,0,0.259375,0.23129
179.118730159,0.322256,1.24315,0.115976,0.904914,0.105169,2.01377,0.653716,0,1.41215,0,0.611311,0.577218
179.165170068,0.91043,0.847361,0.180671,0.918277,0.100659,1.95794,0.958777,0.00693564,1.45346,0,0.84199,0.601221
179.211609977,1.16893,0.901181,0.107976,0.959391,0.106357,2.12846,0.923353,0,1.39736,0,0.924767,0.539755
179.258049887,1.41479,1.02087,0.00524503,0.533583,0.323136,1.99044,0.808311,0,1.66741,0.076334,1.15967,0.364438
179.304489796,1.4184,0.769031,0.00200986,0.401662,0.763196,1.87573,1.01026,0,1.75055,0.603778,1.05843,0.726784
179.350929705,0.635486,0.61294,0.000359869,0.177019,1.16345,1.50178,1.51425,0.00146112,1.46961,0.632828,1.15367,1.36857
179.397369615,0.255292,0.905642,0.116498,0.590688,1.552,0.200478,2.28681,0.0279371,1.09563,0.412927,0.778168,1.42397
179.443809524,0.0847389,1.02594,0.407939,1.17574,1.60689,0.131224,1.82057,0.052339,1.14574,0.0343607,0.0999429,1.61595
179.490249433,0.109294,0.848011,0.604983,1.19681,1.65962,0.0633837,1.51252,0.120078,1.16546,0.00279062,0.0673192,1.58112
179.536689342,0.150836,0.730645,0.644135,1.0664,1.69668,0.029132,1.48987,0.165927,1.20183,0,0.025656,1.46164
179.583129252,0.145138,0.345883,0.672358,0.985399,1.48373,0.041496,1.70581,0,1.62947,0.051821,0,1.52303
179.629569161,0.146054,0.631655,0.37728,1.13948,1.83767,0,1.68778,0,1.68069,0.000858872,0.0918995,1.42946
179.676009070,0.112136,1.05902,0.0972303,1.40098,1.66993,0.00195125,1.43314,0.00630288,1.79266,0.0190628,0.126848,1.66004
179.722448980,0.109994,0.584402,0.097872,1.52798,1.2515,0,1.20661,0.00357385,2.39027,0.0688967,0.116759,2.18648
179.768888889,0.173627,0.392879,0.0279158,1.45986,1.31042,0,1.25473,0.0539585,2.55023,0.0123503,0.105506,2.27391
179.815328798,0.280522,0.410904,0.000690482,1.26658,1.29363,0,1.24037,0.0486392,2.73629,0,0.079959,2.25144
179.861768707,0.339359,0.361407,0.0212074,1.042,1.24504,0.0126238,0.934175,0.0164051,3.09191,0.0629713,0.0977229,2.2275
179.908208617,0.312523,0.20398,0.113549,0.932293,1.18407,0.0237006,0.632364,0.0163533,3.16126,0.13226,0.053503,2.31996
179.954648526,0.226244,0.237303,0.0853096,1.11644,1.12656,0.0322236,0.835045,0.0218265,2.72477,0.0498518,0,2.36153
180.001088435,0.191041,0.512324,0.238749,1.10051,1.04947,0.160592,1.19946,0.0636661,2.1981,0,0.0278129,2.2328
180.047528345,0.242871,0.758845,0.252578,1.04643,0.708486,0.375761,1.40973,0.0886718,2.07445,0,0.112718,2.2535
180.093968254,0.297794,0.928623,0.0545745,1.07644,0.483405,0.163435,1.53441,0.129395,1.94258,0,0.249653,2.25023
180.140408163,0.266588,1.09483,0.00168933,0.91669,0.938841,0.111755,1.87972,0.135738,1.39906,0.0830372,0.448038,2.31217
180.186848073,0.0168847,1.08839,0.0620839,0.765531,1.56409,0.0563407,1.98218,0.0464448,1.60646,0,0.131816,2.07434
180.233287982,0.106494,0.989643,0.205762,0.349932,1.84442,0.0713358,1.85503,0.0342152,1.92414,0,0.179142,1.91244
180.279727891,0.150376,0.899611,0.519912,0.152635,1.74286,0.0607363,1.76882,0.0477328,2.14428,0,0.370841,1.75406
180.326167800,0.0476022,1.09733,0.878933,0.150354,1.28889,0.0585141,1.73339,0.0535387,1.96583,0,0.315172,1.40779
180.372607710,0.0679937,1.30509,0.914165,0.210924,1.02839,0.119169,1.49106,0.0405529,1.49587,0.123902,0.328954,1.27798
180.419047619,0.336845,1.08839,0.91677,0.25734,1.06391,0.226135,1.27869,0,1.11937,0.152942,0.249743,1.41224
180.465487528,0.603871,0.699011,0.976378,0.412931,1.13411,0.203626,1.33407,0,0.951044,0.0728394,0.237679,1.38805
180.511927438,0.764354,0.250676,1.09649,0.643789,1.00542,0.0348122,1.763,0,0.739625,0.0527146,0.0227989,1.71889
180.558367347,0.837506,0.477941,1.00537,0.644371,1.01969,0.0693218,1.45213,0.270712,0.448176,0.00693451,0.00221468,2.35492
180.604807256,0.438401,0.361062,0.886038,0.370458,1.15966,0.0696956,1.32195,1.14058,0.534808,0,0.123076,2.36177
180.651247166,0.32335,0.143059,0.724357,0.0942047,1.33808,0.0533114,1.56662,1.14729,0.502084,9.93633e-05,0.18514,2.28728
180.697687075,0.151077,0.526955,0.489383,0.122834,1.91671,0.0331091,1.72816,0.547294,0.455285,0.0265011,0.204953,1.72185
180.744126984,0.139102,1.12536,0.179365,0.268232,1.98366,0.0526395,1.59812,0.184536,0.473623,1.02829,0.522333,1.27011
180.790566893,0.210415,2.13663,0.0620765,0.52672,1.73096,0.128331,0.873891,0.0384951,0.818566,1.52774,0.479568,0.800109
180.837006803,0.450903,2.26303,0.335269,1.03216,1.23124,0.180411,0.107451,0.0217195,0.792917,1.71803,0.178143,0.299732
180.883446712,0.439857,1.99398,0.493333,1.36202,1.07683,0.178425,0.0512421,0.021973,1.45912,1.62102,0.00146392,0.233883
180.929886621,0.322979,1.74839,0.154811,1.1495,1.22521,0.109663,0.0160091,0.0445671,2.52094,1.22658,0.00266929,0.279385
180.976326531,0.21403,1.49214,0.0859756,1.00158,1.16323,0.0468281,0.0322613,0.0418712,3.05183,0.954889,0.00245902,0.309016
181.022766440,0.221364,1.36157,0.331459,0.987819,1.00324,0.0515142,0.0452145,0.00172306,3.27089,0.717523,0.0018011,0.171016
181.069206349,0.261777,1.89745,0.278855,1.26808,0.813727,0.033864,0.0145311,0.0501502,3.26353,0.713405,0.000452251,0.253824
181.115646259,0.459835,2.16467,0.158425,1.20552,0.487008,0.0842072,0,0.077675,3.38175,0.763261,0,0.829017
181.162086168,0.441986,2.09748,0.219862,0.896989,0.282208,0.193861,0.0608558,0.630702,3.20942,0.542151,0.0604917,1.19474
181.208526077,0.140554,2.00078,0.243273,0.759635,0.359581,0.188645,0.0168526,1.165,2.67771,0.551109,0.0811942,1.53968
181.254965986,0.178837,1.66358,0.00274818,1.26054,1.14066,8.70321e-05,0.00133112,1.37004,1.92921,1.45563,0.100939,1.12103
181.301405896,0.396218,1.38551,0.0160009,1.33867,1.18946,0.0735284,0.0533896,0.24736,1.83511,2.15081,0.0876738,0.664883
181.347845805,0.434691,1.34228,0.0645847,1.26992,0.678162,0.2221,0.06561,0.0258602,1.69975,2.08174,0.108478,0.747274
181.394285714,0.538045,1.67269,0.155177,1.22457,0.466814,0.0902058,0.0446836,0.11793,1.25408,1.87611,0.0671721,0.786415
181.440725624,0.552532,1.88642,0.149296,0.944578,1.46971,0.0820221,0.024696,0.159262,1.40532,1.33068,0.0850634,0.461548
181.487165533,0.639867,1.81294,0.0584301,1.02311,1.80464,0.146183,0.0322939,0.587036,1.70736,0.674814,0.153068,0.465137
181.533605442,0.334649,1.67482,0.0159505,1.06738,1.71298,0.0186309,0.0451335,0.771947,1.66026,0.68117,0.566358,0.236192
181.580045351,0.246515,1.85661,0,1.12919,1.30118,0.0377239,0.0411512,0.62664,1.99021,0.994793,0.690918,0.000255222
181.626485261,0.125246,2.13839,0.246338,1.01453,0.807948,0.0348334,0.00316024,0.0146076,2.62005,1.19558,0.25825,0.000130169
181.672925170,0.140779,2.40953,0.079255,1.04636,1.01468,0.00367367,0.0435607,0,2.32812,1.60415,0.339069,0
181.719365079,0.271571,2.12449,0.040009,1.15126,1.18971,0,0.171307,0,2.13456,1.82978,0.261765,0
181.765804989,0.339542,1.82833,0.0280773,1.14848,1.39103,0.000503503,0.245325,0,2.3064,1.70583,0.159818,0.0534639
181.812244898,0.355472,1.70468,0.0673859,1.39668,1.40556,0,0.221688,0.00221362,2.71613,1.38039,0.148169,0.0219156
181.858684807,0.411736,1.61298,0.0535571,1.68755,1.25012,0,0.161325,0,2.48212,1.84716,0.120224,0.0101693
181.905124717,0.453622,1.34077,0.00201965,1.65974,1.16971,0,0.20024,0.0133045,1.60869,2.71298,0.0637703,0
181.951564626,0.344066,1.05992,0.00447428,1.39669,1.50609,0,0.269578,0.0182306,1.11539,3.16313,0.0512162,0.0496394
181.998004535,0.0965849,0.960081,0.0880905,0.675752,2.17738,0.0438125,0.218232,0.0228459,0.783275,3.56363,0,0.0139765
182.044444444,0.136208,0.886848,0.00130309,0.253393,2.28304,0.0578168,0.0704235,0.0127282,1.01333,3.85871,0,0.0922542
182.090884354,0.160509,0.907658,0.0858313,0.297723,2.12158,0.122242,0.0263252,0.00130917,1.3547,3.3586,0,0.133158
182.137324263,0.0779794,1.08584,0.168642,0.692955,1.56947,0.172685,0.0663741,0,1.66457,2.89278,0.0554177,0.224494
182.183764172,0.0370129,1.21667,0.152357,1.12261,1.30986,0,0.0868457,0.0435358,2.00119,2.30489,0.122144,0.145289
182.230204082,0.072568,1.30191,0.107974,1.28444,1.23372,0,0.105992,0.0516017,2.47328,1.80301,0.103655,0.232499
182.276643991,0.160112,1.11387,0,1.46833,1.45883,0.00774733,0.715496,0.129689,2.75692,0.910033,0.138328,0.319605
182.323083900,0.0926544,1.06886,0.158698,1.29967,1.24395,0.00829426,1.25035,0.095294,2.64795,0.100412,0.641103,0.165142
182.369523810,0.0196331,1.59192,0.451815,0.696086,0.265434,0.0538199,1.82669,0.0233339,2.07609,0.270948,0.857,0.37441
182.415963719,0.000159041,1.90904,0.599873,0.578951,0.0858796,0.115833,2.03532,0.0602458,1.81304,0.236319,0.292257,0.844789
182.462403628,0.0151173,2.04838,0.711015,0.523708,0.0343656,0.079106,1.8993,0.164683,1.78161,0.0931043,0.443034,0.897541
182.508843537,0.247734,1.98894,0.639342,0.551479,0.0232318,0.0283258,1.90638,0.0923378,2.15088,0,0.706597,0.749271
182.555283447,0.373707,1.71422,0.620158,0.495897,0.123714,0.0232551,2.19985,0.10015,2.62312,0,0.674997,0.348926
182.601723356,0.219226,1.92385,0.483408,0.529619,0.388735,0.0388423,2.14876,0.0813557,2.78324,0,0.648415,0
182.648163265,0.246347,2.2788,0.213485,0.544794,0.343538,0.0487171,1.74716,0.382871,2.44022,0,0.826097,0.0923005
182.694603175,0.24514,1.94204,0.0203332,0.461038,0.0782915,0.0390591,1.63813,0.27102,2.33645,0,1.34974,0.129279
182.741043084,0.332318,1.80521,0.0651949,0.44262,0,0.0256015,1.80921,0.0297166,2.46712,0,1.53247,0.0145858
182.787482993,0.305177,1.95435,0.0311851,0.49264,0.220639,0.0223594,1.93513,0.0262657,2.67279,0,1.34877,0.0321981
182.833922902,0.0853589,2.01252,0.410758,0.44853,0.185811,0.0257991,1.89617,0.0555633,2.68283,0.0823895,1.10365,0.368465
182.880362812,0.00878483,1.86357,0.300157,0.416726,0.0093589,0.0235148,2.44597,0.0889328,2.2641,0.135487,1.67753,0.281138
182.926802721,0,1.85966,0.0883502,1.04092,0.016645,0.0185306,3.18788,0.207157,1.01288,0.0366607,2.50088,0.257686
182.973242630,0.241168,1.33439,0.0686299,0.9938,0.110549,0.137993,2.62935,0.210386,0.964155,0,1.89617,1.01785
183.019682540,0.232151,1.04175,0.0312081,0.954964,0.22991,0.226507,2.15635,0.469907,1.05184,0.125857,0.994368,1.57017
183.066122449,0.138624,0.889944,0,0.977114,0.109399,0.164515,2.43393,0.671758,0.922624,0.214269,1.01829,1.70646
183.112562358,0.0050357,1.82668,0.00405315,0.907873,0.069416,0.0673887,2.96787,0.307487,0.47082,0.022199,1.46891,1.38454
183.159002268,0,2.28025,0.356048,0.26102,0.214914,0.0432317,2.96969,0.0938048,0.645515,0,1.46734,0.399076
183.205442177,0,2.19703,0.244726,0.320217,0.378663,0.0422363,2.34471,0.067539,1.37096,0.0146615,1.11261,0.000238627
183.251882086,0.162461,2.00259,0.0712005,0.420829,0.460873,0.0826881,1.70964,0.0662089,2.05846,0.0208718,0.962604,0.00741016
183.298321995,0.487326,1.59605,0,0.372371,0.519949,0.101482,1.33531,0.0691075,2.71333,0.00590896,1.04187,0.0452057
183.344761905,0.571014,1.60599,0.26065,0.401764,0.358702,0.255455,1.22409,0.115997,2.9559,0,0.92344,0.0987962
183.391201814,0.147926,1.51558,0.168678,0.518554,0.261267,0.298185,1.27448,0.472878,2.93717,0,0.873197,0.265185
183.437641723,0.0166877,1.24,0.1106,0.64845,0.0648315,0.0352341,1.77962,0.437539,2.51143,0,1.05505,0.514565
183.484081633,0.320833,1.09221,0.0315077,0.630929,0.0432235,0.0247892,2.07153,0.120502,2.19515,0,1.39998,0.865318
183.530521542,0.352776,1.07475,0.159618,0.374165,0.0951252,0.0432907,2.65409,0.151563,1.6601,0,1.63285,0.990062
183.576961451,0.272188,0.94804,0.326905,0.135631,0.0599735,0.0667564,3.1566,0.185317,0.773281,0,1.26293,1.06376
183.623401361,0.206461,0.960774,0.501121,0,0.0232953,0.0885199,3.25215,0.217137,0.440353,0.0815394,1.17195,0.897881
183.669841270,0.123289,0.81444,0.409448,0.001672,0,0.0682656,3.27615,0.423051,0.0554313,0.814579,1.4269,0.712707
183.716281179,0.146702,0.658386,0.149633,0.0239201,0.0155655,0.0336083,3.06302,0.303796,0.360477,1.14084,1.37076,0.546304
183.762721088,0.588611,0.253036,0.355299,0.109823,0,0.293501,2.00522,0.0202737,1.00385,0.959374,1.24594,0.580606
183.809160998,1.07965,0.896413,0.318306,0.262723,0,1.0493,0.591263,0.0491386,1.73912,0.797778,0.702662,0.18443
183.855600907,0.967349,1.44624,0.260163,0.447452,0,1.72483,0.029671,0.0905563,2.55695,0.31964,0.00489621,0.0682032
183.902040816,0.923409,1.472,0.116459,0.376157,0,1.80719,0.0459696,0.0865286,3.10074,0.00897123,0.00416922,0.0342803
183.948480726,0.945953,1.31643,0.000664073,0.623375,0,1.8947,0.0476816,0.0783549,3.24706,0,0.103276,1.12425e-06
183.994920635,0.786444,1.4608,0.00472582,1.15739,0,2.18814,0.0652124,0.0559187,3.44919,0,0.0179255,0.0332096
184.041360544,0.549137,1.72487,0.00161941,1.28676,0,2.54655,0.0236411,0,3.38766,0,0.0010554,0.30171
184.087800454,0.306464,1.73981,0.00260363,1.17928,0.006485,2.91697,0,0.0174833,2.83785,0.610196,0.194772,0.265202
184.134240363,0.762804,1.41571,0.00198912,0.749413,0,2.85964,0,0.0262402,2.61788,1.04442,0.21651,0.121592
184.180680272,1.12675,1.21663,0.00905957,0.226911,0,2.98521,0,0.0295572,2.84793,0.968773,0.0873089,0.113344
184.227120181,1.40961,1.48834,0.00156128,0.334805,0.135448,3.08156,0.0201781,0.039871,2.5403,0.681105,0.0690768,0.0117243
184.273560091,1.52592,1.6387,0.00136584,0.616767,0.138922,3.22443,0.0456624,0.0133679,2.32826,0.592317,0.0695917,0.226241
184.320000000,1.35036,1.62972,0.0850061,0.683322,0.0470646,3.09777,0.00241511,0.449395,1.98788,0.435809,0.0844525,0.337053
184.366439909,1.32818,1.38369,0.286852,0.611199,0,2.70167,0,1.46824,1.38998,0.357358,0.0524928,0.126584
184.412879819,1.35356,1.32138,0.272647,0.646261,0,2.32523,0.0192406,1.6518,1.42192,0.323694,0.0617729,0.0911672
184.459319728,1.33181,1.51688,0.414909,0.674627,0.0393259,1.96398,0.0530324,1.40707,1.4445,0.103643,0.0155633,0.0707273
184.505759637,1.22969,1.62448,0.358567,1.0812,0.119292,1.54426,0.34472,0.429011,0.648465,0.356976,0.312418,0.0916794
184.552199546,0.744212,1.4699,0.168398,1.03672,0.171616,1.32356,0.755287,0.231852,0.676722,0.165907,0.606344,0.273578
184.598639456,0.338285,2.1611,0.0523273,0.701652,0.181101,1.45828,0.884048,0.181576,0.48037,0.00295354,0.721913,0.525647
184.645079365,0.674878,2.31157,0.0732782,0.0306034,0.189518,1.89916,1.06373,0.0979208,0.72552,0,0.36745,0.517763
184.691519274,0.994629,2.08113,0.041926,0.0243219,0.184449,2.06857,0.886827,0.126352,0.79632,0.0569065,0.120544,0.544189
184.737959184,1.36365,1.68109,0.0944478,0.132185,0.179018,2.38714,0.819218,0.206285,0.839989,0.0885933,0.0205435,0.438821
184.784399093,1.30819,1.53673,0.0693496,0.279807,0.152709,2.91074,0.892104,0.244836,1.09718,0.404468,0,0.179564
184.830839002,1.13532,1.60139,0.197774,0.426374,0.233457,3.18342,0.338962,0.0636042,1.46233,0.424083,0,0.16173
184.877278912,1.10991,1.65385,0.227617,0.577728,0.363,2.92801,0.0388042,0.0824574,1.48072,0.22462,0,0.106443
184.923718821,1.20694,1.5735,0.09847,0.548312,0.423697,2.43076,0.0542049,0.0749083,1.98972,0.00108127,0,0.148188
184.970158730,1.19449,1.42192,0.0459929,0.449669,0.465273,2.27188,0.0472887,0.491841,1.78323,0,0,0.198849
185.016598639,0.994681,1.22512,0.0816783,0.557335,0.337186,2.12813,0.0214571,0.828468,1.58735,0.00923376,0.0800328,0.21703
185.063038549,0.992404,1.05129,0.0544857,0.72889,0.177285,1.65761,0.110959,1.11925,1.22284,0.219178,0.438057,0.310046
185.109478458,1.36308,0.862174,0.114806,0.853813,0.0911431,1.47019,0.193073,0.841215,1.23823,0.0674987,0.887469,0.287185
185.155918367,1.34358,1.26816,0.0799232,0.710223,0.101255,1.51445,0.460559,0.504398,1.15031,0,1.0066,0.155624
185.202358277,1.17672,1.93404,0.00425682,0.289526,0.342934,1.18882,1.17253,0.421987,1.08543,0.0692849,0.748148,0.0202122
185.248798186,1.03623,1.59517,0.00120697,0.355648,0.53625,0.823496,2.02075,0.00423321,0.828779,0.178258,0.813346,0.862477
185.295238095,0.343893,1.23873,0,0,1.27311,0.300957,2.61189,0.0113071,0.728911,0.332936,0.856184,1.4843
185.341678005,0.149648,1.39173,0.00827656,0,1.53679,0.250766,2.60412,0.063959,0.523153,0.206244,0.695902,1.55095
185.388117914,0.0535508,1.22893,0.0517386,0.0877348,1.69041,0.791356,1.93931,0.0768518,0.394892,0.000780307,0.489876,1.81072
185.434557823,0.0678401,0.866121,0.207696,0.295507,1.69443,0.979868,1.3498,0.107788,0.501577,0,0.521297,1.83728
185.480997732,0.0363014,0.611345,0.289917,0.121869,1.73323,0.916027,0.910967,0.259595,0.383288,0,0.360773,1.84053
185.527437642,0.0113576,0.670262,0.253823,0.0080975,1.89218,0.405467,0.72732,0.110231,0.283057,0.0469619,0.0814639,1.74657
185.573877551,0.0689996,0.759351,0.283606,0.00805626,2.00046,0.0265691,0.876461,0.0045966,0.686665,0.110987,0.209715,1.71005
185.620317460,0.0320887,0.498338,0.291927,0.0662359,1.67625,0,0.905373,0.0674613,1.24013,0.0888753,0.149195,2.45714
185.666757370,0.054213,0.360979,0.283308,0.33091,1.35363,0.035634,1.09542,0.293053,0.989064,0.0740546,0.154046,2.67162
185.713197279,0.07069,0.399269,0.27396,0.287387,1.06843,0.0860415,1.42058,0.72574,0.460828,0.00449239,0.375956,2.79663
185.759637188,0.116019,0.497627,0.271955,0.152489,0.720217,0.0952407,1.46267,0.814517,0.179743,0,0.469523,2.58437
185.806077098,0.118582,0.756678,0.166916,0,0.831448,0.0106608,1.56974,0.776916,0.133478,0.0239289,0.595887,2.29711
185.852517007,0.00547374,0.806777,0.0897356,0.0651269,0.701176,0.0245245,2.35501,0.484891,0.10252,0.0261346,0.595497,2.3858
185.898956916,0,0.870669,0,0.246809,0.556105,0.108303,3.02097,0.0748781,0.0967476,0.0336859,0.532232,2.42962
185.945396825,0,0.875317,0,0.29516,0.594497,0.178153,3.1046,0.108845,0.151392,0,0.526772,2.23569
185.991836735,0.075667,0.827563,0.0166857,0.294904,0.469589,0.12923,3.08583,0.12314,0.111671,0,0.708389,1.90849
186.038276644,0.264413,0.834889,0,0.161669,0.639152,0.0352861,2.99081,0.107285,0.0201231,0,0.763776,1.40794
186.084716553,0.0791873,0.820723,0.00202589,0.0449392,1.06757,0.0490079,2.50221,0.454177,0.0157509,0,0.283669,1.84884
186.131156463,0,0.841103,0.000636076,0.0106517,1.2391,0.0607293,1.70335,0.93074,0.018102,0,0.408568,1.90534
186.177596372,0,0.667544,0.0834304,0.00431049,1.07594,0.029548,1.09595,1.11737,0.132011,0.015526,0.750821,1.60326
186.224036281,0,0.708331,0.337809,0.122933,0.922726,0.0196738,0.774513,1.00395,0.295798,0,0.864827,1.35815
186.270476190,0,0.697036,0.444549,0.417573,0.863612,0.0266579,0.632425,0.589519,1.45844,0,0.679529,1.4345
186.316916100,0.0218588,0.582962,0.558671,0.472302,0.67913,0.0805459,0.748618,0.118505,2.69489,0,0.223526,1.47049
186.363356009,0.169367,0.443989,0.713446,0.629902,0.821818,0.102826,0.778445,0.0121321,3.04854,0,0.00882623,1.303
186.409795918,0.187544,0.318434,1.03034,0.640917,0.836511,0.0798651,0.992343,0.037127,3.18661,0,0.00521064,1.19384
186.456235828,0.455019,0.532039,1.05236,0.60456,0.818806,0.0813401,1.01195,0.0500717,3.08488,0,0.000264242,1.50603
186.502675737,0.790636,0.290087,1.02531,0.636818,0.990736,0.0977974,0.786548,0.0482536,2.86927,0,0.000165418,1.59125
186.549115646,0.852346,0.0100525,0.985567,0.6822,1.22274,0.0894606,0.839803,0.0467478,2.77736,0.0186132,0.000541079,1.51238
186.595555556,0.746613,0.15319,0.767542,0.677596,1.61351,0.0489474,0.906667,0.0397679,2.77676,0.00378793,0.081909,1.28845
186.641995465,0.49712,1.07733,0.0159431,0.690244,1.9594,0.0482308,0.589301,0.0269348,2.92194,0,0.128229,1.01594
186.688435374,0.399493,1.26422,0,0.690011,2.17926,0.0665091,0.0922154,0.0197915,2.76347,0.0257503,0.147354,1.06685
186.734875283,0.418781,1.53841,0.0121728,0.883131,1.93468,0.0858313,0.00193438,0.0181909,2.54038,0.254395,0.126131,0.907359
186.781315193,0.451857,1.66101,0.0268987,1.34641,1.31641,0.211544,0.0517181,0.0192579,2.72436,0.627952,0.00814239,0.520252
186.827755102,0.284487,1.74815,0,1.56905,1.32445,0.193911,0.0074425,0.0455553,2.81328,0.908287,0.000264969,0.382817
186.874195011,0.246184,1.94011,0,1.48869,1.31762,0.129512,0.0190007,0.0587851,2.9142,1.11971,0,0.299504
186.920634921,0.258114,1.97826,0,1.38675,1.04278,0.048625,0.0395819,0.0499134,3.18068,1.09675,0,0.179056
186.967074830,0.147398,1.84945,0,1.54818,0.887139,0.0318133,0.0332828,0.0146087,3.40074,0.965982,0,0.000379078
187.013514739,0.205124,1.89442,0.000334041,1.50836,0.502756,0.0112068,0,0.011245,3.48474,0.913283,0,0.245028
187.059954649,0.273159,1.85466,0.273844,1.393,0.0217463,0.122901,0.0485121,0.00638907,3.59566,0.822795,0.0342254,0.532138
187.106394558,0.264071,1.59783,0.421773,1.20585,0.2094,0.178932,0.0529449,0.00561348,3.59679,0.481665,0.121881,0.848708
187.152834467,0.211051,1.29016,0.475678,1.25404,0.408325,0.12315,0.000785987,0.0375913,3.2636,0.816107,0.0844753,0.975827
187.199274376,0.241382,1.35391,0.200546,1.57427,1.32976,0,0.0045695,0.10167,2.34511,1.23625,0.0796654,0.708159
187.245714286,0.345167,1.64055,0.207616,1.47458,1.0985,0.0489085,0.0647963,0.450125,2.14516,1.41655,0.0948067,0.859311
187.292154195,0.402101,1.81807,0.332773,1.16622,0.56188,0.0278148,0.109115,0.295831,2.52919,1.4201,0.0964504,0.99046
187.338594104,0.412131,2.0739,0.281894,0.843469,0.955385,0.0863972,0.0500421,0.0229154,2.89683,1.0334,0.0636153,0.696187
187.385034014,0.258402,2.04194,0.0827071,0.87515,1.52046,0.170097,0.0124143,0.154481,3.17895,0.300701,0.0983331,0.585855
187.431473923,0.196308,1.69743,0.00611388,1.12962,1.54002,0.0642083,0.0368486,0.620062,3.01,0.319523,0.140862,0.76724
187.477913832,0.204712,1.33243,0.0190039,1.28667,1.60332,0.0305402,0.0363907,0.513752,3.08264,0.301102,0.162839,0.55607
187.524353741,0.348145,1.32401,0.156691,1.51117,0.971341,0.0720419,0.0261079,0.00838694,3.13993,0.677627,0.0789405,0.135999
187.570793651,0.526643,1.84066,0,1.63487,1.06965,0.0436985,0.000347461,0.00213755,3.06836,0.888127,0.053892,0.0591091
187.617233560,0.729931,1.89094,0.0011313,1.50511,1.38737,0,0.0794471,0.00290489,2.97301,1.0127,0.0957388,0.114718
187.663673469,0.794392,1.73307,0.00605213,1.3055,1.5962,0,0.16565,0.0188647,2.82724,1.08228,0.146197,0.16343
187.710113379,0.816654,1.63636,0,1.26412,1.64007,0,0.171044,0.188706,2.90644,1.23393,0.139953,0.21127
187.756553288,0.801018,1.73807,0.00107097,1.46288,1.39224,0,0.14695,0.429797,2.84688,1.29311,0.131183,0.310458
187.802993197,0.948591,1.74039,0,1.69733,0.989074,0.00777378,0.181268,0.612513,2.28516,1.43808,0.0408211,0.511449
187.849433107,0.790657,1.78257,0,1.52952,1.17063,0.0574468,0.233438,0.566925,2.41431,0.979741,0.240363,0.452616
187.895873016,0.289731,1.75441,0.171186,1.10578,1.59648,0.121995,0.235098,0.411183,2.40439,0.82321,0.232603,0.571715
187.942312925,0.300205,1.20303,0.248702,0.526613,1.80211,0.182708,0.315278,0.0987414,2.48879,1.06857,0.139883,0.462751
187.988752834,0.872911,1.2937,0.159711,0.499603,1.79522,0.0829184,0.30156,0.0204315,2.50053,1.36404,0.134429,0.128186
188.035192744,0.87813,1.30267,0.0131264,0.903512,1.60075,0.0917826,0.088078,0.0452395,2.71493,1.42063,0.223025,0.165241
188.081632653,0.949591,1.59993,0.0102001,1.23406,1.41704,0.0957379,0,0.0988987,3.17841,0.508889,0.205289,0.529422
188.128072562,0.609593,1.71247,0.00863647,1.52556,1.62922,0.0553934,0.0133173,0.131418,3.12796,0.30438,0.208783,0.408734
188.174512472,0.218542,1.95833,0.00300702,1.43436,1.48091,0.144481,0.240168,0.0713079,2.429,0.884646,0.536619,0.26926
188.220952381,0.12698,1.50354,0.461607,0.88456,0.747946,0.10355,0.666229,0.0877946,1.85773,0.978441,0.870248,0.36237
188.267392290,0.0613179,1.59018,0.509078,0.343001,0.0430473,0.0849884,1.78652,0.39554,1.17038,0.975994,1.13712,0.0903248
188.313832200,0.156548,1.97624,0.199217,0.219881,0.0664132,0.0993016,2.36609,0.364738,0.797804,0.774687,1.01332,0.134009
188.360272109,0.123679,2.12857,0.0686496,0.325352,0.237017,0.027424,2.19332,0.109928,0.734765,0.161679,0.869523,0.148358
188.406712018,0.0674666,2.10494,0,0.439946,0.277514,0.0289096,2.23745,0.14323,0.856587,0.129358,1.26563,0.0969818
188.453151927,0.104644,1.73375,0.0169727,0.331432,0.697372,0.105803,2.52665,0.0989306,1.26218,0.0980206,1.8005,0.00341484
188.499591837,0.0586157,1.31674,0.164643,0,1.45116,0.108082,2.50446,0.0532306,1.44264,0,2.17248,0.00892296
188.546031746,0.0475327,1.38084,0.132977,0,2.44538,0.0767412,2.09443,0.0295494,1.68772,0.0328249,1.88131,0.131051
188.592471655,0.155768,1.19899,0.0340825,0.00467607,2.90063,0.0291538,1.51039,0.0309708,1.73587,0.136308,1.60067,0.295812
188.638911565,0.160451,1.48429,0.103546,7.86813e-05,2.96362,0.0162989,1.49962,0.0211755,1.22341,0.106113,1.59412,0.399939
188.685351474,0.119847,1.59705,0.136485,0,2.78304,0.0271472,1.8168,0.0175974,0.906013,0.0222795,1.40702,0.946421
188.731791383,0.0318466,1.55647,0.144807,0,2.16306,0.0144513,2.25893,0.0157393,0.920498,0.0394346,0.946842,1.43036
188.778231293,0.0685584,1.25314,0.100615,0.00276732,1.29299,0.0121142,2.30694,0.061908,0.997781,0.129586,1.23216,1.58395
188.824671202,0,1.36208,0.19687,0.0126448,1.0958,0.124474,1.81931,0.0804875,0.912435,0,1.75669,1.60973
188.871111111,0.116922,1.51333,0.128672,0.0121309,0.893141,0.0427366,1.52001,1.07502,0.569905,0,2.02219,1.40723
188.917551020,0.244592,1.32013,0.326455,0.00602537,0.415879,0.0129819,1.81451,1.65597,0.0611398,0.0457399,2.1168,0.845662
188.963990930,0.229582,0.902425,0.635128,0,0.280136,0.000910079,3.02601,1.42807,0.0123835,0.11158,2.07009,0.344679
189.010430839,0.144894,1.33028,0.464331,0,0.0712094,0,3.78002,0.45341,0.0544647,0.115903,1.98064,0.399787
189.056870748,0.00161673,1.46663,0.234336,0,0.0717563,0.00434208,3.64021,0.106625,0.0787699,0.0564097,1.84617,1.20425
189.103310658,0.0862793,1.65617,0.103592,0,0.0676384,0.008331,3.72355,0.106525,0.0709112,0,1.5017,1.20048
189.149750567,0.0293489,1.75515,0,0,0.0612835,0.0205895,3.87758,0.129838,0.217535,0,1.31001,1.14471
189.196190476,0.0576053,1.80464,0.0270237,0,0.0501693,0.0399035,3.72287,0.0623371,0.344246,0.0543015,1.22692,1.1885
189.242630385,0.163837,1.93717,0.00409621,0.0127913,0.572449,0.234785,3.28753,0.0394594,0.324888,0.0290079,1.20481,1.07294
189.289070295,0.132832,1.99251,0.00811173,0.00681653,0.933819,0.472942,2.71907,0.0331274,0.770926,0.0939824,0.9734,0.698791
189.335510204,0.200796,1.79328,0.011406,0.0870084,0.742796,0.468835,2.42596,0.00561126,1.34522,0.162774,0.756602,0.873788
189.381950113,0.234189,1.47103,0,0.152585,0.57632,0.320638,2.81124,0.0208434,1.75939,0.163368,0.608092,1.03713
189.428390023,0.164994,1.36017,0.11031,0.31531,0.466512,0.246627,2.94498,0.058719,1.85177,0.150439,0.376689,0.943379
189.474829932,0.208727,1.16017,0.0913777,0.522316,0.303892,0.346768,2.76397,0.0698949,2.03937,0.516527,0.250019,0.760971
189.521269841,0.252459,1.54946,0.0757955,0.754945,0.161485,0.246061,2.3639,0.0802756,2.01282,0.473036,0.0974273,0.0524642
189.567709751,0.314733,1.6048,0,0.815954,0,0.202053,1.7645,0.0324427,2.20141,0.156296,0.287237,0.0631919
189.614149660,0.309022,1.47207,0.0312378,0.849139,0.00550814,0.463911,1.41786,0.00175412,2.55712,0,0.536688,0.223883
189.660589569,0.260079,0.851158,0.0519397,0.943087,0,0.484214,1.37681,0.0101554,2.93786,0.0780027,0.612214,0.376307
189.707029478,1.22245,0.213604,0,1.10095,0,0.671333,0.927472,0.0389874,3.41504,0.124088,0.260354,0.308846
189.753469388,1.60079,0.559886,0.0815594,1.0353,0.11139,1.06528,1.0763,0.0710486,3.47328,0.129042,0.0416675,0.115296
189.799909297,1.71158,0.799098,0.369757,0.816694,0.353711,1.11451,1.07668,0.0875971,3.51341,0.079776,0.00313409,0.0847181
189.846349206,1.42969,1.02492,0.324103,0.818189,0.498327,1.33652,0.775079,0.111007,3.51919,0.0299907,0.00270334,0.000282556
189.892789116,1.09564,1.53687,0.19808,0.941214,0.541401,1.44576,0.0667715,0.108638,3.55804,0,0.00230951,0.000263502
189.939229025,0.90261,1.45355,0.190314,1.18994,0.532279,1.46588,0.0568939,0.0566362,3.56722,0,0.00102633,0.000219003
189.985668934,0.709439,1.6233,0.115243,1.27548,0.379581,1.67715,0,0.00282354,3.48884,0,0.0474554,0.179061
190.032108844,0.837611,1.63978,0,1.38224,0.0117111,1.9401,0,0.00952108,3.39793,0.0386234,0.128287,0.465654
190.078548753,1.21776,1.5363,0,1.33892,0,2.35589,0,0.0165536,3.12981,0.0721409,0.132572,0.332214
190.124988662,1.33864,1.33508,0.313573,1.03201,0,2.72557,0.00198236,0.0402251,3.09201,0.0658928,0.132082,0.139536
190.171428571,1.43855,1.27588,0.29217,0.839884,0.0802691,2.64109,0.0141838,0.0691772,3.42971,0.011241,0.0956047,0.000313391
190.217868481,1.48071,1.26715,0.320703,0.824313,0.134354,2.44331,0.0347463,0.0294742,3.60084,0.0195822,0.0936899,0.000325512
190.264308390,1.50231,1.54619,0.205712,0.866334,0.0103482,2.28931,0.00191875,0.00940699,3.62355,0.023415,0.099414,0.0049219
190.310748299,1.45451,1.69363,0,1.01862,0,2.30309,8.15347e-05,0.0113897,3.61817,0.0931013,0.0105483,0.0743595
190.357188209,1.40763,1.58008,0,1.39004,0.0265704,1.88595,0.0293691,0.0663958,3.55445,0.0907724,0.000608846,0.00127629
190.403628118,1.12937,1.45873,0,1.61023,0.127427,1.77702,0.0485505,0.11003,3.07969,0.047807,0.282044,0.000361345
190.450068027,0.673271,1.25027,0,1.57224,0.0653781,1.77517,0.0552816,0.11713,3.21489,0.0754479,0.430718,0.019477
190.496507937,0.550993,1.01485,0,1.69524,0.0138222,1.89637,0.056352,0.0624077,3.10549,0,0.251315,0.187944
190.542947846,0.804895,1.64306,0,1.72058,0.0217494,1.9174,0.000895946,0.00916682,2.46578,0.00392861,0.129359,0.148935
190.589387755,0.657366,1.84987,0.00292695,1.09234,0.00236777,2.13214,0,0.00222531,2.13934,0.0764083,0.13097,0.132462
190.635827664,0.884195,1.58861,0.269574,0.989019,0.0327612,2.26133,0,0.0102061,2.19065,0.10238,0.0866923,0.128315
190.682267574,1.10398,1.46976,0.579225,0.889914,0.0304545,2.28699,0.00624541,0.0632938,2.24397,0.314317,0.0577365,0.0611456
190.728707483,1.29773,1.53374,0.434929,1.06747,0.203955,2.10324,0.0124492,0.0671581,2.70371,0.407313,0.0482658,0.000373884
190.775147392,1.26341,1.59806,0.547244,0.935732,0.365598,2.116,0,0.0346649,3.16144,0.0438795,0.0717359,0.00922116
190.821587302,0.981616,1.46924,0.694737,0.683762,0.278236,2.27532,0.143081,0.0117907,3.33531,0.0213099,0.0705388,0.167975
190.868027211,0.619002,1.31329,0.941711,0.538038,0.147932,2.38927,0.0527016,0.0335968,3.4482,0.0915301,0.00292628,0.343588
190.914467120,0.811765,1.07886,0.410445,0.667348,0.125834,2.20125,0.123461,0.4572,3.39533,0.0974137,0.00222668,0.214841
190.960907029,1.16859,0.904924,0.0683205,0.63842,0.0195387,1.63599,0.540146,0.827842,2.99297,0.047635,0.00188613,0.0912622
191.007346939,1.49239,0.841832,0.122648,0.672192,0.381241,1.35836,0.278289,0.621465,3.07082,0,0.00127918,0.0560257
191.053786848,1.46569,0.561454,0.13045,0.667781,0.488564,1.38736,0.0923292,0.227244,3.47005,0,0,0.0400852
191.100226757,1.47336,0.366085,0.110089,0.481616,1.0104,1.23341,0.0782126,0,3.21645,0.0473336,0.218578,4.95076e-05
191.146666667,1.38815,0.107832,0.0180133,0.743083,1.32615,1.00993,0.110077,0,2.91982,0.106706,0.424722,0.039671
191.193106576,0.894968,0.434757,0.000192225,0.81761,1.38556,0.694003,0.106791,0,2.57106,0.0694122,0.211723,0.671247
191.239546485,0.214794,1.0311,0.00937783,0.768486,1.84928,0.167453,0.108543,0,2.38682,0.0459495,0.112385,1.05841
191.285986395,0.0801609,1.30677,0.0546354,0.745546,2.04429,0,0.105532,0.000543096,2.45586,0.0443186,0.0575723,1.36831
191.332426304,0.04717,1.10525,0.204886,0.728042,1.86546,0,0.350216,0.000994072,2.71846,0.0678776,0.0182166,1.45819
191.378866213,0.0542615,0.801171,0.113546,0.953399,1.93638,0.00365125,0.461413,0,2.84424,0,0,1.5515
191.425306122,0.0847014,0.667123,0.000209365,1.25511,1.99228,0.0296145,0.347891,0,2.81185,0,0,1.51113
191.471746032,0.0926835,0.974008,0.0258434,1.26206,2.00061,0.0276303,0.183653,0.00354131,2.89211,0.00188089,0.0154022,1.31908
191.518185941,0.122711,0.918863,0.0266121,1.21634,1.79283,0.00343301,0.0532322,0,3.0465,0.0450349,0.0265304,1.51298
191.564625850,0.177075,0.585862,0.00373192,1.1147,1.77948,0,0.0497054,0,3.09623,0.0460933,0.0694866,1.87088
191.611065760,0.216941,0.131145,0.00142666,1.0955,1.77686,0.00309743,0.217112,0,3.05113,0.0679668,0,2.03804
191.657505669,0.306364,0.116663,0.00133558,0.97009,1.85349,0,0.520344,0,3.06222,0.0158458,0.0468595,1.97194
191.703945578,0.355976,0.207168,0.0321885,1.02275,1.858,0,0.598607,5.92481e-05,3.07826,0.0386747,0.114289,1.75946
191.750385488,0.3706,0.227037,0.0985708,0.76429,1.69603,0.0343785,0.731504,0,3.12294,0.102635,0.194283,1.68695
191.796825397,0.293236,0.732294,0.00356624,0.887815,1.79378,0.194983,0.951254,0.0312462,2.5775,0.102633,0.115761,1.5873
191.843265306,0.181016,0.968368,0,1.23224,1.69324,0.0560362,0.938264,0.0673688,1.95032,0.0505063,0.24796,1.45754
191.889705215,0.306787,0.640926,0,1.12102,1.23492,0.0132759,0.815746,0.0929914,1.85021,0.0192154,0.230577,1.55659
191.936145125,0.313593,0.408199,0.00240069,1.19527,1.3131,0.0263458,0.887228,0.10515,2.18328,0.0177047,0.08527,1.3143
191.982585034,0.0492149,0.510206,0,1.20778,1.48219,0.0479075,0.881785,0.0932358,2.67028,0.132076,0.0753597,1.25721
192.029024943,0.0143253,1.03022,0.0610289,1.0053,1.78761,0.0166084,0.863815,0.0184231,2.91274,0.17561,0.113677,0.969354
192.075464853,0.029191,0.738429,0.112339,0.832681,1.37111,0.0336811,1.23265,0.0382626,2.99107,0.108177,0.167972,0.99999
192.121904762,0.0329284,0.259564,0.202178,0.664843,1.22592,0.0184839,1.19632,0.0382447,3.24769,0.105965,0.128763,0.945704
192.168344671,0.0551141,0.120087,0.173198,0.760345,1.36882,0.0342495,1.28467,0.087178,3.22792,0.153312,0.090372,0.800308
192.214784580,0.104651,0.163655,0.420048,0.771072,1.45551,0.0558396,1.10866,0.0901691,2.84929,0.292554,0.0756019,0.665597
192.261224490,0.155076,0.176585,0.835481,0.720821,1.55652,0.0737426,0.993964,0.0320319,2.38709,0.257158,0.0942536,0.715195
192.307664399,0.208113,0.127999,1.18507,0.6752,1.51624,0.0779602,0.81895,0.0160627,2.23701,0.23971,0.0902952,0.966365
192.354104308,0.0950502,0.122804,1.10079,0.741843,1.29067,0.0618418,0.976002,0.285646,2.15042,0.104247,0.0122887,1.18622
192.400544218,0.0903548,0.134217,0.0754744,1.32354,0.678421,0.00993575,1.01202,0.991054,1.62461,0.0955153,0.466952,1.14354
192.446984127,0,0.224733,0,1.72365,1.24741,0.010276,0.789358,1.08223,1.53202,0.0698328,0.619998,0.970647
192.493424036,0,0.707493,0.118203,1.71907,1.78111,0.0228701,0.648356,0.869338,1.3552,0.335887,0.519553,0.708257
192.539863946,0.308358,1.53014,0.287491,1.2368,2.04251,0.0475455,0.627378,0.309947,1.94405,0.0769964,0,0.357256
192.586303855,0.820048,1.46322,0.0541074,1.34452,1.7269,0.0385483,0.554927,0.415952,1.79835,0.0206782,0.269859,0.0626283
192.632743764,1.10952,0.946846,0.00414234,1.48535,1.00784,0.0198212,0.284492,0.396534,1.80748,0.755406,0.52829,0.00028254
192.679183673,1.17395,0.987818,0.00473611,1.63523,0.876937,0.0431067,0.0750358,0.345576,1.40215,0.893698,0.652045,0.000318899
192.725623583,1.08154,1.2389,0.00513312,1.8812,0.886052,0.0969058,0.00174901,0.174916,1.82015,1.06453,0.432833,0.000168993
192.772063492,0.43051,1.52586,0.00283408,1.83599,0.891309,0.0543598,0,0.0346813,2.5944,1.06956,0.0348551,4.76959e-05
192.818503401,0.181518,1.45366,0.17457,1.67591,0.851207,0.00184615,0,0.0298378,3.04147,0.974342,0.0415125,0
192.864943311,0.265083,1.21491,0.441421,1.5812,0.720232,0,0.00691901,0.0195137,3.36586,0.950831,0.0437872,0
192.911383220,0.202772,1.2768,0.408092,1.59779,0.742992,0,0.0233609,0.00592405,3.56587,0.875924,0.0479182,0
192.957823129,0.174947,1.39308,0.126737,1.4185,0.854179,0,0.00843329,0,3.70701,0.68209,0.0375625,0
193.004263039,0.166489,1.34008,0.00380181,1.05599,0.757795,0.34131,0,0.00523086,3.80018,0.4841,0.0237249,0.346469
193.050702948,0.197115,1.3367,0.000260698,0.952386,0.73745,0.419646,0,0.0111266,3.65185,0.630016,0,0.729198
193.097142857,0.252404,1.19145,0.0819497,1.18851,1.19003,0.111475,0,0,3.3637,0.873803,0.00264254,0.66843
193.143582766,0.440623,1.19483,0.0266455,1.36089,1.24077,0,0,0.00599385,3.08474,1.05914,0.00092447,0.672323
193.190022676,0.463726,1.41656,0.0345623,1.47645,0.590677,0.0510197,0,0.0212128,2.94614,1.22698,0.0192844,1.02802
193.236462585,0.566547,1.701,0.0336772,1.25183,0.672101,0.118317,0.0144788,0.46401,2.68729,1.20789,0.122736,1.01071
193.282902494,0.873938,1.7241,0.0174134,1.02459,1.47764,0.158575,0.0670626,0.713643,1.75796,1.13701,0.092374,0.541344
193.329342404,0.530998,1.73488,0,0.875573,1.88471,0.152443,0.0309573,0.424365,1.86723,1.43715,0.104932,0.297211
193.375782313,0.449393,1.47983,0.00529248,1.0675,1.86171,0.0183852,0.0417688,0.173579,1.61617,1.57952,0.131558,0.228725
193.422222222,0.336934,1.32976,0.0378565,0.99164,1.90324,0.0317435,0.0406703,0.0426187,2.07485,1.60301,0.148361,0.0951828
193.468662132,0.292792,1.43258,0.0321846,0.837909,1.48941,0.0369752,0.0104387,0,2.53722,1.3184,0.101375,1.72121e-06
193.515102041,0.480983,1.86914,0.0104222,0.977168,1.56104,0,0,0,2.42858,1.10767,0.104408,0.0836727
193.561541950,0.669345,1.83118,0,0.845519,1.61987,0.00537996,0.0401279,0,2.73628,1.09583,0.114634,0.145699
193.607981859,0.706901,1.68567,0,1.03608,1.58532,0.0492619,0.0305943,0.00327419,2.92977,1.15033,0.112719,0.16606
193.654421769,0.701168,1.60271,0,1.30659,1.42976,0,0.0186016,0.061335,3.09344,1.19826,0.106607,0.153169
193.700861678,0.672533,1.53088,0.0272713,1.56511,1.15152,0.0152234,0.0194205,0.0617726,3.06921,1.12316,0.0789907,0.230158
193.747301587,0.584105,1.36453,0.39485,1.60275,0.893588,0.105882,0.00755506,0.186511,2.98583,1.10035,0.119401,0.195025
193.793741497,0.430287,1.2116,0.377646,1.24077,1.06205,0.274767,0.00196607,0.872601,2.85855,1.15213,0.104844,0.205528
193.840181406,0.0249805,1.68131,0.203837,0.821586,1.55872,0.147072,0.642309,1.11883,2.21719,1.03593,0,0.360029
193.886621315,0.074445,1.7342,0.174057,0.321192,1.89315,0.161808,1.14331,0.383666,2.4462,1.10101,0,0.300127
193.933061224,0,1.53329,0.0263008,0.585611,1.74755,0.094222,0.930289,0.0490155,2.76256,1.32698,0,0.325037
193.979501134,0,1.5781,0,1.16663,1.20742,0.380368,0.346889,0.0468745,2.85306,1.15408,0.0526301,0.436013
194.025941043,0,1.47346,0,1.58366,1.38492,0.196927,0.0180987,0.039217,3.0889,1.09692,0.246504,0.283968
194.072380952,0.0827652,1.13147,0.0285404,1.40097,1.63622,0.0223805,0.053697,0.0210064,2.97993,1.07651,0.580859,0.224716
194.118820862,0.30187,0.36478,0.354854,0.709475,1.63286,0.0346039,0.57593,0.0763496,2.58456,0.769481,1.16019,0.167026
194.165260771,0.30094,0,0.560731,0.588804,1.30897,0.030612,1.26909,0.146997,2.12099,0.436386,1.30629,0.156501
194.211700680,0.255505,0.207063,0.512258,0.761979,0.175634,0.0405967,2.19119,0.37722,1.23934,0.185011,1.83783,0.2783
194.258140590,0,1.05431,0.309368,0.39331,0.0063653,0.0429109,2.85675,0.817571,0.481379,0.0994632,2.14618,0.111224
194.304580499,0,1.78657,0.114442,0.161073,0.0225627,0.0408128,3.30272,0.494867,0.19131,0,2.33414,0.00129402
194.351020408,0,2.00816,0,0,0.752949,0.0631961,3.50132,0.161015,0.255152,0,2.50082,0.000665126
194.397460317,0,2.12832,0,0,1.22675,0.073714,3.29952,0.120406,0.449179,0,2.60557,0.000531294
194.443900227,0,1.94917,0.32163,0,2.2113,0.0464972,2.92079,0.11216,0.86339,0,2.42931,0.052989
194.490340136,0,1.82799,0.187854,0.0128039,3.18164,0.0451421,2.44317,0.318782,0.793535,0.0186737,1.64263,0.424136
194.536780045,0,1.32913,0.0641864,0,3.31999,0.0407283,1.84708,0.372606,0.582359,0.0197999,1.95868,0.470118
194.583219955,0.0606276,1.02193,0.191102,0,3.1232,0.02861,1.9233,0.044827,0.82859,0.00823181,2.21543,0.363548
194.629659864,0.121833,1.05831,0.20138,0,3.02374,0.0239076,1.80428,0.00534741,1.13901,0.0081789,2.1096,0.389205
194.676099773,0.116366,1.26313,0.190707,0,3.1817,0.0249196,1.25801,0.0040349,1.28633,0.0739413,1.7701,0.672067
194.722539683,0.155493,1.24934,0.149332,0,3.19314,0.0177418,1.39257,0.00370278,0.935278,0.121683,2.09322,0.785478
194.768979592,0.172479,1.29121,0.0418617,0,2.81187,0.00412332,2.04355,0.0658793,0.604015,0.0461426,2.44032,0.273017
194.815419501,0.231081,0.870448,0.103167,0.228845,1.17443,0.0231568,2.3578,0.0694577,0.678745,0.332738,1.92701,0.463485
194.861859410,0.502,0.510085,0.385066,0.891498,0.0268574,0.0520011,1.7132,0.15356,0.492702,0.47332,0.763528,1.13104
194.908299320,0.334575,0.500324,0.307591,0.820344,0.0473693,0.0704646,1.75363,0.336229,0.262456,0.530328,0.246111,1.30677
194.954739229,0.0629408,1.26953,0.232915,0.311169,0.0940354,0.0394487,2.49097,0.16647,0.087675,0.13709,0.853958,1.10764
195.001179138,0.047045,2.20968,0.131419,0,0.143045,0.036312,2.29729,0.0466102,0.0194581,0,1.86247,0.652631
195.047619048,0.102929,2.20606,0.264981,0,0.0908531,0.0404927,2.63298,0.00757976,0.0186711,0.0348776,1.92846,0.551685
195.094058957,0.24919,1.7883,0.541704,0,0.137865,0.0386184,2.8156,0.00955774,0.392005,0.0855535,1.84588,0.567298
195.140498866,0.143878,1.77896,0.601072,0.13812,0.430814,0.0192782,3.34676,0.0454694,0.455346,0.0468479,1.92747,0.0824888
195.186938776,0.105083,1.88521,0.557685,0.148217,0.348462,0.00267192,3.46852,0.079111,0.706863,0.306355,1.58625,0.0274941
195.233378685,0.136586,2.00463,0.507044,0.0828801,0.177372,0.00990264,3.3655,0.0287947,1.63809,0.450782,0.90198,0.0726428
195.279818594,0.0499978,1.85115,0.359752,0.148484,0.0300832,0.0169978,3.20893,0.0451484,2.04796,0.296766,1.03263,0.700794
195.326258503,0.100264,1.36509,0.826481,0.173409,0.00609059,0.0568256,3.26966,0.154657,1.95206,0.0783174,1.1236,0.892435
195.372698413,0.19071,1.74289,0.714179,0.233489,0,0.192643,3.06657,0.0446682,1.59806,0.119693,0.617579,0.894154
195.419138322,0.35063,2.04351,0.288976,0.513141,0,0.00598209,2.63686,0.0841731,1.41006,0.400645,0.260471,0.871571
195.465578231,0.478505,2.07259,0.0412065,0.731835,0.0030057,0.0442914,2.01363,0.0631382,1.2231,0.481916,0.000569926,0.661567
195.512018141,0.511767,1.73962,0.0554469,0.719743,0.0071561,0.0830108,1.93996,0.0207824,1.30356,0.328177,0.202412,0.276662
195.558458050,0.579977,0.647293,0.00642075,0.656016,0.0218895,0.1352,1.8754,0.00611884,1.97313,0.386811,0.569795,0.608648
195.604897959,0.606511,0.550024,0.0752419,0.549094,0.0849807,0.615235,1.24934,0.00959611,2.41002,0.0851903,0.243831,0.734784
195.651337868,0.640122,0.643201,0.122218,0.502815,0.110293,1.09012,0.279153,0.0187855,2.64974,0,0.463889,0.889717
195.697777778,0.846508,0.956998,0.0874749,0.521986,0.0790019,1.32462,0.0181264,0.022895,3.04051,0.000955373,0.547566,0.882114
195.744217687,0.969536,1.43007,0.00519332,0.614448,0.0208536,1.58903,0.0106061,0.0145275,3.24542,0.00112734,0,0.407529
195.790657596,0.821232,1.72929,0.00489866,0.733713,0.00194146,1.77026,0.017927,0.00863784,3.20419,0.000625225,0,0.000583941
195.837097506,0.529899,1.7919,0.00473008,1.29025,0.0362317,1.96538,0.0127166,0.00554215,3.20093,0,0.000235709,0.109214
195.883537415,0.411832,1.64482,0.00788595,1.33369,0.0905616,2.08888,0.0101075,0.00329096,3.23997,0,0.000953528,0.313389
195.929977324,0.472858,1.51557,0.00937918,1.19112,0.128242,2.02047,0.0245415,0.00719635,3.39976,0,0.00145525,0.346755
195.976417234,0.672244,1.52714,0.0555513,1.10225,0.133476,1.84351,0.0183458,0.0417723,3.48952,0.00682567,0.00117894,0.229152
196.022857143,1.01698,1.57242,0.0674948,0.762261,0.0619062,1.75389,0.00299646,0.0232243,3.36772,0.0954858,0.000406638,0.177373
196.069297052,1.23313,1.6075,0.00397277,0.704773,0,1.95398,0.00704649,0.00690078,3.12508,0.0458127,0.00454087,0.0908824
196.115736961,1.40791,1.59609,0.00350243,0.82219,0.0118439,2.28562,0,0,2.86833,0.012889,0.023554,0.115298
196.162176871,1.38055,1.50607,0.00106498,1.0874,0.00173838,2.27017,0,0,2.75748,0.051273,0.0630701,0.191778
196.208616780,1.34638,1.56059,0.000677301,1.28925,0,2.1311,0,0.00931599,3.05462,0.079566,0.0792214,0.110235
196.255056689,1.37888,1.67094,0.00565461,1.29728,0,1.86676,0.0177217,0.0620921,3.24892,0.0566427,0.0486051,0.05989
196.301496599,1.27928,1.61685,0.157647,1.266,0.241994,1.70214,0.036233,0.0846791,3.12207,0,0.00236116,0.000152246
196.347936508,1.26197,1.40576,0.1124,1.43408,0.210645,1.595,0.0402428,0.117241,2.62635,0.280623,0.0011735,0.0258475
196.394376417,1.03068,1.12899,0.0342722,1.46749,0.182297,1.55445,0.0677976,0.0928079,2.79914,0.21537,0.0590944,0.0718037
196.440816327,0.864266,1.25239,0.056479,1.55262,0.0709749,1.51445,0.0412336,0.00660355,2.99519,0,0.155853,0.158
196.487256236,1.05101,1.78714,0.0117478,1.39742,0.036249,1.517,0.000515222,0.00342663,2.71715,0,0.0224613,0.241104
196.533696145,0.978849,1.9698,0.0424026,0.98374,0.000543181,1.81418,0,0.00347862,2.65236,0.0290987,0.0761676,0.354269
196.580136054,0.668672,2.07104,0.0424435,0.888799,0,2.19943,0,0,2.85305,0.0578003,0.0789392,0.205375
196.626575964,0.268966,2.36859,0.0102157,0.773409,0.0140354,2.1138,0.0803526,0.054255,2.93827,0.0101411,0.098292,0.0608146
196.673015873,0.309528,2.29684,0.000109832,0.790704,0.144919,2.0109,0.182307,0.0371336,2.89181,0.00416402,0.0692275,0.033155
196.719455782,0.363346,2.15077,0,1.05967,0.12773,1.86725,0.0153973,0.00608454,2.77509,0,0.0903642,0.0511018
196.765895692,0.611521,1.8655,0,1.2603,0.109927,1.83183,0.00595834,0,2.87256,0.0361561,0.0160198,0.0815997
196.812335601,0.950411,1.74418,0.0373498,1.18129,0.0724242,2.093,0.00700235,0.00549449,2.98092,0.108266,0.00360511,0.0115208
196.858775510,1.1375,1.68699,0.097084,0.880625,0.0174258,2.12342,0.0380685,0.0513322,3.16999,0.0818533,0.00452005,0.000292488
196.905215420,1.13028,1.63125,0.00976281,0.535771,0,1.92107,0.369957,0.160424,3.13395,0.310138,0.0041994,0.000149483
196.951655329,1.129,1.54273,0.0764352,0.662973,0,1.72974,0.91305,0.05716,3.10415,0.232943,0.0363203,3.00673e-05
196.998095238,1.19329,1.37097,0.177728,0.65523,0.0176578,1.55501,1.25496,0.0253385,2.9908,0.0154256,0.086451,0.108014
197.044535147,0.762152,0.866805,0.164671,0.944025,0.688246,1.21706,0.981834,0,3.18676,0,0.000962248,0.444866
197.090975057,0.895301,0.326174,0.040386,0.868817,1.27315,0.267095,0.809483,0.00750065,3.29428,0.028135,0,0.416454
197.137414966,0.442869,0.354657,0.0444607,0.658997,1.69471,0.0353908,1.0077,0.0196334,3.0868,0.0924341,0,0.669951
197.183854875,0.121088,0.596726,0.0686765,0.599643,1.84831,0.0398868,0.893063,0.0115147,2.93936,0,0.069303,0.965383
197.230294785,0.131179,0.605732,0.0804102,0.795015,1.56778,0.0332776,0.827572,0.00429606,2.76319,0,0.124908,1.18909
197.276734694,0.10651,0.877118,0.11298,0.936806,1.37722,0.0161142,0.915115,0.00220359,2.83396,0.00909464,0.107965,1.25454
197.323174603,0.0931591,0.881339,0.055894,0.939772,1.44551,0.00989828,0.910546,0,3.05186,0.0124889,0.086426,1.29238
197.369614512,0.10342,0.680139,3.21871e-05,1.07682,1.42887,0.0202087,0.688881,0.00226508,3.1801,0.0122419,0.0794768,1.33645
197.416054422,0.13848,0.0569334,0.0214335,1.33482,1.50223,0.0368264,0.334843,0.00135441,3.12569,0.0100692,0.0564188,1.27774
197.462494331,0.230848,0.0786574,0.00643296,1.48464,1.63802,0.16746,0.0937531,0,2.81675,0,0.0216281,1.35169
197.508934240,0.23256,0.208539,0.00270052,1.38437,1.60996,0.00874448,0.0969109,0.0310073,2.88809,0,0,1.53652
197.555374150,0.292516,0.327165,0.00317689,1.18212,1.63592,0.0313331,0.0565423,0,2.97389,0,8.65944e-05,1.92979
197.601814059,0.357612,0.491036,0.0419766,0.935521,1.52892,0,0.0637534,0,2.89465,0,0.0770531,2.18699
197.648253968,0.368199,0.577145,0.159997,0.868393,1.10614,0.030236,0.313979,0.105666,2.59938,0.0472886,0.128064,2.35507
197.694693878,0.349566,0.84994,0.349067,0.820498,0.992015,0.30804,0.65736,0.0364891,2.32842,0.0704703,0.0362991,2.15657
197.741133787,0.228383,0.903792,0.0941127,0.873651,1.06254,0.161032,0.970003,0.0780398,2.08967,0.0117656,0.00245146,2.22576
197.787573696,0.225625,0.846778,0.0169212,0.852902,0.950568,0.522211,0.954554,0.0890917,1.96607,0,0.00190616,2.40131
197.834013605,0.206856,0.744748,0,0.71226,0.912468,0.744307,0.646487,0.0918987,2.07587,0,0.000846517,2.36826
197.880453515,0.426444,0.62268,0,0.839105,0.991748,0.275859,0.905992,0.0827765,2.07858,0.0589589,0.0528684,2.0599
197.926893424,0.400848,0.546917,0.283123,0.836201,1.07322,0.0816483,1.29293,0.00794109,2.21712,0,0.185211,1.89175
197.973333333,0.210752,0.526357,0.420668,1.02345,1.08557,0.118513,1.26152,0.00801877,2.11097,0.0298847,0.0884193,1.71308
198.019773243,0.216302,0.496675,0.263495,0.773902,0.976353,0.025138,1.09035,0.0111637,2.28541,0.0976118,0.10872,1.42363
198.066213152,0.233044,0.557289,0.140025,0.529137,1.13889,0.0177222,0.911939,0.0284745,2.36816,0.178317,0.112322,0.991702
198.112653061,0.248113,0.77442,0.119337,0.654049,1.11939,0.00463509,0.799887,0.0830311,2.17727,0.251533,0.104902,0.848412
198.159092971,0.205115,0.69767,0.229732,0.801634,0.945484,0.105641,0.776353,0.0517868,2.17107,0.408446,0.085003,0.846519
198.205532880,0.271978,0.544521,0.616891,0.829045,0.993387,0.0516737,0.602692,0.015046,2.18002,0.360821,0.111768,0.843247
198.251972789,0.257886,0.736928,1.03469,0.824115,0.947691,0.0399025,0.467168,0.0250368,2.15069,0.0710465,0.0692493,1.02801
198.298412698,0.18114,0.938781,1.02007,0.841192,0.811908,0.0162233,0,1.02046,2.19888,0.130111,0.0140234,1.30626
198.344852608,0.103131,0.634858,0.864208,0.943645,1.14254,0.00983443,0.0219995,1.24113,2.36008,0.0757669,0.0239842,1.29865
198.391292517,0.0154352,0.220109,0.523523,1.2681,1.49709,0.0258969,0.0416293,1.34752,2.53085,0.00853805,0.0251561,1.52783
198.437732426,0,0.249141,0.113944,1.40757,1.75673,0.0501344,0.0368231,0.859099,2.61753,0.00148263,0.107946,1.86151
198.484172336,0.0256431,0.577894,0.00392791,1.54622,1.87765,0.0475613,0.393511,0.0516288,2.42135,0.0431021,0.106966,1.71001
198.530612245,0.227202,0.515675,0.000319204,1.48329,1.48401,0.0988058,0.378731,0.199655,1.80199,0.5599,0.149239,1.38386
198.577052154,0.186503,0.383698,0.0421404,1.62007,1.00749,0.222005,0.438392,0.0876744,1.3881,0.923822,0.297742,1.16344
198.623492063,0.143216,0.0492239,0.00221454,2.20788,0.490617,0.126017,0.583741,0.0809034,2.01962,1.08131,0.257913,0.912772
198.669931973,0.12641,0.235815,0.00308406,2.86056,0.342309,0.0115402,0.640417,0.0544765,2.12032,0.975833,0.112899,1.20758
198.716371882,0.10748,0.519423,0.00434897,2.61424,0.0275543,0,0.888215,0.0331061,2.67369,0.617499,0.0142325,1.57542
198.762811791,0.151178,0.689852,0.0548756,2.18694,0.0131046,0.000935258,0.939231,0.0352366,3.12773,0.00363569,0.0569629,1.60239
198.809251701,0.137982,0.690305,0.0863458,1.87988,0.00711325,0,0.991971,0.0276549,3.20946,0.00117298,0.191188,1.60934
198.855691610,0.108133,0.635816,0.0440251,2.15346,0,0.124826,0.959199,0.00986722,3.04342,0.0430659,0.120475,1.5209
198.902131519,0.0581853,0.690456,0.00145887,2.53951,0.00109944,0.117787,0.903412,0,2.56415,0.746853,0.0690575,1.26069
198.948571429,0.0674736,0.7267,0.000281577,2.68851,0.00965003,0.037778,0.638186,0.00535157,2.24626,1.31055,0.10536,1.12399
198.995011338,0.120676,0.580474,0,2.56659,0.0369539,0,0.497021,0,2.29639,1.29913,0.0650529,1.25379
199.041451247,0.172558,0.317833,0,2.40524,0.023108,0,0.621519,0,2.79483,0.651655,0.0031661,1.8947
199.087891156,0.37564,0.284306,0.00062484,2.32639,0.0615413,0.101981,0.745033,0.0570369,3.13875,0.024822,0.00442373,2.103
199.134331066,0.360403,0.600906,0,2.30307,0.0161451,0.200917,0.63493,0.073385,3.21881,0.0890113,0.00433073,2.17106
199.180770975,0.218312,0.76294,0,2.15528,0.037838,0.243997,0.68729,0.0716658,3.17099,0.0598384,0.0331893,2.18754
199.227210884,0.153759,0.318295,0,2.19055,0.0277234,0.304861,0.913271,0.0637773,3.00085,0,0.00637889,2.23527
199.273650794,0.0791692,0.182107,0.0165935,1.94863,0.0157092,0.347824,1.03654,0.0875957,2.32878,0.288276,0,2.03103
199.320090703,0.0991433,0.224559,0.0528695,1.56737,0.0648954,0.39179,1.15109,0.0811636,1.59602,0.692301,0.394699,1.72669
199.366530612,0.23318,0.147104,0.000388685,1.94833,0.0952385,0.114394,1.00059,0.0746814,1.01654,0.98677,0.207445,1.89826
199.412970522,0.229499,0.175996,0,2.24775,0.0283961,0.0414234,1.01464,0.179336,1.058,0.999919,0.0016457,2.47635
199.459410431,0.370632,0.275962,0.000176306,2.63658,0.0695966,0.00352748,1.52553,0.196151,1.16195,0.137051,0.114096,2.44528
199.505850340,0.319356,0.202593,0,2.37573,0.0273895,0.0233906,1.49229,0.252367,1.81263,0.0523542,0.13925,2.40893
199.552290249,0.294888,0.206936,0,2.2804,0.0298128,0.107548,1.28654,0.10072,2.76118,0.058791,0.146911,2.56462
199.598730159,0.202216,0.325539,0.000896741,2.30879,0.239291,0.103806,1.36789,0.0709611,2.87138,0,0.104749,2.48951
199.645170068,0.220345,0.603179,0.00886612,2.03768,0.143021,0.0304152,1.40101,0.0468408,2.55558,0,0.076819,2.61701
199.691609977,0.219657,0.791279,0.0558049,1.87826,0.118567,0.0343524,1.48932,0.0967861,1.85573,0,0.0803856,2.55068
199.738049887,0.117337,0.498378,0.122216,2.09262,0.185792,0.110981,2.17274,0.318461,0.749615,0.0595729,0.529623,2.11356
199.784489796,0.0424231,0.375095,0.181227,2.32082,0.178002,0.282474,2.3897,0.205281,0.178728,0.0834876,0.783099,2.29542
199.830929705,0.0289449,0.560129,0.0846201,2.42968,0.159989,0.637159,1.86615,0.311693,0.254095,0.0489356,0.573387,2.22063
199.877369615,0.0841244,0.661649,0.0342089,2.542,0.22077,0.815671,1.44701,0.329297,0.353869,0,0.484307,2.36055
199.923809524,0.0652477,0.947533,0.360525,2.2244,0.0676931,0.782708,0.972978,0.329657,0.343861,0,1.07134,2.45166
199.970249433,0.0791812,1.13937,0,2.27507,0.0150281,0.768402,0.546415,0.238173,0.876088,0.375928,1.04342,1.98852
200.016689342,0.19405,0.462582,0.278619,2.02595,0.00971898,0.510067,0.623416,0.142048,1.29233,0.513471,1.15051,1.27583
200.063129252,0.229255,0.0305651,0.41559,1.75383,0.0636224,0.148585,0.845256,0.282005,1.15689,0.515271,1.39956,1.26584
200.109569161,0.292516,0.115876,0.499374,1.23265,0.0834972,0.0536619,1.21509,0.490544,0.852187,0.414781,1.6906,1.16113
200.156009070,0.075148,1.44895,0.211247,0.499864,0,0.0325041,1.52301,0.925238,0.484953,0.388274,1.72617,0.70583
200.202448980,0.00676982,2.2569,0,0,0.205273,0.0554304,1.43054,0.844661,0.161728,0.124407,1.6454,0.350297
200.248888889,0,2.23441,0,4.03741e-05,0.446312,0.07044,1.51021,0.533827,0.125975,0.06654,1.80584,0.0545983
200.295328798,0,2.37283,0,0,0.358684,0.0670947,1.65263,0.30244,0.446512,0.0648339,2.05109,9.75031e-05
200.341768707,0,2.52753,0,0.00518988,1.22818,0.0148856,1.4464,0.166088,0.83465,0.0239724,1.98074,4.18371e-05
200.388208617,0,2.72206,0,0.0217032,2.37257,0.212222,0.795702,0.143653,1.23552,0.000110127,1.64192,0
200.434648526,0,1.68232,0.114833,0,2.8338,0.153311,0.851361,0.124941,1.54162,0.00557811,1.32917,0.276736
200.481088435,0.00901198,1.14183,0.125649,0,2.98712,0.00881077,1.05573,0.103879,1.51963,0.00596674,1.37175,0.510474
200.527528345,0.126795,1.34059,0.135189,0,2.98735,0.0146068,1.3641,0.0477939,1.19353,0,1.47853,0.716964
200.573968254,0.16055,1.47687,0.108275,0,3.12657,0,1.47694,0.0389796,1.05649,0.00338767,1.34921,0.951668
200.620408163,0.16194,1.49237,0.0940741,0,3.14036,0,1.26354,0.0498364,1.18831,0.00577164,1.32189,1.07794
200.666848073,0.168487,1.62826,0.107853,0.000642634,3.00055,0,0.969723,0.034849,1.45179,0.0450423,1.51749,0.96268
200.713287982,0.169695,1.65475,0.100372,0,2.60649,0.0307566,0.739474,0.0974999,1.40366,0.0395369,1.40435,1.18085
200.759727891,0.330937,2.10412,0.0634095,0.0900866,1.75117,0.238248,0.801647,0.0786742,1.32271,0.0321342,1.23577,0.902386
200.806167800,0.599179,2.39999,0.000496601,0.63628,0.867751,0.243396,1.23754,0.079272,0.828491,0.00695407,1.41198,0.723668
200.852607710,0.486016,2.39726,0,0.759713,0.475683,0.143784,2.14949,0.0836731,0.572714,0.00192678,1.33755,0.558961
200.899047619,0.136149,2.34808,0,0.708852,0.343428,0.00754122,2.81269,0.0705997,0.742497,1.45084e-05,1.34065,0.46156
200.945487528,0.153466,2.19338,0,0.901167,0.0131276,0.0160917,2.83145,0.0529859,0.900302,0,0.922623,0.744855
200.991927438,0.259143,2.24035,0,0.938169,0.0130022,0.0153049,2.98288,0.0412694,0.530124,0,0.592994,1.18551
201.038367347,0.229145,2.51004,0,0.769259,0.0147721,0.0168723,2.93418,0.0509998,0.468941,0,0.824276,1.17712
201.084807256,0.31311,2.45,0,0.598303,0.0643634,0.0168171,3.14876,0.0714909,0.782538,0,0.860462,0.690285
201.131247166,0.279846,2.23608,0,0.803044,0.137567,0.100443,2.60879,0.134013,0.904386,0.249263,0.650349,0.766416
201.177687075,0.385663,1.73974,0.0373842,1.14101,0.111213,0.339845,1.92129,0.260704,0.866759,0.513228,0.440023,0.815355
201.224126984,0.55202,1.55008,0.0878363,1.11892,0.0841094,0.392777,1.81163,0.191082,0.547146,0.561199,0.380323,0.702253
201.270566893,0.730854,1.81941,0.249195,0.44271,0.283608,0.805181,2.12753,0.0626732,0.622381,0.538556,0.104578,0.405346
201.317006803,0.662454,1.64033,0.0594074,0.107387,0,1.02496,2.05017,0.0574297,0.731693,0.775001,0.000331523,0.633099
201.363446712,0.53067,1.5877,0,0.213778,0,0.943388,1.73304,0.0621556,0.779576,0.70188,0.00209731,0.850299
201.409886621,0.420287,1.5977,0,0.328571,0,0.928566,1.61867,0.0654933,0.887012,0.419427,0.0121666,0.869682
201.456326531,0.374444,1.8533,0,0.494478,0,0.745761,1.48132,0.0322063,0.773201,0.298761,0.204582,0.792575
201.502766440,0.361218,2.13718,0.0657972,0.663416,0,0.295367,1.56097,0.114968,0.761872,0.159894,0.599406,0.419293
201.549206349,0.378832,2.24744,0.177837,1.09012,0,0.0614098,1.19613,0.268119,1.22869,0.0721946,0.442259,0.324445
201.595646259,0.629207,2.26382,0.187457,1.40898,0,0.926245,0.187979,0.252662,1.92908,0.0937439,0.20893,0.41611
201.642086168,0.696905,2.18626,0.196494,1.72471,0,1.21453,0.0263085,0.0924763,2.49737,0.0799469,0.0205442,0.555829
201.688526077,0.710649,1.95298,0.0867449,1.62666,0,1.16786,0.0320126,0.104903,2.67888,0.2,0.00245469,0.939153
201.734965986,0.600718,1.80226,0,1.63678,0.00429888,1.09152,0.0474441,0.101514,2.72917,0.0704728,0.00248418,1.20717
201.781405896,0.5718,1.72648,0,1.53244,0.015979,1.10683,0.0566141,0.0329426,2.78441,0,0.00210489,1.07022
201.827845805,0.44681,1.98116,0.00136981,1.54722,0.0186293,1.08352,0.00689813,0,3.27138,0.000955933,0.00604202,0.571337
201.874285714,0.392235,2.18931,0.0006165,1.65795,0.0193977,1.09567,0,0,3.43503,0.0268788,0.0359899,0.137553
201.920725624,0.36195,2.32216,0,1.68478,0.00964871,1.08128,0,0.00214495,3.41378,0.0899878,0.0491803,0.222323
201.967165533,0.690197,2.23734,0,1.3828,0.00533591,1.07295,0.00158835,0.00546177,3.29875,0.0875777,0.0694361,0.277368
202.013605442,1.03595,2.30965,0.000419483,1.19255,0.040111,0.94748,0.0057488,0.0431331,3.26024,0.00295945,0.110492,0.113634
202.060045351,1.03574,2.40293,0.00122043,1.30012,0,0.7324,0,0.02442,3.19533,0,0.11718,0.290367
202.106485261,0.927821,2.36746,0,1.76397,0,0.380757,0.147136,0.00977658,3.11681,0,0.0726923,0.377867
202.152925170,0.564613,2.41511,0.0197921,1.96238,0.0153826,0.219436,0.203433,0.00610678,3.24067,0.0426218,0.00408896,0.243432
202.199365079,0.194351,1.88176,0,1.77609,0.433221,0.521814,0.0172131,0.0427493,3.39387,0.0227293,0.00380222,0.363404
202.245804989,0.558962,1.04098,0,1.29441,0.49779,0.597297,0.0361376,0.0697502,3.35365,0.101146,0.00306486,0.918285
202.292244898,0.57631,0.535215,0.266401,1.244,0.455152,0.557861,0.110245,0.0576932,3.15266,0.148592,0.00261158,1.31319
202.338684807,0.927886,0.757809,0.268227,1.0114,0.401963,0.705377,0.147084,0.00135408,3.2909,0.023911,0.00262121,1.51092
202.385124717,0.84416,1.34224,0.184581,1.06348,0.223079,0.664106,0.00353658,0,3.33465,0,0.0280931,1.31926
202.431564626,0.455328,1.63559,0.275197,1.65459,0.0994701,0.784468,0.118271,0.00355411,3.27122,0.0251093,0.0374081,1.00253
202.478004535,0.0101058,1.62849,0.302522,1.99839,0.0474424,0.932478,0.0629203,0.00419195,3.44351,0.0683652,0.0419779,0.775895
202.524444444,0.0300866,1.31354,0.00864155,2.29583,0.0270787,1.1369,0.00918063,0.0477324,3.45903,0.0704999,0.0230779,0.737604
202.570884354,0.719149,1.19226,0,2.3272,0,1.24028,0.0262185,0.0759385,3.36619,0.0382375,0.00329892,0.727118
202.617324263,1.16197,1.28103,0.00304385,2.26334,0,1.11862,0.037416,0.0742102,3.12021,0.013405,0.00274898,0.463747
202.663764172,1.17469,1.42423,0.0697979,1.93126,0.0581727,1.02643,0.0511549,0.0720535,2.75462,0,0.00208769,0.188283
202.710204082,0.955495,1.51169,0.0810845,1.234,0.0819064,1.16601,0.0597212,0.0500609,2.83658,0,0.00185423,0.160589
202.756643991,0.912766,1.42899,0.0621887,1.22274,0.0285775,1.05652,0.061659,0.227547,2.2568,0,0.0105174,0.22616
202.803083900,0.870004,1.29972,0.00650317,1.402,0.136497,1.00092,0.14743,0.536096,2.06099,0,0.00138841,0.150936
202.849523810,1.17427,1.32064,0.0338119,1.64162,0.0189522,0.683808,0.155623,0.574453,2.00689,0.218787,0.179057,0.179624
202.895963719,1.2616,1.55424,0.0910873,1.66636,0.016957,0.43458,0.0716243,0.318247,2.60947,0.190723,0.0197987,0.406393
202.942403628,1.11145,1.69465,0.0776734,1.75587,0.0181166,0.690771,0.0239569,0.0152248,3.16364,0,0.00353851,0.424676
202.988843537,1.03183,1.61497,0.00220896,1.83493,0.016144,0.830744,0.0260707,0.0211802,3.33701,0,0.00384883,0.457807
203.035283447,0.975605,1.56644,0.00395599,1.92718,0.0331361,0.870829,0.0126603,0.0196899,3.24942,0.0286815,0.00310952,0.416624
203.081723356,1.09274,1.63332,0.00457791,1.81671,0.052636,0.878989,0.0206923,0.0303657,3.22071,0.0326904,0.00157266,0.236515
203.128163265,1.35051,1.7669,0.005124,1.78423,0.131359,0.78433,0.0247595,0.0484632,3.02889,0.0114332,0.000798851,0.000333132
203.174603175,1.63461,1.72553,0.00531148,2.00736,0.179226,0.608062,0.0284996,0.071677,2.76308,0.0987875,0.000667488,0.103948
203.221043084,2.08983,1.21717,0.00648363,1.91415,0.0620597,0.870956,0.0313099,0.0800423,2.73633,0.126099,0.0384498,0.167293
203.267482993,2.04459,0.623217,0.159371,1.53068,0.0552697,1.19574,0.029095,0.0401182,3.25247,0,0.00146803,0.263361
203.313922902,1.83858,0.481729,0.00389514,1.23253,0.0402027,1.5756,0.0162572,0.000923105,3.28917,0,0.00208413,0.195961
203.360362812,1.48755,0.540645,0.0449074,1.14652,0.0112128,1.66496,0.00722208,0.000199324,2.35117,0.174095,0.00255103,0.133419
203.406802721,1.14924,0.808887,0.189074,1.20678,0,1.45004,0,0.00836983,1.7212,0.280313,0.0026746,0.639149
203.453242630,0.721029,1.58113,0.254838,1.53002,0.0420456,1.29599,0.00646518,0.0116087,2.33072,6.24237e-05,0.00276028,0.846301
203.499682540,0.815958,1.78761,0.139489,1.61484,0.0195064,1.06092,0,0,2.92664,0.000328098,0.0414397,0.600539
203.546122449,0.8223,1.78672,0.0860017,1.66696,0.0097323,0.957775,0.0064882,0,3.13327,0.0555871,0.130606,0.379645
203.592562358,0.919687,1.70331,0.0305712,1.57714,0,0.848736,0,0.0027232,3.1671,0.122693,0.126715,0.263358
203.639002268,0.982605,1.79113,0.0282759,1.53812,0,0.872878,0.00383903,0.0307895,3.00297,0.119549,0.0631506,0.447231
203.685442177,0.290741,1.6326,0.00813229,1.22899,0.0540075,0.715704,0.0196496,0.278331,2.73755,0.0465898,0,0.912526
203.731882086,0.30325,1.09787,0,1.02607,0.0516835,0.560277,0.237555,0.699645,1.71399,0.07303,0,0.889936
203.778321995,0.125404,1.1495,0.0534265,0.98498,0.0610931,0.413181,0.507918,0.686324,0.917303,0.209929,0.157391,0.677275
203.824761905,0.107446,1.8645,0.135959,0.756116,0.0619506,0.0349223,1.15305,0.619565,0.965142,0.305221,0.360018,0.34074
203.871201814,0.139014,2.23231,0.345414,1.05634,0.0300806,0.430159,1.34136,0.390526,1.08218,0.568851,0.435749,0.0988889
203.917641723,0.179548,1.28145,0.195466,1.3309,0.24349,0.818163,1.03353,0.0325644,0.893947,0.804327,0.0561769,0.908668
203.964081633,0.197903,1.21876,0.193413,1.22177,0.388825,0.769387,0.935675,0.0899025,0.766715,0.43265,0.0458287,1.20304
204.010521542,0.154285,2.4464,0.294139,1.08379,0.567926,0.471186,1.02189,0.114202,0.752485,0.0870887,0.0727415,0.999012
204.056961451,0.0648216,3.70814,0.168484,0.773486,0.446026,0.162719,0.573394,0.913918,0.623079,0.0893699,0.295808,0.217231
204.103401361,0.348372,3.39829,0.0584317,0.927083,0.399112,0.157633,0.422332,1.1269,0.25236,0.216414,0.282478,0.226703
204.149841270,0.488341,2.71606,0,0.801583,0.191895,0.104374,0.484719,0.869549,0.409535,0.275502,0.433742,0.380446
204.196281179,0.0938454,2.67753,0,0.446085,0.333424,0.0959677,0.582475,0.811351,0.352717,0.311189,0.406319,0.291601
204.242721088,0.00069828,2.43798,0,0.15257,0.206019,0.261769,0.840374,0.97085,0.473703,0.423844,1.1431,0.1345
204.289160998,0.000568008,1.8935,0.11856,0.246086,0.734434,0.074552,0.48682,0.734757,0.679218,0.384714,2.03857,0.159522
204.335600907,0.000348709,1.63481,0.346988,0.361099,0.839877,0.0916141,0.312427,0.666599,0.767533,0.195027,2.01256,0.454499
204.382040816,0.0196282,2.81426,0.524584,0.307379,0.833219,0.0279106,0.446831,0.416983,0.699606,0.0705174,1.6783,0.236778
204.428480726,0.153358,3.62912,0.606922,0.182943,0.443709,0.161536,0.175081,0.294852,1.14901,0.23945,1.33388,0.100387
204.474920635,0.0698112,3.55388,0.944392,0.236532,0.0188656,0.971708,0,0.572426,2.31753,0.189929,0.133989,0.366459
204.521360544,0.342411,3.1176,0.954669,0.384849,0.0107408,1.46637,0.00186773,0.573727,2.5337,0.148633,0.132706,0.477364
204.567800454,0.916546,2.83668,0.522956,0.57494,0,1.4809,0.000755132,0.432055,2.62576,0.123652,0.0672579,0.357147
204.614240363,1.24519,2.60412,0.0157228,1.37326,0,1.20207,0.0215314,0.123062,2.89053,0.0582744,0,0.0737647
204.660680272,0.967063,2.46329,0.0013827,1.52236,0,1.25618,0.0358135,0.1334,3.16883,0.00293797,0,0.388704
204.707120181,0.685155,2.57131,0.00598342,1.57551,0.0569166,1.5303,0.0520019,0.134349,3.15673,0,0,0.608728
204.753560091,0.73053,2.73126,0.0291377,1.5306,0.0328128,1.58421,0.054164,0.0770883,3.04129,0,0,0.673336
204.800000000,0.796126,2.96758,0.0269108,1.51557,0.0273593,1.46303,0,0.0478714,3.0543,0,0.0705943,0.586248
204.846439909,0.881282,2.91753,0.0427573,1.6937,0.0218328,1.1014,0,0.048809,3.14685,0.0517886,0.155872,0.473623
204.892879819,0.750065,2.7679,0,1.53639,0.00255978,1.16386,0,0.0479698,3.20216,0.162332,0.141342,0.492446
204.939319728,0.609933,2.78019,0,1.2565,0,1.50648,0.00175249,0.0697181,3.13893,0.0771997,0.147804,0.419022
204.985759637,0.305747,2.92912,0.000245981,1.29617,0.0901473,1.57097,0.00447638,0.24194,2.96161,0,0.113144,0.291607
205.032199546,0.302331,2.88013,0.0382755,1.62402,0,1.37413,0,0.124699,2.99557,0,0.122051,0.376147
205.078639456,0.336481,2.77612,0,1.82938,0.00391486,1.26104,0.00192395,0.00240411,2.9805,0,0.119801,0.472069
205.125079365,0.191989,2.49226,0,1.8863,0.0812595,1.15809,0.128688,0.00434524,2.90917,0.0503768,0.0606022,0.480533
205.171519274,0.150855,2.02678,0.269645,1.24001,0.521407,1.17791,0.0257323,0.0643294,2.63061,0.0817039,0.363878,0.706152
205.217959184,0.18645,1.3817,0.389539,0.4319,0.646226,1.25451,0.0889081,0.197853,2.26646,0.482553,0.55541,0.449634
205.264399093,0.469564,0.521398,0.370432,0.231776,0.502136,1.18788,0.498767,0.354691,2.33988,0.578454,0.543955,0.465776
205.310839002,0.745898,0.91567,0.266805,0.306883,0.367087,1.20374,0.617463,0.218653,2.55013,0.407059,0.447681,0.586717
205.357278912,0.465775,2.12274,0.119921,1.22315,0.213639,1.29199,0.31287,0.00202845,2.67268,0,0.230232,0.598534
205.403718821,0.183874,2.4015,0.106628,1.85752,0.0269119,0.894991,0.220616,0.0233172,2.78051,0.273382,0.139485,0.30514
205.450158730,0.47019,2.13621,0.520138,2.23469,0.0367864,0.507799,0.169067,0.0428453,3.10422,0.0861046,0.0964492,0.305107
205.496598639,0.819347,1.77066,0.0871135,2.24724,0.0546882,0.872118,0.37197,0.0750675,3.20377,0.0531231,0.00998784,0.0964252
205.543038549,1.51587,1.52161,0.000160602,2.19024,0.00750759,0.927743,0.404169,0.0666143,3.16737,0.0318221,0,0.0651086
205.589478458,1.54427,1.43994,0,2.1534,0,0.979944,0.362017,0.0703784,3.18405,0,0,0.0478102
205.635918367,1.37401,1.42836,0.0119748,1.91561,0.0102301,1.17092,0.271845,0.0773714,3.17971,0.0968441,0,0.00262284
205.682358277,1.18336,1.39526,0.0226831,1.35419,0.0824252,1.35875,0.139522,0.054143,3.16839,0.0161692,0,0.102382
205.728798186,1.35208,1.34268,0.0201703,0.819553,0.100713,1.37784,0.202489,0.0101685,2.90161,0.0249649,0.0231826,0.442638
205.775238095,1.4872,1.18295,0.0622687,0.540004,0.0741343,1.23791,0.290183,0.0210067,2.84194,0.0138472,0.180495,0.893691
205.821678005,1.53906,1.23785,0.128067,0.569995,0,0.914773,0.340321,0.0490887,2.8412,0,0.262048,1.04931
205.868117914,1.19262,1.33702,0.0754552,0.889317,0.00324746,1.14854,0.225934,0.15287,2.95225,0,0,1.1654
205.914557823,0.22244,1.16366,0.036218,1.70602,0.00823315,1.40276,0.0713925,0.0102641,2.91516,0.416942,0,1.20991
205.960997732,0.00014253,1.03186,0.00270974,2.14993,0.0818528,1.45474,0.00465562,0.195641,2.38777,0.788086,0.0278177,0.958988
206.007437642,0.0215145,1.09383,0.00335335,2.18124,0.0260348,1.2149,0,0.340872,1.77584,0.875249,0,0.561469
206.053877551,0.124507,1.17019,0.00333142,2.28885,0.0397714,0.98147,0.00736792,0.507694,1.66494,0.83597,0.0189412,0.409545
206.100317460,0.526404,1.42736,0.101404,2.38749,0.110852,0.89133,0.693007,0.371167,1.79415,0.216704,0.489255,0.260818
206.146757370,0.642241,1.12568,0.00530786,2.25944,0.0791541,0.774469,1.48537,0.0213895,1.7395,0.0816372,0.577822,0.653947
206.193197279,0.92628,0.826205,0.00566329,1.97453,0.052221,0.881846,2.18124,0,1.82978,0.0654129,0.288498,0.919592
206.239637188,1.38372,0.913026,0.00489406,1.44202,0.010991,0.928284,2.38819,0,1.90646,0.00253576,0.11192,0.842412
206.286077098,1.5987,0.729057,0.00478794,0.877149,0.43076,1.38938,1.91931,0.00152816,1.92472,0.00473097,0.166316,0.472701
206.332517007,1.70474,0.410835,0.0231963,0.291339,0.885047,1.60706,0.57647,0.0092237,1.5415,0.333198,0,0.462805
206.378956916,1.35158,0.6584,0.0540851,0.315369,0.794498,1.37238,0.103202,0.0581689,1.43415,0.712355,0,0.677489
206.425396825,0.463468,1.48542,0.0840528,0.269653,1.25049,1.20725,0.0260628,0.0995504,1.81372,0.455221,0,1.22555
206.471836735,0.320797,1.96659,0.184529,0.58465,2.30712,1.03988,0.0262786,0.00352142,1.96686,0.0308705,0.159193,1.38531
206.518276644,0.403742,2.08168,0.195991,0.751971,2.85902,0.973395,0.0242511,0.00836918,2.04541,0.0633797,0.204508,1.13769
206.564716553,0.467826,2.15243,0.0685615,0.475552,2.58418,1.21226,0.00283682,0.0331169,2.09619,0.144791,0.196352,1.07479
206.611156463,0.22715,2.15346,0.062464,0.488529,1.60523,1.54771,0.0984806,0.0641098,2.0589,0.131463,0.109192,1.38125
206.657596372,0.0460047,2.15786,0.0424847,0.570462,0.886657,1.08329,1.26583,0.329603,1.33054,0.0297661,0.451703,0.981621
206.704036281,0.0279868,1.93714,0.00263875,0.437331,0.159328,0.787637,1.80026,0.550746,0.679034,0.0970946,0.753103,0.964877
206.750476190,0.0348455,2.05582,0,0.138112,0.157699,0.580982,1.80455,0.372516,0.507398,0.260836,1.02791,0.868093
206.796916100,0.0637508,2.67705,0,0,0.132994,0.240573,1.86678,0.413028,0.293917,0.497344,1.22655,0.521709
206.843356009,0.109814,2.90227,0.00444209,0.509591,0.148745,0.132832,1.79529,0.43935,0.515751,0.318937,0.679369,0.225279
206.889795918,0.217692,2.48678,0.0590181,0.453046,0.255,0.0580298,1.88732,0.00085634,1.05157,0.133311,0.655036,0.331226
206.936235828,0.181591,2.83754,0.0944595,0.483905,0.272273,0.225196,1.70375,0.0393791,1.16055,0.0488924,0.461482,0.314091
206.982675737,0.243436,3.50927,0.112221,0.371472,0.193963,0.14044,1.78885,0.123959,0.679059,0.154352,0.37017,0.269056
207.029115646,0.633546,3.26804,0.0957525,0.496607,0.413007,0.0306114,1.71027,0.610174,0.484514,1.0796,0.399383,0.059867
207.075555556,0.72286,2.54246,0.199788,0.583003,0.267292,0.038221,1.49174,1.13994,0.21097,1.2474,0.280604,0.3618
207.121995465,0.531607,1.85357,0.264644,0.531321,0.181043,0.0425056,1.51892,1.07611,0.360502,1.03021,0.11886,0.451352
207.168435374,0.176755,1.86226,0.346202,0.363889,0.119283,0.223666,1.45351,0.364791,0.778067,0.652489,0.188434,0.295264
207.214875283,0.0208906,1.81796,0.209482,0.357485,0.00830468,0.151431,1.37653,0.209804,0.933368,1.32051,0.31608,0.0642427
207.261315193,0.0783505,1.32862,0.55551,0.410858,0.248772,0.0430022,1.12959,0.297438,0.170562,1.33235,0.834673,0.144805
207.307755102,0.172913,0.764706,0.827304,0.356951,0.398732,0.0403501,0.952812,0.24454,0.345808,1.13309,0.972581,0.193235
207.354195011,0.24489,1.46328,1.17781,0.296887,0.279245,0.163906,0.835497,0.122292,0.529908,0.976677,0.686178,0.215683
207.400634921,0.377905,1.86854,0.955437,0.333013,0.229112,0.262257,0.462316,0.00563949,1.64322,0.266612,0.18227,0.23589
207.447074830,0.711154,1.87761,0.616498,0.534262,0.204852,0.697215,0.305412,0.0817652,2.03333,0.112525,0.125836,0.218678
207.493514739,0.966333,1.88524,0.588871,0.491163,0.183565,1.37,0.303186,0.0294612,2.47903,0.130057,0.0964381,0.482308
207.539954649,1.32367,2.08284,0.340748,0.887917,0.0493811,1.53977,0.10281,0.0480845,2.70436,0.103399,0.0297701,0.898634
207.586394558,1.34171,1.5995,0,1.4942,0,1.44401,0.0243241,0.0782235,3.15383,0.0556948,0,0.929047
207.632834467,1.0199,1.49408,0.0192219,1.6672,0.00554629,1.42233,0.0369089,0.0761016,3.32818,0.0180886,0.00104373,0.771005
207.679274376,0.832043,1.64717,0.0462488,1.8686,0.0148425,1.33804,0.0532782,0.0671785,3.39203,0.0687085,0.00241732,0.727816
207.725714286,0.760309,2.06345,0.0487779,1.99511,0.0175056,1.17173,0.0360629,0.00715302,3.11079,0,0.00286013,0.841734
207.772154195,0.631794,2.46196,0.0899525,1.79288,0.0161515,1.18305,0,0.015677,3.11235,0,0.0288988,0.82641
207.818594104,0.665915,2.4017,0.0140253,1.65169,0.0231787,1.06063,0,0.014246,3.23373,0.0252981,0.0918279,0.676008
207.865034014,0.596888,2.27073,0.0105949,1.40292,0.072282,1.31736,0,0.0208215,3.33597,0.0601157,0.0799511,0.679122
207.911473923,0.489541,2.29473,0.00157072,1.13195,0.0305274,1.46405,0.0136484,0.0636896,3.25171,0.0405771,0.101373,0.639472
207.957913832,0.532347,2.26748,0.000546228,1.39659,0.0902278,1.13792,0.0139938,0.080124,3.29083,0.0574906,0.0809609,0.614526
208.004353741,0.414825,2.22407,8.7889e-05,1.74842,0.00102646,0.489409,0.00485966,0.0110553,3.44037,0,0.117607,0.794987
208.050793651,0.103458,2.15372,0.00416982,1.90456,0.00795596,0.360033,0.00845832,0.00995983,3.40278,0,0.093675,0.956313
208.097233560,0.0014818,1.95708,0.15328,1.98547,0.0314211,0.645231,0.0110593,0.0156064,3.29345,0.0561911,0.0759508,1.31382
208.143673469,0.23398,1.36258,0.123641,1.62584,0.0804017,0.936174,0.0424593,0.0788439,3.38298,0.0257673,0.253823,1.11297
208.190113379,0.604416,1.32156,0.232679,1.22903,0.129276,0.88801,0.246246,0.0901477,3.18663,0.130861,0.632974,0.388578
208.236553288,0.988766,1.32333,0.00616431,1.16388,0.180291,0.969835,0.297348,0.069658,3.23807,0.117056,0.604859,0.052982
208.282993197,0.963866,1.39484,0.0497566,1.19439,0.113588,1.21015,0.370241,0.0140903,3.11618,2.75787e-05,0.0916325,0.0368871
208.329433107,0.806129,1.60257,0.00525073,1.3924,0.0365302,1.31255,0,0,3.07089,0,0.034193,0.315933
208.375873016,0.613451,1.36648,0.0578475,1.86232,0.0548569,1.10277,0,0,3.22394,0.0848804,0.0510286,0.613062
208.422312925,0.573028,1.10441,0.0538608,2.25286,0.067331,0.846693,0.0698997,0.00999202,3.30425,0.0897575,0.0294027,0.507635
208.468752834,0.830992,1.09441,0.00825603,2.42576,0.03119,0.852306,0.209708,0.0467515,3.22726,0.0593974,0.00158585,0.168741
208.515192744,1.19526,1.04003,0,2.43297,0,0.831163,0.0305792,0.0599235,3.29623,0.0308683,0.000243787,0.000448594
208.561632653,1.50508,1.10872,0,2.24584,0,0.86352,0.0416619,0.0695042,3.22866,0.0846377,0,0.197716
208.608072562,1.61335,1.29627,0.0593927,1.81552,0.0296408,0.810316,0.0564485,0.0616679,3.11463,0.0651115,0,0.320484
208.654512472,1.4584,1.50153,0.0617893,1.11827,0.0742786,0.888845,0.0556717,0.0368683,3.11428,0,0,0.255805
208.700952381,1.46106,1.55212,0.0685622,0.893061,0.484573,0.906082,0.0962,0.000482602,2.89115,0.0117665,0.044411,0.000411239
208.747392290,1.6213,1.44754,0.209437,1.05162,0.579137,0.644491,0.122845,0.00298292,2.55903,0.0916884,0.531142,0.037356
208.793832200,1.26797,1.63669,0.159678,1.11343,0.479846,0.884,0.1091,0.0298076,2.30359,0.0493042,0.544117,0.259394
208.840272109,0.8667,1.56346,0.119603,1.42812,0.105639,1.26764,0.0139638,0.0582804,2.3645,0,0.453248,0.717946
208.886712018,0.72849,1.48181,0.00641577,1.75091,0.0265785,1.35721,0.00670023,0.0254089,2.66248,0,0.0819141,0.983084
208.933151927,0.895516,1.4128,0.00402878,1.94503,0.0822144,1.34811,0,0.0261809,2.91714,0,0,0.889932
208.979591837,1.0306,1.49176,0.00358518,2.00641,0.0144627,1.38849,0,0.00684102,3.08286,0,0,0.501163
209.026031746,0.931586,1.61218,0.00455621,2.12273,0.028286,1.08436,0.00437524,0.0123977,3.20692,0,0.000699413,0.636227
209.072471655,0.658664,1.41716,0.00541909,2.35351,0.027448,0.801898,0.00836266,0.0202185,3.15638,0,0.00208771,0.886754
209.118911565,0.670607,1.14564,0.0054831,2.32464,0.0218152,0.693692,0.0123907,0.0510107,3.03565,0,0.00258717,0.903701
209.165351474,1.18778,0.919354,0.0534474,2.05524,0,0.602647,0.0392572,0.0549605,2.92436,0,0.0185736,0.981181
209.211791383,1.54488,0.677458,0.0777282,1.68741,0,1.02704,0.0448646,0.0262782,2.88972,0,0.230087,1.04118
209.258231293,1.53892,0.791242,0.0872425,1.28366,0.018259,1.88052,0.0429734,0.0146319,2.77384,0,0.274437,0.590621
209.304671202,1.53588,0.621168,0.118536,1.17482,0.254686,1.79253,0.0121594,0.0169451,3.00749,0.0277695,0.0017203,0.502203
209.351111111,1.09769,0.810198,0.180675,1.40759,0.334148,1.44876,0,0.0272655,3.02844,0.174382,0.00104572,0.973076
209.397551020,0.713628,1.6911,0.043968,1.40736,0.283481,1.39527,0.00130858,0.027359,3.14605,0.111678,9.00879e-05,0.863245
209.443990930,0.693939,1.92406,0.0933355,1.39418,0.0685063,1.47201,0,0.01296,3.11883,0.000213562,0,0.705826
209.490430839,0.815878,2.03121,0.308342,1.29246,0.0579856,1.24206,0.166847,0.0126663,2.8559,0.0572153,0.0419285,0.360247
209.536870748,1.04989,1.86533,0.229265,1.17767,0.0277372,0.907109,0.26462,0.0360969,3.01093,0.0934745,0.0266235,0.61133
209.583310658,0.979713,1.70291,0.147489,1.3598,0.0420115,0.776173,0.0167457,0.0642111,3.02983,0.0559405,0.00322282,0.642655
209.629750567,0.330362,1.17533,0.156063,1.26422,0.0870227,0.562621,0.257059,0.238084,2.81946,0.0563343,0.00312664,0.615304
209.676190476,0.41955,0.767774,0.185208,1.17486,0.0911297,0.338501,0.605303,0.15038,2.56618,0.348762,0.169157,0.638425
209.722630385,0.563706,1.04293,0.331202,1.08957,0.0638869,0.00668172,0.968931,0.0884357,2.37103,0.366253,0.263798,0.61853
209.769070295,0.560548,1.47724,0.383693,1.2845,0.00781765,0.0188006,1.29688,0.0651288,2.20694,0.207976,0.115754,0.47434
209.815510204,0.528111,1.46299,0.73385,1.52861,0.00425016,0.30278,1.14899,0.0273773,2.09413,0.230606,0.00837891,0.109422
209.861950113,0.417026,1.13292,0.875732,1.40902,0.0283537,0.446285,1.03035,0.0380352,1.99002,0.204217,0.00243836,0.557815
209.908390023,0.490522,1.63658,0.572512,1.36211,0.0620264,0.316067,0.942499,0.209343,1.81281,0.250855,0.00135601,0.515552
209.954829932,0.538076,2.15919,0.193051,1.31218,0.311245,0.205102,1.08979,0.0757525,1.54925,0.247475,0.00731416,0.4333
210.001269841,0.48943,1.97048,0.0237878,1.11555,0.772533,0.184672,0.682764,0.290226,1.45488,0.233587,0.00225928,0.0555498
210.047709751,0.428448,1.66279,0.0218169,1.10247,0.709658,0.307541,0.372828,0.522739,1.45767,0.251294,0.000823831,0.176487
210.094149660,0.452516,1.60369,0.102821,1.14807,0.687246,0.255613,0.609475,0.471132,1.4638,0.248335,0,0.247708
210.140589569,0.48816,1.61273,0.115189,1.2299,0.564013,0.0527563,0.926956,0.624344,1.37257,0.194028,0.0613937,0.0576135
210.187029478,0.452079,1.77862,0.30357,1.10549,0.472248,0.0559051,0.536358,0.713596,1.16156,0.290812,0.190615,0.0632147
210.233469388,0.443976,1.97622,0.574813,1.00821,0.841667,0.0522611,0.155151,0.707671,1.34377,0.0701752,0.758646,0.421435
210.279909297,0.354926,1.48845,0.688006,0.944603,0.919623,0.0502971,0.389236,0.629292,1.66538,0.0137257,0.822367,0.531258
210.326349206,0.298089,2.29771,0.693835,0.854837,0.798007,0.206194,0.593499,0.33206,1.51611,0.0186244,0.646379,0.202687
210.372789116,0.568514,2.34958,0.417877,0.824767,0.0168151,0.375387,0.481884,0.457587,1.71538,0.0957817,0.179764,0.142595
210.419229025,0.514987,2.20241,0.42711,0.743312,0.00466148,0.958577,0.324349,0.359166,2.31671,0.216733,0.15581,0.180019
210.465668934,0.647211,2.35595,0.188549,0.755704,0.00526619,1.45401,0.184135,0.417379,2.34226,0.153802,0.100944,0.240926
210.512108844,0.775486,2.6752,0.128007,0.847382,0.00169367,1.56291,0.0165899,0.123182,2.72712,0.0603076,0.0317311,0.419391
210.558548753,0.58943,2.63193,0.0101591,1.25869,0.00148836,1.54087,0.0298388,0.125989,3.12352,0.0120579,0,0.398233
210.604988662,0.382877,2.62523,0.00942408,1.42567,0.00660883,1.55234,0.0405895,0.125494,3.27677,0,0,0.318655
210.651428571,0.496919,2.598,0.0060525,1.4425,0.0166317,1.56179,0.0565801,0.0974482,3.48406,0,0,0.263431
210.697868481,0.75007,2.75305,0.00118809,1.50739,0.0290692,1.40828,0.0196956,0.023866,3.35149,0,0,0.205936
210.744308390,0.871252,2.87261,0.00326944,1.63239,0.0223022,1.13996,0,0.0194923,3.29351,0.027117,0.101445,0.00015603
210.790748299,0.986089,2.80733,0,1.7293,0.0161549,0.957823,0,0.0184117,3.11803,0.105618,0.112867,0.00018283
210.837188209,0.958482,2.70275,0,1.67302,0.00457078,1.36141,0,0.0555727,2.77507,0.11665,0.0464091,0.0345276
210.883628118,0.542714,2.94013,0,1.24741,0.00410848,1.69491,0.0069635,0.326236,2.63378,0.0141454,0.0555268,0.0999449
210.930068027,0.391023,2.92021,0,1.41946,0.00647641,1.40278,0.00537188,0.391787,2.78781,0,0.213633,0.184008
210.976507937,0.492934,2.63171,0.00741373,1.82481,0.0151953,1.00455,0.000919987,0.274161,3.01987,0,0.266674,0.252437
211.022947846,0.265693,2.50284,0.00620869,1.90761,0.0170157,1.2437,0.00347946,0.104163,3.17359,0.00513652,0.184668,0.23464
211.069387755,0.182566,2.4121,0,1.40072,0.0547283,1.48253,0,0.0133628,3.27641,0.0110054,0.0909824,0.66467
211.115827664,0.15911,2.16218,0,0.91304,0.0783604,1.54739,0.0567197,0.0763155,2.82946,0.0522424,0.715518,0.766965
211.162267574,0.190806,1.7458,0.0356766,0.810552,0.0767335,1.3293,0.651908,0.0791872,2.23745,0.327688,0.781291,0.66623
211.208707483,0.4606,1.46784,0.155626,0.913952,0.0866292,0.979078,0.925364,0.0619907,2.26025,0.219006,0.569301,0.60674
211.255147392,0.799576,1.73916,0.227116,1.22298,0.0202221,1.03603,0.54364,0,2.58317,0,0.271137,0.701305
211.301587302,0.649576,1.89513,0.0460228,1.72297,0.0322264,1.12293,0.406124,0.0528165,2.8401,0,0.150526,0.617114
211.348027211,0.545217,1.3897,0.0376249,2.12979,0.0576189,1.02502,0.335141,0.0125835,3.20277,0.0803653,0.158719,0.59927
211.394467120,0.594757,1.28682,0.0523911,2.34971,0.0795478,1.08269,0.277215,0.0183398,3.23439,0.0987665,0.0568046,0.474673
211.440907029,1.19477,1.39497,0,2.32616,0.043929,1.24862,0.396962,0.0580301,3.15958,0.0640133,0,0.39974
211.487346939,1.46924,1.3871,0,2.17832,0,1.21905,0.428384,0.0685881,3.11425,0.0298219,0,0.32318
211.533786848,1.45397,1.44851,0,2.0406,0,1.05599,0.30169,0.0715463,3.15734,0.148617,0,0.0858186
211.580226757,1.1942,1.62171,0.0535458,1.53744,0.0184792,1.22862,0.141097,0.0661257,3.24802,0.23012,0,0.0352628
211.626666667,1.21596,2.00057,0.291847,1.36366,0.10793,1.27879,0.0761182,0.0208306,3.1357,0,0,0.000226964
211.673106576,1.27774,2.06403,0.267736,1.56663,0.0737977,1.18694,0.260001,0.00865884,2.81145,0.23156,0,0.0970629
211.719546485,1.37721,1.67101,0.143455,1.68348,0.0178787,0.856247,0.606749,0.131398,2.3931,0.492871,0.377443,0.593707
211.765986395,1.33998,1.47839,0.217627,1.96611,0.00513303,0.77875,1.04362,0.0490946,2.05509,0.596332,0.369482,0.753124
211.812426304,1.22819,1.51973,0.100524,2.22331,0.00822163,0.991429,0.669828,0.0120906,2.63861,0.109751,0.127762,0.879281
211.858866213,1.01773,1.53457,0.00589511,2.13048,0.00325786,1.28243,0.129504,0.0298364,3.05897,0,0,0.692984
211.905306122,0.89658,1.47265,0.00567996,2.12723,0.0100866,1.29615,0.00013167,0.0331962,3.16461,0,0,0.432667
211.951746032,1.03834,1.72524,0.00405952,1.93357,0.0757269,1.23181,0,0.0263447,3.07568,0.014655,0.0438607,0.206956
211.998185941,1.14943,2.02674,0.0200374,1.67585,0.118265,1.24484,0,0.0557536,3.08303,0.0506856,0,0.125437
212.044625850,1.43553,1.76576,0.0759757,1.76389,0.110478,0.802594,0,0.0596991,3.30401,0.307119,0,0.0654853
212.091065760,1.90543,1.2158,0.181794,1.85083,0.0569117,0.680378,0.161529,0.01087,3.47353,0.136786,0.00431396,0.052815
212.137505669,2.00937,0.848468,0.37678,1.63048,0.0249139,1.0281,0.184669,0.0225618,3.5239,0.123478,0.00614863,0.0382877
212.183945578,1.89895,0.73351,0.254226,1.13895,0.294008,1.13975,0.0849095,0.0814227,3.62548,0.116285,0.00819602,0.475971
212.230385488,1.99131,0.196152,0.192501,1.08298,0.463589,1.12602,0.155352,0.14252,3.2167,0.358586,0.0301004,0.722674
212.276825397,1.72012,0.258406,0.372964,1.44905,0.447428,1.18267,0.306842,0.158143,2.64526,0.415425,0.401377,0.694939
212.323265306,1.06142,0.986687,0.345562,1.5103,0.386207,1.37351,0.162866,0.11691,2.53799,0.257757,0.60201,0.844109
212.369705215,0.716082,2.38453,0.0722909,1.43876,0.358082,1.48173,0.0612699,0.0503266,2.66127,0.0842731,0.631952,0.928996
212.416145125,1.09996,2.92212,0.0121743,0.793867,0.18925,1.65183,0.0479649,0.0243642,2.52124,0.037387,0.543143,0.659547
212.462585034,1.26386,2.90901,0.0214732,0.56754,0.121552,1.35102,0.106702,0.0268623,2.38006,0.0252111,0.441728,0.383774
212.509024943,1.29467,2.82381,0.0192715,0.666387,0.0859135,0.985858,0.211568,0.045036,2.37525,0,0.18368,0.103814
212.555464853,1.1365,2.61953,0.00911225,1.27034,0.117381,0.817759,0.162159,0.0346613,2.31405,0.0225991,0,0.0375122
212.601904762,0.721931,2.37364,0.0099016,1.70847,0.235411,0.742568,0,0.0922175,2.05082,0.059636,0,0.474092
212.648344671,0.715026,2.01372,0.0647263,1.9429,0.230177,0.743004,0,0.376224,1.68124,0.218339,0,0.590369
212.694784580,0.808024,1.73273,0.129448,2.02183,0.0744404,0.673372,0,0.736931,1.25531,0.405309,0,0.659092
212.741224490,0.738892,1.56799,0.535286,1.76402,0.0549146,0.204639,0,0.867502,1.3638,0.551943,0,0.754444
212.787664399,0.194257,1.96321,0.880361,0.751508,0.160345,0.0748432,0.287357,0.712092,2.33497,0.613007,0,0.509488
212.834104308,0.450178,1.94774,0.739269,0.168853,0.14004,0.114781,0.565961,0.81124,1.9777,0.883554,0.0656353,0.135292
212.880544218,0.337993,1.45088,0.675974,0.107454,0.022556,0.00969694,0.740663,1.24939,1.47972,1.34372,0,0.0720737
212.926984127,0.311842,1.47889,0.582775,0.0939817,0.0152726,0.479107,0.461083,1.09836,1.11929,1.08231,0,0.340836
212.973424036,0.000325311,2.10971,0.400314,0.240588,0.0605184,0.951647,0.136494,0.914209,0.667645,1.08833,0.0469986,0.724205
213.019863946,0.0744803,2.29882,0.394274,0.281145,0.237166,0.730373,0.0605133,0.399649,0.199804,1.06336,0.150972,0.689708
213.066303855,0.145914,2.19669,0.303146,0.576078,0.448984,0.187111,0.337763,0.477613,0.331546,1.16167,0.429847,0.594707
213.112743764,0.104467,1.85532,0.331857,0.776867,0.0723109,0.330409,0.783053,0.568063,0.342692,1.30089,0.612497,0.592742
213.159183673,0.243348,1.38567,0.331908,0.798685,0.0222341,0.433941,1.08,0.475998,0.260445,1.73127,0.404423,0.578626
213.205623583,0,0,0,0,0,0,0,0,0,0,0,0
213.252063492,0,0,0,0,0,0,0,0,0,0,0,0
213.298503401,0,0,0,0,0,0,0,0,0,0,0,0
213.344943311,0,0,0,0,0,0,0,0,0,0,0,0
213.391383220,0,0,0,0,0,0,0,0,0,0,0,0
213.437823129,0,0,0,0,0,0,0,0,0,0,0,0
213.484263039,0,0,0,0,0,0,0,0,0,0,0,0
213.530702948,0,0,0,0,0,0,0,0,0,0,0,0
213.577142857,0,0,0,0,0,0,0,0,0,0,0,0
213.623582766,0,0,0,0,0,0,0,0,0,0,0,0
213.670022676,0,0,0,0,0,0,0,0,0,0,0,0
213.716462585,0,0,0,0,0,0,0,0,0,0,0,0
213.762902494,0,0,0,0,0,0,0,0,0,0,0,0
213.809342404,0,0,0,0,0,0,0,0,0,0,0,0
213.855782313,0,0,0,0,0,0,0,0,0,0,0,0
213.902222222,0,0,0,0,0,0,0,0,0,0,0,0
213.948662132,0,0,0,0,0,0,0,0,0,0,0,0
213.995102041,0,0,0,0,0,0,0,0,0,0,0,0
214.041541950,0,0,0,0,0,0,0,0,0,0,0,0
214.087981859,0,0,0,0,0,0,0,0,0,0,0,0